Workbook

Sheet PB_&_MAR 30
A1: Reference height MA15_11: | F1: 1649.478 | K1: Foto | L1: 434.3
A2: Pitch Blade 15 minutes + Marine Impeller 30 minutes | K2: realiteit | L2: 1500
A3: Tests 1, 2 and 3
E4: 8321051 | F4: =E4*1300/2076*10^(-4)-$L$1+$L$2 -> 1586.7677 | K4: 8168054 | L4: =K4*1300/2076*10^(-4)-$L$1+$L$2 -> 1577.187 | Q4: 7852682 | R4: =Q4*1300/2076*10^(-4)-$L$1+$L$2 -> 1557.4383 | W4: 8497852 | X4: =W4*1300/2076*10^(-4)-$L$1+$L$2 -> 1597.8391 | AC4: 7941049 | AD4: =AC4*1300/2076*10^(-4)-$L$1+$L$2 -> 1562.9719 | AI4: 8332298 | AJ4: =AI4*1300/2076*10^(-4)-$L$1+$L$2 -> 1587.472 | AO4: 8566222 | AP4: =AO4*1300/2076*10^(-4)-$L$1+$L$2 -> 1602.1205 | AU4: 8680720 | AV4: =AU4*1300/2076*10^(-4)-$L$1+$L$2 -> 1609.2904 | BA4: 8278075 | BB4: =BA4*1300/2076*10^(-4)-$L$1+$L$2 -> 1584.0766 | BG4: 8388458 | BH4: =BG4*1300/2076*10^(-4)-$L$1+$L$2 -> 1590.9888 | BM4: 8454047 | BN4: =BM4*1300/2076*10^(-4)-$L$1+$L$2 -> 1595.096 | BS4: 8411617 | BT4: =BS4*1300/2076*10^(-4)-$L$1+$L$2 -> 1592.439 | CK4: =AVERAGE(F4,L4,R4,X4,AD4,AJ4,AP4,AV4,BB4,BH4,BN4,BT4) -> 1586.9739 | CP4: =AVERAGE(F4,L4,R4) -> 1573.7977 | CT4: =AVERAGE(X4,AD4,AJ4) -> 1582.761 | CX4: =AVERAGE(AP4,AV4,BB4) -> 1598.4958 | DB4: =AVERAGE(BH4,BN4,BT4) -> 1592.8413
A6: Time | B6: Δ time | E6: PB_MAR 30-11 | K6: PB_MAR 30-12 | Q6: PB_MAR 30-13 | W6: PB_MAR 30-21 | AC6: PB_MAR 30-22 | AI6: PB_MAR 30-23 | AO6: PB_MAR 30-31 | AU6: PB_MAR 30-32 | BA6: PB_MAR 30-33 | BG6: PB_MAR 30-41 | BM6: PB_MAR 30-42 | BS6: PB_MAR 30-43 | CJ6: Over series
A7: [hours] | B7: [hours] | E7: [mm] | F7: [%] | G7: time [hrs] | H7: [%] | K7: [mm] | L7: [%] | M7: time [hrs] | N7: [%] | Q7: [mm] | R7: [%] | S7: time [hrs] | T7: [%] | W7: [mm] | X7: [%] | Y7: time [hrs] | Z7: [%] | AC7: [mm] | AD7: [%] | AE7: time [hrs] | AF7: [%] | AI7: [mm] | AJ7: [%] | AK7: time [hrs] | AL7: [%] | AO7: [mm] | AP7: [%] | AQ7: time [hrs] | AR7: [%] | AU7: [mm] | AV7: [%] | AW7: time [hrs] | AX7: [%] | BA7: [mm] | BB7: [%] | BC7: time [hrs] | BD7: [%] | BG7: [mm] | BH7: [%] | BI7: time [hrs] | BJ7: [%] | BM7: [mm] | BN7: [%] | BO7: time [hrs] | BP7: [%] | BS7: [mm] | BT7: [%] | BU7: time [hrs] | BV7: [%] | CI7: ave | CK7: stdev | CO7: Series 1 | CS7: Series 2 | CW7: Series 3 | DA7: Series 4
CN8: ave | CP8: stdev | CR8: ave | CT8: stdev | CV8: ave | CX8: stdev | CZ8: ave | DB8: stdev
A9: 0.25 | B9: 0.25 | D9: =$A9*F$4/$F$1 -> 0.24049544 | E9: -16.802124 | F9: =(F$4+E9)/F$4 -> 0.9894111 | G9: {=INDEX(D$9:D$400,MATCH(MIN(ABS($A9-D$9:D$400)),ABS($A9-D$9:D$400),0))} -> 0.24049544 | H9: =VLOOKUP(G9,D$9:F$400,3) -> 0.9894111 | J9: =$A9*L$4/$F$1 -> 0.23904336 | K9: -15.180381 | L9: =(L$4+K9)/L$4 -> 0.99037503 | M9: {=INDEX(J$9:J$400,MATCH(MIN(ABS($A9-J$9:J$400)),ABS($A9-J$9:J$400),0))} -> 0.23904336 | N9: =VLOOKUP(M9,J$9:L$400,3) -> 0.99037503 | P9: =$A9*R$4/$F$1 -> 0.23605018 | Q9: -14.27683 | R9: =(R$4+Q9)/R$4 -> 0.99083313 | S9: {=INDEX(P$9:P$400,MATCH(MIN(ABS($A9-P$9:P$400)),ABS($A9-P$9:P$400),0))} -> 0.23605018 | T9: =VLOOKUP(S9,P$9:R$400,3) -> 0.99083313 | V9: =$A9*X$4/$F$1 -> 0.24217345 | W9: -10.828637 | X9: =(X$4+W9)/X$4 -> 0.99322295 | Y9: {=INDEX(V$9:V$400,MATCH(MIN(ABS($A9-V$9:V$400)),ABS($A9-V$9:V$400),0))} -> 0.24217345 | Z9: =VLOOKUP(Y9,V$9:X$400,3) -> 0.99322295 | AB9: =$A9*AD$4/$F$1 -> 0.23688887 | AC9: -12.790597 | AD9: =(AD$4+AC9)/AD$4 -> 0.99181649 | AE9: {=INDEX(AB$9:AB$400,MATCH(MIN(ABS($A9-AB$9:AB$400)),ABS($A9-AB$9:AB$400),0))} -> 0.23688887 | AF9: =VLOOKUP(AE9,AB$9:AD$400,3) -> 0.99181649 | AH9: =$A9*AJ$4/$F$1 -> 0.24060219 | AI9: -10.989571 | AJ9: =(AJ$4+AI9)/AJ$4 -> 0.99307731 | AK9: {=INDEX(AH$9:AH$400,MATCH(MIN(ABS($A9-AH$9:AH$400)),ABS($A9-AH$9:AH$400),0))} -> 0.24060219 | AL9: =VLOOKUP(AK9,AH$9:AJ$400,3) -> 0.99307731 | AN9: =$A9*AP$4/$F$1 -> 0.24282235 | AO9: -13.910438 | AP9: =(AP$4+AO9)/AP$4 -> 0.99131748 | AQ9: {=INDEX(AN$9:AN$400,MATCH(MIN(ABS($A9-AN$9:AN$400)),ABS($A9-AN$9:AN$400),0))} -> 0.24282235 | AR9: =VLOOKUP(AQ9,AN$9:AP$400,3) -> 0.99131748 | AT9: =$A9*AV$4/$F$1 -> 0.24390904 | AU9: -12.251185 | AV9: =(AV$4+AU9)/AV$4 -> 0.99238721 | AW9: {=INDEX(AT$9:AT$400,MATCH(MIN(ABS($A9-AT$9:AT$400)),ABS($A9-AT$9:AT$400),0))} -> 0.24390904 | AX9: =VLOOKUP(AW9,AT$9:AV$400,3) -> 0.99238721 | AZ9: =$A9*BB$4/$F$1 -> 0.24008756 | BA9: -13.598088 | BB9: =(BB$4+BA9)/BB$4 -> 0.99141576 | BC9: {=INDEX(AZ$9:AZ$400,MATCH(MIN(ABS($A9-AZ$9:AZ$400)),ABS($A9-AZ$9:AZ$400),0))} -> 0.24008756 | BD9: =VLOOKUP(BC9,AZ$9:BB$400,3) -> 0.99141576 | BF9: =$A9*BH$4/$F$1 -> 0.2411352 | BG9: -9.2826638 | BH9: =(BH$4+BG9)/BH$4 -> 0.99416548 | BI9: {=INDEX(BF$9:BF$400,MATCH(MIN(ABS($A9-BF$9:BF$400)),ABS($A9-BF$9:BF$400),0))} -> 0.2411352 | BJ9: =VLOOKUP(BI9,BF$9:BH$400,3) -> 0.99416548 | BL9: =$A9*BN$4/$F$1 -> 0.2417577 | BM9: -6.5489692 | BN9: =(BN$4+BM9)/BN$4 -> 0.99589431 | BO9: {=INDEX(BL$9:BL$400,MATCH(MIN(ABS($A9-BL$9:BL$400)),ABS($A9-BL$9:BL$400),0))} -> 0.2417577 | BP9: =VLOOKUP(BO9,BL$9:BN$400,3) -> 0.99589431 | BR9: =$A9*BT$4/$F$1 -> 0.241355 | BS9: -12.244422 | BT9: =(BT$4+BS9)/BT$4 -> 0.9923109 | BU9: {=INDEX(BR$9:BR$400,MATCH(MIN(ABS($A9-BR$9:BR$400)),ABS($A9-BR$9:BR$400),0))} -> 0.241355 | BV9: =VLOOKUP(BU9,BR$9:BT$400,3) -> 0.9923109 | CI9: =AVERAGE(G9,M9,S9,Y9,AE9,AK9,AQ9,AW9,BC9,BI9,BO9,BU9) -> 0.2405267 | CJ9: =AVERAGE(H9,N9,T9,Z9,AF9,AL9,AR9,AX9,BD9,BJ9,BP9,BV9) -> 0.9921856 | CK9: =_xlfn.STDEV.P(H9,N9,T9,Z9,AF9,AL9,AR9,AX9,BD9,BJ9,BP9,BV9) -> 0.0016805192 | CN9: =AVERAGE(G9,M9,S9) -> 0.23852966 | CO9: =AVERAGE(H9,N9,T9) -> 0.99020642 | CP9: =_xlfn.STDEV.P(H9,N9,T9) -> 0.00059265797 | CR9: =AVERAGE(Y9,AE9,AK9) -> 0.23988817 | CS9: =AVERAGE(Z9,AF9,AL9) -> 0.99270558 | CT9: =_xlfn.STDEV.P(Z9,AF9,AL9) -> 0.00063149012 | CV9: =AVERAGE(AQ9,AW9,BC9) -> 0.24227298 | CW9: =AVERAGE(AR9,AX9,BD9) -> 0.99170682 | CX9: =_xlfn.STDEV.P(AR9,AX9,BD9) -> 0.00048278074 | CZ9: =AVERAGE(BI9,BO9,BU9) -> 0.24141597 | DA9: =AVERAGE(BJ9,BP9,BV9) -> 0.99412356 | DB9: =_xlfn.STDEV.P(BJ9,BP9,BV9) -> 0.0014632211
A10: 0.5 | B10: 0.25 | D10: =A10*$F$4/$F$1 -> 0.48099089 | E10: -36.063353 | F10: =(F$4+E10)/F$4 -> 0.97727244 | G10: {=INDEX(D$9:D$400,MATCH(MIN(ABS($A10-D$9:D$400)),ABS($A10-D$9:D$400),0))} -> 0.48099089 | H10: =VLOOKUP(G10,D$9:F$400,3) -> 0.97727244 | J10: =$A10*L$4/$F$1 -> 0.47808672 | K10: -32.217206 | L10: =(L$4+K10)/L$4 -> 0.979573 | M10: {=INDEX(J$9:J$400,MATCH(MIN(ABS($A10-J$9:J$400)),ABS($A10-J$9:J$400),0))} -> 0.47808672 | N10: =VLOOKUP(M10,J$9:L$400,3) -> 0.979573 | P10: =$A10*R$4/$F$1 -> 0.47210036 | Q10: -31.853632 | R10: =(R$4+Q10)/R$4 -> 0.97954742 | S10: {=INDEX(P$9:P$400,MATCH(MIN(ABS($A10-P$9:P$400)),ABS($A10-P$9:P$400),0))} -> 0.47210036 | T10: =VLOOKUP(S10,P$9:R$400,3) -> 0.97954742 | V10: =$A10*X$4/$F$1 -> 0.48434691 | W10: -25.482442 | X10: =(X$4+W10)/X$4 -> 0.98405193 | Y10: {=INDEX(V$9:V$400,MATCH(MIN(ABS($A10-V$9:V$400)),ABS($A10-V$9:V$400),0))} -> 0.48434691 | Z10: =VLOOKUP(Y10,V$9:X$400,3) -> 0.98405193 | AB10: =$A10*AD$4/$F$1 -> 0.47377773 | AC10: -25.697042 | AD10: =(AD$4+AC10)/AD$4 -> 0.98355886 | AE10: {=INDEX(AB$9:AB$400,MATCH(MIN(ABS($A10-AB$9:AB$400)),ABS($A10-AB$9:AB$400),0))} -> 0.47377773 | AF10: =VLOOKUP(AE10,AB$9:AD$400,3) -> 0.98355886 | AH10: =$A10*AJ$4/$F$1 -> 0.48120438 | AI10: -23.753618 | AJ10: =(AJ$4+AI10)/AJ$4 -> 0.98503683 | AK10: {=INDEX(AH$9:AH$400,MATCH(MIN(ABS($A10-AH$9:AH$400)),ABS($A10-AH$9:AH$400),0))} -> 0.48120438 | AL10: =VLOOKUP(AK10,AH$9:AJ$400,3) -> 0.98503683 | AN10: =$A10*AP$4/$F$1 -> 0.4856447 | AO10: -30.83317 | AP10: =(AP$4+AO10)/AP$4 -> 0.98075477 | AQ10: {=INDEX(AN$9:AN$400,MATCH(MIN(ABS($A10-AN$9:AN$400)),ABS($A10-AN$9:AN$400),0))} -> 0.4856447 | AR10: =VLOOKUP(AQ10,AN$9:AP$400,3) -> 0.98075477 | AT10: =$A10*AV$4/$F$1 -> 0.48781809 | AU10: -28.136922 | AV10: =(AV$4+AU10)/AV$4 -> 0.98251594 | AW10: {=INDEX(AT$9:AT$400,MATCH(MIN(ABS($A10-AT$9:AT$400)),ABS($A10-AT$9:AT$400),0))} -> 0.48781809 | AX10: =VLOOKUP(AW10,AT$9:AV$400,3) -> 0.98251594 | AZ10: =$A10*BB$4/$F$1 -> 0.48017512 | BA10: -30.23552 | BB10: =(BB$4+BA10)/BB$4 -> 0.98091284 | BC10: {=INDEX(AZ$9:AZ$400,MATCH(MIN(ABS($A10-AZ$9:AZ$400)),ABS($A10-AZ$9:AZ$400),0))} -> 0.48017512 | BD10: =VLOOKUP(BC10,AZ$9:BB$400,3) -> 0.98091284 | BF10: =$A10*BH$4/$F$1 -> 0.4822704 | BG10: -20.833377 | BH10: =(BH$4+BG10)/BH$4 -> 0.98690539 | BI10: {=INDEX(BF$9:BF$400,MATCH(MIN(ABS($A10-BF$9:BF$400)),ABS($A10-BF$9:BF$400),0))} -> 0.4822704 | BJ10: =VLOOKUP(BI10,BF$9:BH$400,3) -> 0.98690539 | BL10: =$A10*BN$4/$F$1 -> 0.4835154 | BM10: -18.004186 | BN10: =(BN$4+BM10)/BN$4 -> 0.98871279 | BO10: {=INDEX(BL$9:BL$400,MATCH(MIN(ABS($A10-BL$9:BL$400)),ABS($A10-BL$9:BL$400),0))} -> 0.4835154 | BP10: =VLOOKUP(BO10,BL$9:BN$400,3) -> 0.98871279 | BR10: =$A10*BT$4/$F$1 -> 0.48271 | BS10: -27.245145 | BT10: =(BT$4+BS10)/BT$4 -> 0.98289093 | BU10: {=INDEX(BR$9:BR$400,MATCH(MIN(ABS($A10-BR$9:BR$400)),ABS($A10-BR$9:BR$400),0))} -> 0.48271 | BV10: =VLOOKUP(BU10,BR$9:BT$400,3) -> 0.98289093 | CI10: =AVERAGE(G10,M10,S10,Y10,AE10,AK10,AQ10,AW10,BC10,BI10,BO10,BU10) -> 0.48105339 | CJ10: =AVERAGE(H10,N10,T10,Z10,AF10,AL10,AR10,AX10,BD10,BJ10,BP10,BV10) -> 0.98264443 | CK10: =_xlfn.STDEV.P(H10,N10,T10,Z10,AF10,AL10,AR10,AX10,BD10,BJ10,BP10,BV10) -> 0.0031364984 | CN10: =AVERAGE(G10,M10,S10) -> 0.47705932 | CO10: =AVERAGE(H10,N10,T10) -> 0.97879762 | CP10: =_xlfn.STDEV.P(H10,N10,T10) -> 0.0010785125 | CR10: =AVERAGE(Y10,AE10,AK10) -> 0.47977634 | CS10: =AVERAGE(Z10,AF10,AL10) -> 0.98421587 | CT10: =_xlfn.STDEV.P(Z10,AF10,AL10) -> 0.00061441334 | CV10: =AVERAGE(AQ10,AW10,BC10) -> 0.48454597 | CW10: =AVERAGE(AR10,AX10,BD10) -> 0.98139452 | CX10: =_xlfn.STDEV.P(AR10,AX10,BD10) -> 0.00079558815 | CZ10: =AVERAGE(BI10,BO10,BU10) -> 0.48283194 | DA10: =AVERAGE(BJ10,BP10,BV10) -> 0.9861697 | DB10: =_xlfn.STDEV.P(BJ10,BP10,BV10) -> 0.0024330261
A11: 0.75 | B11: 0.25 | D11: =A11*$F$4/$F$1 -> 0.72148633 | E11: -55.257828 | F11: =(F$4+E11)/F$4 -> 0.96517586 | G11: {=INDEX(D$9:D$400,MATCH(MIN(ABS($A11-D$9:D$400)),ABS($A11-D$9:D$400),0))} -> 0.72148633 | H11: =VLOOKUP(G11,D$9:F$400,3) -> 0.96517586 | J11: =$A11*L$4/$F$1 -> 0.71713007 | K11: -50.675641 | L11: =(L$4+K11)/L$4 -> 0.96786961 | M11: {=INDEX(J$9:J$400,MATCH(MIN(ABS($A11-J$9:J$400)),ABS($A11-J$9:J$400),0))} -> 0.71713007 | N11: =VLOOKUP(M11,J$9:L$400,3) -> 0.96786961 | P11: =$A11*R$4/$F$1 -> 0.70815054 | Q11: -48.689884 | R11: =(R$4+Q11)/R$4 -> 0.9687372 | S11: {=INDEX(P$9:P$400,MATCH(MIN(ABS($A11-P$9:P$400)),ABS($A11-P$9:P$400),0))} -> 0.70815054 | T11: =VLOOKUP(S11,P$9:R$400,3) -> 0.9687372 | V11: =$A11*X$4/$F$1 -> 0.72652036 | W11: -37.789109 | X11: =(X$4+W11)/X$4 -> 0.97634987 | Y11: {=INDEX(V$9:V$400,MATCH(MIN(ABS($A11-V$9:V$400)),ABS($A11-V$9:V$400),0))} -> 0.72652036 | Z11: =VLOOKUP(Y11,V$9:X$400,3) -> 0.97634987 | AB11: =$A11*AD$4/$F$1 -> 0.7106666 | AC11: -40.665202 | AD11: =(AD$4+AC11)/AD$4 -> 0.97398213 | AE11: {=INDEX(AB$9:AB$400,MATCH(MIN(ABS($A11-AB$9:AB$400)),ABS($A11-AB$9:AB$400),0))} -> 0.7106666 | AF11: =VLOOKUP(AE11,AB$9:AD$400,3) -> 0.97398213 | AH11: =$A11*AJ$4/$F$1 -> 0.72180657 | AI11: -37.948227 | AJ11: =(AJ$4+AI11)/AJ$4 -> 0.97609518 | AK11: {=INDEX(AH$9:AH$400,MATCH(MIN(ABS($A11-AH$9:AH$400)),ABS($A11-AH$9:AH$400),0))} -> 0.72180657 | AL11: =VLOOKUP(AK11,AH$9:AJ$400,3) -> 0.97609518 | AN11: =$A11*AP$4/$F$1 -> 0.72846705 | AO11: -48.889017 | AP11: =(AP$4+AO11)/AP$4 -> 0.96948481 | AQ11: {=INDEX(AN$9:AN$400,MATCH(MIN(ABS($A11-AN$9:AN$400)),ABS($A11-AN$9:AN$400),0))} -> 0.72846705 | AR11: =VLOOKUP(AQ11,AN$9:AP$400,3) -> 0.96948481 | AT11: =$A11*AV$4/$F$1 -> 0.73172713 | AU11: -44.800843 | AV11: =(AV$4+AU11)/AV$4 -> 0.97216112 | AW11: {=INDEX(AT$9:AT$400,MATCH(MIN(ABS($A11-AT$9:AT$400)),ABS($A11-AT$9:AT$400),0))} -> 0.73172713 | AX11: =VLOOKUP(AW11,AT$9:AV$400,3) -> 0.97216112 | AZ11: =$A11*BB$4/$F$1 -> 0.72026268 | BA11: -47.07578 | BB11: =(BB$4+BA11)/BB$4 -> 0.97028188 | BC11: {=INDEX(AZ$9:AZ$400,MATCH(MIN(ABS($A11-AZ$9:AZ$400)),ABS($A11-AZ$9:AZ$400),0))} -> 0.72026268 | BD11: =VLOOKUP(BC11,AZ$9:BB$400,3) -> 0.97028188 | BF11: =$A11*BH$4/$F$1 -> 0.7234056 | BG11: -34.99868 | BH11: =(BH$4+BG11)/BH$4 -> 0.97800193 | BI11: {=INDEX(BF$9:BF$400,MATCH(MIN(ABS($A11-BF$9:BF$400)),ABS($A11-BF$9:BF$400),0))} -> 0.7234056 | BJ11: =VLOOKUP(BI11,BF$9:BH$400,3) -> 0.97800193 | BL11: =$A11*BN$4/$F$1 -> 0.72527311 | BM11: -33.783593 | BN11: =(BN$4+BM11)/BN$4 -> 0.97882034 | BO11: {=INDEX(BL$9:BL$400,MATCH(MIN(ABS($A11-BL$9:BL$400)),ABS($A11-BL$9:BL$400),0))} -> 0.72527311 | BP11: =VLOOKUP(BO11,BL$9:BN$400,3) -> 0.97882034 | BR11: =$A11*BT$4/$F$1 -> 0.724065 | BS11: -42.027197 | BT11: =(BT$4+BS11)/BT$4 -> 0.97360829 | BU11: {=INDEX(BR$9:BR$400,MATCH(MIN(ABS($A11-BR$9:BR$400)),ABS($A11-BR$9:BR$400),0))} -> 0.724065 | BV11: =VLOOKUP(BU11,BR$9:BT$400,3) -> 0.97360829 | CI11: =AVERAGE(G11,M11,S11,Y11,AE11,AK11,AQ11,AW11,BC11,BI11,BO11,BU11) -> 0.72158009 | CJ11: =AVERAGE(H11,N11,T11,Z11,AF11,AL11,AR11,AX11,BD11,BJ11,BP11,BV11) -> 0.97254735 | CK11: =_xlfn.STDEV.P(H11,N11,T11,Z11,AF11,AL11,AR11,AX11,BD11,BJ11,BP11,BV11) -> 0.0041304908 | CN11: =AVERAGE(G11,M11,S11) -> 0.71558898 | CO11: =AVERAGE(H11,N11,T11) -> 0.96726089 | CP11: =_xlfn.STDEV.P(H11,N11,T11) -> 0.0015162877 | CR11: =AVERAGE(Y11,AE11,AK11) -> 0.71966451 | CS11: =AVERAGE(Z11,AF11,AL11) -> 0.97547573 | CT11: =_xlfn.STDEV.P(Z11,AF11,AL11) -> 0.001061239 | CV11: =AVERAGE(AQ11,AW11,BC11) -> 0.72681895 | CW11: =AVERAGE(AR11,AX11,BD11) -> 0.9706426 | CX11: =_xlfn.STDEV.P(AR11,AX11,BD11) -> 0.0011219787 | CZ11: =AVERAGE(BI11,BO11,BU11) -> 0.7242479 | DA11: =AVERAGE(BJ11,BP11,BV11) -> 0.97681019 | DB11: =_xlfn.STDEV.P(BJ11,BP11,BV11) -> 0.0022886051
A12: 1 | B12: 0.25 | D12: =A12*$F$4/$F$1 -> 0.96198178 | E12: -74.780872 | F12: =(F$4+E12)/F$4 -> 0.9528722 | G12: {=INDEX(D$9:D$400,MATCH(MIN(ABS($A12-D$9:D$400)),ABS($A12-D$9:D$400),0))} -> 0.96198178 | H12: =VLOOKUP(G12,D$9:F$400,3) -> 0.9528722 | J12: =$A12*L$4/$F$1 -> 0.95617343 | K12: -69.380862 | L12: =(L$4+K12)/L$4 -> 0.95600974 | M12: {=INDEX(J$9:J$400,MATCH(MIN(ABS($A12-J$9:J$400)),ABS($A12-J$9:J$400),0))} -> 0.95617343 | N12: =VLOOKUP(M12,J$9:L$400,3) -> 0.95600974 | P12: =$A12*R$4/$F$1 -> 0.94420072 | Q12: -67.320212 | R12: =(R$4+Q12)/R$4 -> 0.95677504 | S12: {=INDEX(P$9:P$400,MATCH(MIN(ABS($A12-P$9:P$400)),ABS($A12-P$9:P$400),0))} -> 0.94420072 | T12: =VLOOKUP(S12,P$9:R$400,3) -> 0.95677504 | V12: =$A12*X$4/$F$1 -> 0.96869381 | W12: -51.67475 | X12: =(X$4+W12)/X$4 -> 0.9676596 | Y12: {=INDEX(V$9:V$400,MATCH(MIN(ABS($A12-V$9:V$400)),ABS($A12-V$9:V$400),0))} -> 0.96869381 | Z12: =VLOOKUP(Y12,V$9:X$400,3) -> 0.9676596 | AB12: =$A12*AD$4/$F$1 -> 0.94755546 | AC12: -56.310539 | AD12: =(AD$4+AC12)/AD$4 -> 0.96397213 | AE12: {=INDEX(AB$9:AB$400,MATCH(MIN(ABS($A12-AB$9:AB$400)),ABS($A12-AB$9:AB$400),0))} -> 0.94755546 | AF12: =VLOOKUP(AE12,AB$9:AD$400,3) -> 0.96397213 | AH12: =$A12*AJ$4/$F$1 -> 0.96240876 | AI12: -52.293064 | AJ12: =(AJ$4+AI12)/AJ$4 -> 0.96705891 | AK12: {=INDEX(AH$9:AH$400,MATCH(MIN(ABS($A12-AH$9:AH$400)),ABS($A12-AH$9:AH$400),0))} -> 0.96240876 | AL12: =VLOOKUP(AK12,AH$9:AJ$400,3) -> 0.96705891 | AN12: =$A12*AP$4/$F$1 -> 0.9712894 | AO12: -67.368492 | AP12: =(AP$4+AO12)/AP$4 -> 0.95795042 | AQ12: {=INDEX(AN$9:AN$400,MATCH(MIN(ABS($A12-AN$9:AN$400)),ABS($A12-AN$9:AN$400),0))} -> 0.9712894 | AR12: =VLOOKUP(AQ12,AN$9:AP$400,3) -> 0.95795042 | AT12: =$A12*AV$4/$F$1 -> 0.97563617 | AU12: -63.080371 | AV12: =(AV$4+AU12)/AV$4 -> 0.96080237 | AW12: {=INDEX(AT$9:AT$400,MATCH(MIN(ABS($A12-AT$9:AT$400)),ABS($A12-AT$9:AT$400),0))} -> 0.97563617 | AX12: =VLOOKUP(AW12,AT$9:AV$400,3) -> 0.96080237 | AZ12: =$A12*BB$4/$F$1 -> 0.96035025 | BA12: -65.414547 | BB12: =(BB$4+BA12)/BB$4 -> 0.95870493 | BC12: {=INDEX(AZ$9:AZ$400,MATCH(MIN(ABS($A12-AZ$9:AZ$400)),ABS($A12-AZ$9:AZ$400),0))} -> 0.96035025 | BD12: =VLOOKUP(BC12,AZ$9:BB$400,3) -> 0.95870493 | BF12: =$A12*BH$4/$F$1 -> 0.9645408 | BG12: -50.371368 | BH12: =(BH$4+BG12)/BH$4 -> 0.96833958 | BI12: {=INDEX(BF$9:BF$400,MATCH(MIN(ABS($A12-BF$9:BF$400)),ABS($A12-BF$9:BF$400),0))} -> 0.9645408 | BJ12: =VLOOKUP(BI12,BF$9:BH$400,3) -> 0.96833958 | BL12: =$A12*BN$4/$F$1 -> 0.96703081 | BM12: -47.833863 | BN12: =(BN$4+BM12)/BN$4 -> 0.97001192 | BO12: {=INDEX(BL$9:BL$400,MATCH(MIN(ABS($A12-BL$9:BL$400)),ABS($A12-BL$9:BL$400),0))} -> 0.96703081 | BP12: =VLOOKUP(BO12,BL$9:BN$400,3) -> 0.97001192 | BR12: =$A12*BT$4/$F$1 -> 0.96542 | BS12: -58.27012 | BT12: =(BT$4+BS12)/BT$4 -> 0.96340826 | BU12: {=INDEX(BR$9:BR$400,MATCH(MIN(ABS($A12-BR$9:BR$400)),ABS($A12-BR$9:BR$400),0))} -> 0.96542 | BV12: =VLOOKUP(BU12,BR$9:BT$400,3) -> 0.96340826 | CI12: =AVERAGE(G12,M12,S12,Y12,AE12,AK12,AQ12,AW12,BC12,BI12,BO12,BU12) -> 0.96210678 | CJ12: =AVERAGE(H12,N12,T12,Z12,AF12,AL12,AR12,AX12,BD12,BJ12,BP12,BV12) -> 0.96196376 | CK12: =_xlfn.STDEV.P(H12,N12,T12,Z12,AF12,AL12,AR12,AX12,BD12,BJ12,BP12,BV12) -> 0.0053467486 | CN12: =AVERAGE(G12,M12,S12) -> 0.95411864 | CO12: =AVERAGE(H12,N12,T12) -> 0.95521899 | CP12: =_xlfn.STDEV.P(H12,N12,T12) -> 0.0016885884 | CR12: =AVERAGE(Y12,AE12,AK12) -> 0.95955268 | CS12: =AVERAGE(Z12,AF12,AL12) -> 0.96623022 | CT12: =_xlfn.STDEV.P(Z12,AF12,AL12) -> 0.0016154266 | CV12: =AVERAGE(AQ12,AW12,BC12) -> 0.96909194 | CW12: =AVERAGE(AR12,AX12,BD12) -> 0.95915257 | CX12: =_xlfn.STDEV.P(AR12,AX12,BD12) -> 0.0012065623 | CZ12: =AVERAGE(BI12,BO12,BU12) -> 0.96566387 | DA12: =AVERAGE(BJ12,BP12,BV12) -> 0.96725325 | DB12: =_xlfn.STDEV.P(BJ12,BP12,BV12) -> 0.0028032343
A13: 1.25 | B13: 0.25 | D13: =A13*$F$4/$F$1 -> 1.2024772 | E13: -94.190197 | F13: =(F$4+E13)/F$4 -> 0.94064021 | G13: {=INDEX(D$9:D$400,MATCH(MIN(ABS($A13-D$9:D$400)),ABS($A13-D$9:D$400),0))} -> 1.2024772 | H13: =VLOOKUP(G13,D$9:F$400,3) -> 0.94064021 | J13: =$A13*L$4/$F$1 -> 1.1952168 | K13: -88.494244 | L13: =(L$4+K13)/L$4 -> 0.94389109 | M13: {=INDEX(J$9:J$400,MATCH(MIN(ABS($A13-J$9:J$400)),ABS($A13-J$9:J$400),0))} -> 1.1952168 | N13: =VLOOKUP(M13,J$9:L$400,3) -> 0.94389109 | P13: =$A13*R$4/$F$1 -> 1.1802509 | Q13: -86.064446 | R13: =(R$4+Q13)/R$4 -> 0.94473974 | S13: {=INDEX(P$9:P$400,MATCH(MIN(ABS($A13-P$9:P$400)),ABS($A13-P$9:P$400),0))} -> 1.1802509 | T13: =VLOOKUP(S13,P$9:R$400,3) -> 0.94473974 | V13: =$A13*X$4/$F$1 -> 1.2108673 | W13: -66.677163 | X13: =(X$4+W13)/X$4 -> 0.95827041 | Y13: {=INDEX(V$9:V$400,MATCH(MIN(ABS($A13-V$9:V$400)),ABS($A13-V$9:V$400),0))} -> 1.2108673 | Z13: =VLOOKUP(Y13,V$9:X$400,3) -> 0.95827041 | AB13: =$A13*AD$4/$F$1 -> 1.1844443 | AC13: -71.070048 | AD13: =(AD$4+AC13)/AD$4 -> 0.9545289 | AE13: {=INDEX(AB$9:AB$400,MATCH(MIN(ABS($A13-AB$9:AB$400)),ABS($A13-AB$9:AB$400),0))} -> 1.1844443 | AF13: =VLOOKUP(AE13,AB$9:AD$400,3) -> 0.9545289 | AH13: =$A13*AJ$4/$F$1 -> 1.2030109 | AI13: -66.252972 | AJ13: =(AJ$4+AI13)/AJ$4 -> 0.95826511 | AK13: {=INDEX(AH$9:AH$400,MATCH(MIN(ABS($A13-AH$9:AH$400)),ABS($A13-AH$9:AH$400),0))} -> 1.2030109 | AL13: =VLOOKUP(AK13,AH$9:AJ$400,3) -> 0.95826511 | AN13: =$A13*AP$4/$F$1 -> 1.2141117 | AO13: -86.302779 | AP13: =(AP$4+AO13)/AP$4 -> 0.94613215 | AQ13: {=INDEX(AN$9:AN$400,MATCH(MIN(ABS($A13-AN$9:AN$400)),ABS($A13-AN$9:AN$400),0))} -> 1.2141117 | AR13: =VLOOKUP(AQ13,AN$9:AP$400,3) -> 0.94613215 | AT13: =$A13*AV$4/$F$1 -> 1.2195452 | AU13: -81.600111 | AV13: =(AV$4+AU13)/AV$4 -> 0.94929435 | AW13: {=INDEX(AT$9:AT$400,MATCH(MIN(ABS($A13-AT$9:AT$400)),ABS($A13-AT$9:AT$400),0))} -> 1.2195452 | AX13: =VLOOKUP(AW13,AT$9:AV$400,3) -> 0.94929435 | AZ13: =$A13*BB$4/$F$1 -> 1.2004378 | BA13: -83.441089 | BB13: =(BB$4+BA13)/BB$4 -> 0.94732509 | BC13: {=INDEX(AZ$9:AZ$400,MATCH(MIN(ABS($A13-AZ$9:AZ$400)),ABS($A13-AZ$9:AZ$400),0))} -> 1.2004378 | BD13: =VLOOKUP(BC13,AZ$9:BB$400,3) -> 0.94732509 | BF13: =$A13*BH$4/$F$1 -> 1.205676 | BG13: -67.121768 | BH13: =(BH$4+BG13)/BH$4 -> 0.95781129 | BI13: {=INDEX(BF$9:BF$400,MATCH(MIN(ABS($A13-BF$9:BF$400)),ABS($A13-BF$9:BF$400),0))} -> 1.205676 | BJ13: =VLOOKUP(BI13,BF$9:BH$400,3) -> 0.95781129 | BL13: =$A13*BN$4/$F$1 -> 1.2087885 | BM13: -63.917669 | BN13: =(BN$4+BM13)/BN$4 -> 0.95992864 | BO13: {=INDEX(BL$9:BL$400,MATCH(MIN(ABS($A13-BL$9:BL$400)),ABS($A13-BL$9:BL$400),0))} -> 1.2087885 | BP13: =VLOOKUP(BO13,BL$9:BN$400,3) -> 0.95992864 | BR13: =$A13*BT$4/$F$1 -> 1.206775 | BS13: -73.908507 | BT13: =(BT$4+BS13)/BT$4 -> 0.95358786 | BU13: {=INDEX(BR$9:BR$400,MATCH(MIN(ABS($A13-BR$9:BR$400)),ABS($A13-BR$9:BR$400),0))} -> 1.206775 | BV13: =VLOOKUP(BU13,BR$9:BT$400,3) -> 0.95358786 | CI13: =AVERAGE(G13,M13,S13,Y13,AE13,AK13,AQ13,AW13,BC13,BI13,BO13,BU13) -> 1.2026335 | CJ13: =AVERAGE(H13,N13,T13,Z13,AF13,AL13,AR13,AX13,BD13,BJ13,BP13,BV13) -> 0.95120124 | CK13: =_xlfn.STDEV.P(H13,N13,T13,Z13,AF13,AL13,AR13,AX13,BD13,BJ13,BP13,BV13) -> 0.0063743103 | CN13: =AVERAGE(G13,M13,S13) -> 1.1926483 | CO13: =AVERAGE(H13,N13,T13) -> 0.94309035 | CP13: =_xlfn.STDEV.P(H13,N13,T13) -> 0.0017668094 | CR13: =AVERAGE(Y13,AE13,AK13) -> 1.1994408 | CS13: =AVERAGE(Z13,AF13,AL13) -> 0.95702147 | CT13: =_xlfn.STDEV.P(Z13,AF13,AL13) -> 0.0017625173 | CV13: =AVERAGE(AQ13,AW13,BC13) -> 1.2113649 | CW13: =AVERAGE(AR13,AX13,BD13) -> 0.94758387 | CX13: =_xlfn.STDEV.P(AR13,AX13,BD13) -> 0.0013038657 | CZ13: =AVERAGE(BI13,BO13,BU13) -> 1.2070798 | DA13: =AVERAGE(BJ13,BP13,BV13) -> 0.95710926 | DB13: =_xlfn.STDEV.P(BJ13,BP13,BV13) -> 0.0026357804
A14: 1.5 | B14: 0.25 | D14: =A14*$F$4/$F$1 -> 1.4429727 | E14: -113.53646 | F14: =(F$4+E14)/F$4 -> 0.92844796 | G14: {=INDEX(D$9:D$400,MATCH(MIN(ABS($A14-D$9:D$400)),ABS($A14-D$9:D$400),0))} -> 1.4429727 | H14: =VLOOKUP(G14,D$9:F$400,3) -> 0.92844796 | J14: =$A14*L$4/$F$1 -> 1.4342601 | K14: -108.01134 | L14: =(L$4+K14)/L$4 -> 0.93151647 | M14: {=INDEX(J$9:J$400,MATCH(MIN(ABS($A14-J$9:J$400)),ABS($A14-J$9:J$400),0))} -> 1.4342601 | N14: =VLOOKUP(M14,J$9:L$400,3) -> 0.93151647 | P14: =$A14*R$4/$F$1 -> 1.4163011 | Q14: -104.91463 | R14: =(R$4+Q14)/R$4 -> 0.93263641 | S14: {=INDEX(P$9:P$400,MATCH(MIN(ABS($A14-P$9:P$400)),ABS($A14-P$9:P$400),0))} -> 1.4163011 | T14: =VLOOKUP(S14,P$9:R$400,3) -> 0.93263641 | V14: =$A14*X$4/$F$1 -> 1.4530407 | W14: -81.593849 | X14: =(X$4+W14)/X$4 -> 0.94893488 | Y14: {=INDEX(V$9:V$400,MATCH(MIN(ABS($A14-V$9:V$400)),ABS($A14-V$9:V$400),0))} -> 1.4530407 | Z14: =VLOOKUP(Y14,V$9:X$400,3) -> 0.94893488 | AB14: =$A14*AD$4/$F$1 -> 1.4213332 | AC14: -86.36014 | AD14: =(AD$4+AC14)/AD$4 -> 0.9447462 | AE14: {=INDEX(AB$9:AB$400,MATCH(MIN(ABS($A14-AB$9:AB$400)),ABS($A14-AB$9:AB$400),0))} -> 1.4213332 | AF14: =VLOOKUP(AE14,AB$9:AD$400,3) -> 0.9447462 | AH14: =$A14*AJ$4/$F$1 -> 1.4436131 | AI14: -80.391975 | AJ14: =(AJ$4+AI14)/AJ$4 -> 0.94935849 | AK14: {=INDEX(AH$9:AH$400,MATCH(MIN(ABS($A14-AH$9:AH$400)),ABS($A14-AH$9:AH$400),0))} -> 1.4436131 | AL14: =VLOOKUP(AK14,AH$9:AJ$400,3) -> 0.94935849 | AN14: =$A14*AP$4/$F$1 -> 1.4569341 | AO14: -105.90485 | AP14: =(AP$4+AO14)/AP$4 -> 0.93389707 | AQ14: {=INDEX(AN$9:AN$400,MATCH(MIN(ABS($A14-AN$9:AN$400)),ABS($A14-AN$9:AN$400),0))} -> 1.4569341 | AR14: =VLOOKUP(AQ14,AN$9:AP$400,3) -> 0.93389707 | AT14: =$A14*AV$4/$F$1 -> 1.4634543 | AU14: -100.3754 | AV14: =(AV$4+AU14)/AV$4 -> 0.93762754 | AW14: {=INDEX(AT$9:AT$400,MATCH(MIN(ABS($A14-AT$9:AT$400)),ABS($A14-AT$9:AT$400),0))} -> 1.4634543 | AX14: =VLOOKUP(AW14,AT$9:AV$400,3) -> 0.93762754 | AZ14: =$A14*BB$4/$F$1 -> 1.4405254 | BA14: -102.09797 | BB14: =(BB$4+BA14)/BB$4 -> 0.93554733 | BC14: {=INDEX(AZ$9:AZ$400,MATCH(MIN(ABS($A14-AZ$9:AZ$400)),ABS($A14-AZ$9:AZ$400),0))} -> 1.4405254 | BD14: =VLOOKUP(BC14,AZ$9:BB$400,3) -> 0.93554733 | BF14: =$A14*BH$4/$F$1 -> 1.4468112 | BG14: -82.35237 | BH14: =(BH$4+BG14)/BH$4 -> 0.94823825 | BI14: {=INDEX(BF$9:BF$400,MATCH(MIN(ABS($A14-BF$9:BF$400)),ABS($A14-BF$9:BF$400),0))} -> 1.4468112 | BJ14: =VLOOKUP(BI14,BF$9:BH$400,3) -> 0.94823825 | BL14: =$A14*BN$4/$F$1 -> 1.4505462 | BM14: -80.940906 | BN14: =(BN$4+BM14)/BN$4 -> 0.94925641 | BO14: {=INDEX(BL$9:BL$400,MATCH(MIN(ABS($A14-BL$9:BL$400)),ABS($A14-BL$9:BL$400),0))} -> 1.4505462 | BP14: =VLOOKUP(BO14,BL$9:BN$400,3) -> 0.94925641 | BR14: =$A14*BT$4/$F$1 -> 1.44813 | BS14: -88.613786 | BT14: =(BT$4+BS14)/BT$4 -> 0.94435342 | BU14: {=INDEX(BR$9:BR$400,MATCH(MIN(ABS($A14-BR$9:BR$400)),ABS($A14-BR$9:BR$400),0))} -> 1.44813 | BV14: =VLOOKUP(BU14,BR$9:BT$400,3) -> 0.94435342 | CI14: =AVERAGE(G14,M14,S14,Y14,AE14,AK14,AQ14,AW14,BC14,BI14,BO14,BU14) -> 1.4431602 | CJ14: =AVERAGE(H14,N14,T14,Z14,AF14,AL14,AR14,AX14,BD14,BJ14,BP14,BV14) -> 0.94038003 | CK14: =_xlfn.STDEV.P(H14,N14,T14,Z14,AF14,AL14,AR14,AX14,BD14,BJ14,BP14,BV14) -> 0.0075445988 | CN14: =AVERAGE(G14,M14,S14) -> 1.431178 | CO14: =AVERAGE(H14,N14,T14) -> 0.93086695 | CP14: =_xlfn.STDEV.P(H14,N14,T14) -> 0.0017705327 | CR14: =AVERAGE(Y14,AE14,AK14) -> 1.439329 | CS14: =AVERAGE(Z14,AF14,AL14) -> 0.94767986 | CT14: =_xlfn.STDEV.P(Z14,AF14,AL14) -> 0.0020816069 | CV14: =AVERAGE(AQ14,AW14,BC14) -> 1.4536379 | CW14: =AVERAGE(AR14,AX14,BD14) -> 0.93569065 | CX14: =_xlfn.STDEV.P(AR14,AX14,BD14) -> 0.0015263232 | CZ14: =AVERAGE(BI14,BO14,BU14) -> 1.4484958 | DA14: =AVERAGE(BJ14,BP14,BV14) -> 0.94728269 | DB14: =_xlfn.STDEV.P(BJ14,BP14,BV14) -> 0.0021126022
A15: 1.75 | B15: 0.25 | D15: =A15*$F$4/$F$1 -> 1.6834681 | E15: -132.63751 | F15: =(F$4+E15)/F$4 -> 0.91641026 | G15: {=INDEX(D$9:D$400,MATCH(MIN(ABS($A15-D$9:D$400)),ABS($A15-D$9:D$400),0))} -> 1.6834681 | H15: =VLOOKUP(G15,D$9:F$400,3) -> 0.91641026 | J15: =$A15*L$4/$F$1 -> 1.6733035 | K15: -125.77168 | L15: =(L$4+K15)/L$4 -> 0.9202557 | M15: {=INDEX(J$9:J$400,MATCH(MIN(ABS($A15-J$9:J$400)),ABS($A15-J$9:J$400),0))} -> 1.6733035 | N15: =VLOOKUP(M15,J$9:L$400,3) -> 0.9202557 | P15: =$A15*R$4/$F$1 -> 1.6523513 | Q15: -123.31158 | R15: =(R$4+Q15)/R$4 -> 0.9208241 | S15: {=INDEX(P$9:P$400,MATCH(MIN(ABS($A15-P$9:P$400)),ABS($A15-P$9:P$400),0))} -> 1.6523513 | T15: =VLOOKUP(S15,P$9:R$400,3) -> 0.9208241 | V15: =$A15*X$4/$F$1 -> 1.6952142 | W15: -96.98501 | X15: =(X$4+W15)/X$4 -> 0.93930239 | Y15: {=INDEX(V$9:V$400,MATCH(MIN(ABS($A15-V$9:V$400)),ABS($A15-V$9:V$400),0))} -> 1.6952142 | Z15: =VLOOKUP(Y15,V$9:X$400,3) -> 0.93930239 | AB15: =$A15*AD$4/$F$1 -> 1.6582221 | AC15: -100.43433 | AD15: =(AD$4+AC15)/AD$4 -> 0.93574143 | AE15: {=INDEX(AB$9:AB$400,MATCH(MIN(ABS($A15-AB$9:AB$400)),ABS($A15-AB$9:AB$400),0))} -> 1.6582221 | AF15: =VLOOKUP(AE15,AB$9:AD$400,3) -> 0.93574143 | AH15: =$A15*AJ$4/$F$1 -> 1.6842153 | AI15: -95.103516 | AJ15: =(AJ$4+AI15)/AJ$4 -> 0.94009122 | AK15: {=INDEX(AH$9:AH$400,MATCH(MIN(ABS($A15-AH$9:AH$400)),ABS($A15-AH$9:AH$400),0))} -> 1.6842153 | AL15: =VLOOKUP(AK15,AH$9:AJ$400,3) -> 0.94009122 | AN15: =$A15*AP$4/$F$1 -> 1.6997564 | AO15: -125.09256 | AP15: =(AP$4+AO15)/AP$4 -> 0.92192063 | AQ15: {=INDEX(AN$9:AN$400,MATCH(MIN(ABS($A15-AN$9:AN$400)),ABS($A15-AN$9:AN$400),0))} -> 1.6997564 | AR15: =VLOOKUP(AQ15,AN$9:AP$400,3) -> 0.92192063 | AT15: =$A15*AV$4/$F$1 -> 1.7073633 | AU15: -119.28089 | AV15: =(AV$4+AU15)/AV$4 -> 0.92587982 | AW15: {=INDEX(AT$9:AT$400,MATCH(MIN(ABS($A15-AT$9:AT$400)),ABS($A15-AT$9:AT$400),0))} -> 1.7073633 | AX15: =VLOOKUP(AW15,AT$9:AV$400,3) -> 0.92587982 | AZ15: =$A15*BB$4/$F$1 -> 1.6806129 | BA15: -120.36748 | BB15: =(BB$4+BA15)/BB$4 -> 0.9240141 | BC15: {=INDEX(AZ$9:AZ$400,MATCH(MIN(ABS($A15-AZ$9:AZ$400)),ABS($A15-AZ$9:AZ$400),0))} -> 1.6806129 | BD15: =VLOOKUP(BC15,AZ$9:BB$400,3) -> 0.9240141 | BF15: =$A15*BH$4/$F$1 -> 1.6879464 | BG15: -97.948988 | BH15: =(BH$4+BG15)/BH$4 -> 0.93843515 | BI15: {=INDEX(BF$9:BF$400,MATCH(MIN(ABS($A15-BF$9:BF$400)),ABS($A15-BF$9:BF$400),0))} -> 1.6879464 | BJ15: =VLOOKUP(BI15,BF$9:BH$400,3) -> 0.93843515 | BL15: =$A15*BN$4/$F$1 -> 1.6923039 | BM15: -96.997909 | BN15: =(BN$4+BM15)/BN$4 -> 0.93918992 | BO15: {=INDEX(BL$9:BL$400,MATCH(MIN(ABS($A15-BL$9:BL$400)),ABS($A15-BL$9:BL$400),0))} -> 1.6923039 | BP15: =VLOOKUP(BO15,BL$9:BN$400,3) -> 0.93918992 | BR15: =$A15*BT$4/$F$1 -> 1.689485 | BS15: -104.17828 | BT15: =(BT$4+BS15)/BT$4 -> 0.93457942 | BU15: {=INDEX(BR$9:BR$400,MATCH(MIN(ABS($A15-BR$9:BR$400)),ABS($A15-BR$9:BR$400),0))} -> 1.689485 | BV15: =VLOOKUP(BU15,BR$9:BT$400,3) -> 0.93457942 | CI15: =AVERAGE(G15,M15,S15,Y15,AE15,AK15,AQ15,AW15,BC15,BI15,BO15,BU15) -> 1.6836869 | CJ15: =AVERAGE(H15,N15,T15,Z15,AF15,AL15,AR15,AX15,BD15,BJ15,BP15,BV15) -> 0.92972035 | CK15: =_xlfn.STDEV.P(H15,N15,T15,Z15,AF15,AL15,AR15,AX15,BD15,BJ15,BP15,BV15) -> 0.0085580525 | CN15: =AVERAGE(G15,M15,S15) -> 1.6697076 | CO15: =AVERAGE(H15,N15,T15) -> 0.91916335 | CP15: =_xlfn.STDEV.P(H15,N15,T15) -> 0.0019605136 | CR15: =AVERAGE(Y15,AE15,AK15) -> 1.6792172 | CS15: =AVERAGE(Z15,AF15,AL15) -> 0.93837835 | CT15: =_xlfn.STDEV.P(Z15,AF15,AL15) -> 0.0018921855 | CV15: =AVERAGE(AQ15,AW15,BC15) -> 1.6959109 | CW15: =AVERAGE(AR15,AX15,BD15) -> 0.92393818 | CX15: =_xlfn.STDEV.P(AR15,AX15,BD15) -> 0.0016172269 | CZ15: =AVERAGE(BI15,BO15,BU15) -> 1.6899118 | DA15: =AVERAGE(BJ15,BP15,BV15) -> 0.9374015 | DB15: =_xlfn.STDEV.P(BJ15,BP15,BV15) -> 0.0020191592
A16: 1.9997222 | B16: 0.24972222 | D16: =A16*$F$4/$F$1 -> 1.9236963 | E16: -151.62496 | F16: =(F$4+E16)/F$4 -> 0.90444414 | G16: {=INDEX(D$9:D$400,MATCH(MIN(ABS($A16-D$9:D$400)),ABS($A16-D$9:D$400),0))} -> 1.9236963 | H16: =VLOOKUP(G16,D$9:F$400,3) -> 0.90444414 | J16: =$A16*L$4/$F$1 -> 1.9120813 | K16: -142.85334 | L16: =(L$4+K16)/L$4 -> 0.90942523 | M16: {=INDEX(J$9:J$400,MATCH(MIN(ABS($A16-J$9:J$400)),ABS($A16-J$9:J$400),0))} -> 1.9120813 | N16: =VLOOKUP(M16,J$9:L$400,3) -> 0.90942523 | P16: =$A16*R$4/$F$1 -> 1.8881392 | Q16: -141.54633 | R16: =(R$4+Q16)/R$4 -> 0.90911593 | S16: {=INDEX(P$9:P$400,MATCH(MIN(ABS($A16-P$9:P$400)),ABS($A16-P$9:P$400),0))} -> 1.8881392 | T16: =VLOOKUP(S16,P$9:R$400,3) -> 0.90911593 | V16: =$A16*X$4/$F$1 -> 1.9371185 | W16: -112.12099 | X16: =(X$4+W16)/X$4 -> 0.92982961 | Y16: {=INDEX(V$9:V$400,MATCH(MIN(ABS($A16-V$9:V$400)),ABS($A16-V$9:V$400),0))} -> 1.9371185 | Z16: =VLOOKUP(Y16,V$9:X$400,3) -> 0.92982961 | AB16: =$A16*AD$4/$F$1 -> 1.8948477 | AC16: -114.99214 | AD16: =(AD$4+AC16)/AD$4 -> 0.92642725 | AE16: {=INDEX(AB$9:AB$400,MATCH(MIN(ABS($A16-AB$9:AB$400)),ABS($A16-AB$9:AB$400),0))} -> 1.8948477 | AF16: =VLOOKUP(AE16,AB$9:AD$400,3) -> 0.92642725 | AH16: =$A16*AJ$4/$F$1 -> 1.9245502 | AI16: -109.73973 | AJ16: =(AJ$4+AI16)/AJ$4 -> 0.9308714 | AK16: {=INDEX(AH$9:AH$400,MATCH(MIN(ABS($A16-AH$9:AH$400)),ABS($A16-AH$9:AH$400),0))} -> 1.9245502 | AL16: =VLOOKUP(AK16,AH$9:AJ$400,3) -> 0.9308714 | AN16: =$A16*AP$4/$F$1 -> 1.942309 | AO16: -144.17025 | AP16: =(AP$4+AO16)/AP$4 -> 0.91001285 | AQ16: {=INDEX(AN$9:AN$400,MATCH(MIN(ABS($A16-AN$9:AN$400)),ABS($A16-AN$9:AN$400),0))} -> 1.942309 | AR16: =VLOOKUP(AQ16,AN$9:AP$400,3) -> 0.91001285 | AT16: =$A16*AV$4/$F$1 -> 1.9510013 | AU16: -137.63694 | AV16: =(AV$4+AU16)/AV$4 -> 0.91447352 | AW16: {=INDEX(AT$9:AT$400,MATCH(MIN(ABS($A16-AT$9:AT$400)),ABS($A16-AT$9:AT$400),0))} -> 1.9510013 | AX16: =VLOOKUP(AW16,AT$9:AV$400,3) -> 0.91447352 | AZ16: =$A16*BB$4/$F$1 -> 1.9204337 | BA16: -138.65878 | BB16: =(BB$4+BA16)/BB$4 -> 0.91246712 | BC16: {=INDEX(AZ$9:AZ$400,MATCH(MIN(ABS($A16-AZ$9:AZ$400)),ABS($A16-AZ$9:AZ$400),0))} -> 1.9204337 | BD16: =VLOOKUP(BC16,AZ$9:BB$400,3) -> 0.91246712 | BF16: =$A16*BH$4/$F$1 -> 1.9288137 | BG16: -114.00793 | BH16: =(BH$4+BG16)/BH$4 -> 0.92834146 | BI16: {=INDEX(BF$9:BF$400,MATCH(MIN(ABS($A16-BF$9:BF$400)),ABS($A16-BF$9:BF$400),0))} -> 1.9288137 | BJ16: =VLOOKUP(BI16,BF$9:BH$400,3) -> 0.92834146 | BL16: =$A16*BN$4/$F$1 -> 1.933793 | BM16: -112.49434 | BN16: =(BN$4+BM16)/BN$4 -> 0.92947488 | BO16: {=INDEX(BL$9:BL$400,MATCH(MIN(ABS($A16-BL$9:BL$400)),ABS($A16-BL$9:BL$400),0))} -> 1.933793 | BP16: =VLOOKUP(BO16,BL$9:BN$400,3) -> 0.92947488 | BR16: =$A16*BT$4/$F$1 -> 1.9305718 | BS16: -118.71329 | BT16: =(BT$4+BS16)/BT$4 -> 0.92545191 | BU16: {=INDEX(BR$9:BR$400,MATCH(MIN(ABS($A16-BR$9:BR$400)),ABS($A16-BR$9:BR$400),0))} -> 1.9305718 | BV16: =VLOOKUP(BU16,BR$9:BT$400,3) -> 0.92545191 | CI16: =AVERAGE(G16,M16,S16,Y16,AE16,AK16,AQ16,AW16,BC16,BI16,BO16,BU16) -> 1.9239463 | CJ16: =AVERAGE(H16,N16,T16,Z16,AF16,AL16,AR16,AX16,BD16,BJ16,BP16,BV16) -> 0.91919461 | CK16: =_xlfn.STDEV.P(H16,N16,T16,Z16,AF16,AL16,AR16,AX16,BD16,BJ16,BP16,BV16) -> 0.0095599581 | CN16: =AVERAGE(G16,M16,S16) -> 1.9079723 | CO16: =AVERAGE(H16,N16,T16) -> 0.90766177 | CP16: =_xlfn.STDEV.P(H16,N16,T16) -> 0.0022787096 | CR16: =AVERAGE(Y16,AE16,AK16) -> 1.9188388 | CS16: =AVERAGE(Z16,AF16,AL16) -> 0.92904275 | CT16: =_xlfn.STDEV.P(Z16,AF16,AL16) -> 0.0018977126 | CV16: =AVERAGE(AQ16,AW16,BC16) -> 1.9379147 | CW16: =AVERAGE(AR16,AX16,BD16) -> 0.91231783 | CX16: =_xlfn.STDEV.P(AR16,AX16,BD16) -> 0.0018241183 | CZ16: =AVERAGE(BI16,BO16,BU16) -> 1.9310595 | DA16: =AVERAGE(BJ16,BP16,BV16) -> 0.92775608 | DB16: =_xlfn.STDEV.P(BJ16,BP16,BV16) -> 0.0016937304
A17: 2.25 | B17: 0.25027778 | D17: =A17*$F$4/$F$1 -> 2.164459 | E17: -170.02021 | F17: =(F$4+E17)/F$4 -> 0.89285123 | G17: {=INDEX(D$9:D$400,MATCH(MIN(ABS($A17-D$9:D$400)),ABS($A17-D$9:D$400),0))} -> 2.164459 | H17: =VLOOKUP(G17,D$9:F$400,3) -> 0.89285123 | J17: =$A17*L$4/$F$1 -> 2.1513902 | K17: -159.9536 | L17: =(L$4+K17)/L$4 -> 0.89858298 | M17: {=INDEX(J$9:J$400,MATCH(MIN(ABS($A17-J$9:J$400)),ABS($A17-J$9:J$400),0))} -> 2.1513902 | N17: =VLOOKUP(M17,J$9:L$400,3) -> 0.89858298 | P17: =$A17*R$4/$F$1 -> 2.1244516 | Q17: -159.6457 | R17: =(R$4+Q17)/R$4 -> 0.89749469 | S17: {=INDEX(P$9:P$400,MATCH(MIN(ABS($A17-P$9:P$400)),ABS($A17-P$9:P$400),0))} -> 2.3605018 | T17: =VLOOKUP(S17,P$9:R$400,3) -> 0.8863918 | V17: =$A17*X$4/$F$1 -> 2.1795611 | W17: -125.62239 | X17: =(X$4+W17)/X$4 -> 0.92137982 | Y17: {=INDEX(V$9:V$400,MATCH(MIN(ABS($A17-V$9:V$400)),ABS($A17-V$9:V$400),0))} -> 2.1795611 | Z17: =VLOOKUP(Y17,V$9:X$400,3) -> 0.92137982 | AB17: =$A17*AD$4/$F$1 -> 2.1319998 | AC17: -130.16325 | AD17: =(AD$4+AC17)/AD$4 -> 0.91672067 | AE17: {=INDEX(AB$9:AB$400,MATCH(MIN(ABS($A17-AB$9:AB$400)),ABS($A17-AB$9:AB$400),0))} -> 2.1319998 | AF17: =VLOOKUP(AE17,AB$9:AD$400,3) -> 0.91672067 | AH17: =$A17*AJ$4/$F$1 -> 2.1654197 | AI17: -125.59271 | AJ17: =(AJ$4+AI17)/AJ$4 -> 0.92088509 | AK17: {=INDEX(AH$9:AH$400,MATCH(MIN(ABS($A17-AH$9:AH$400)),ABS($A17-AH$9:AH$400),0))} -> 2.1654197 | AL17: =VLOOKUP(AK17,AH$9:AJ$400,3) -> 0.92088509 | AN17: =$A17*AP$4/$F$1 -> 2.1854011 | AO17: -163.31638 | AP17: =(AP$4+AO17)/AP$4 -> 0.89806236 | AQ17: {=INDEX(AN$9:AN$400,MATCH(MIN(ABS($A17-AN$9:AN$400)),ABS($A17-AN$9:AN$400),0))} -> 2.1854011 | AR17: =VLOOKUP(AQ17,AN$9:AP$400,3) -> 0.89806236 | AT17: =$A17*AV$4/$F$1 -> 2.1951814 | AU17: -156.29901 | AV17: =(AV$4+AU17)/AV$4 -> 0.90287706 | AW17: {=INDEX(AT$9:AT$400,MATCH(MIN(ABS($A17-AT$9:AT$400)),ABS($A17-AT$9:AT$400),0))} -> 2.1951814 | AX17: =VLOOKUP(AW17,AT$9:AV$400,3) -> 0.90287706 | AZ17: =$A17*BB$4/$F$1 -> 2.1607881 | BA17: -156.90004 | BB17: =(BB$4+BA17)/BB$4 -> 0.90095173 | BC17: {=INDEX(AZ$9:AZ$400,MATCH(MIN(ABS($A17-AZ$9:AZ$400)),ABS($A17-AZ$9:AZ$400),0))} -> 2.1607881 | BD17: =VLOOKUP(BC17,AZ$9:BB$400,3) -> 0.90095173 | BF17: =$A17*BH$4/$F$1 -> 2.1702168 | BG17: -129.22 | BH17: =(BH$4+BG17)/BH$4 -> 0.91878007 | BI17: {=INDEX(BF$9:BF$400,MATCH(MIN(ABS($A17-BF$9:BF$400)),ABS($A17-BF$9:BF$400),0))} -> 2.1702168 | BJ17: =VLOOKUP(BI17,BF$9:BH$400,3) -> 0.91878007 | BL17: =$A17*BN$4/$F$1 -> 2.1758193 | BM17: -127.65756 | BN17: =(BN$4+BM17)/BN$4 -> 0.91996873 | BO17: {=INDEX(BL$9:BL$400,MATCH(MIN(ABS($A17-BL$9:BL$400)),ABS($A17-BL$9:BL$400),0))} -> 2.1758193 | BP17: =VLOOKUP(BO17,BL$9:BN$400,3) -> 0.91996873 | BR17: =$A17*BT$4/$F$1 -> 2.172195 | BS17: -133.07754 | BT17: =(BT$4+BS17)/BT$4 -> 0.91643162 | BU17: {=INDEX(BR$9:BR$400,MATCH(MIN(ABS($A17-BR$9:BR$400)),ABS($A17-BR$9:BR$400),0))} -> 2.172195 | BV17: =VLOOKUP(BU17,BR$9:BT$400,3) -> 0.91643162 | CI17: =AVERAGE(G17,M17,S17,Y17,AE17,AK17,AQ17,AW17,BC17,BI17,BO17,BU17) -> 2.1844111 | CJ17: =AVERAGE(H17,N17,T17,Z17,AF17,AL17,AR17,AX17,BD17,BJ17,BP17,BV17) -> 0.9078236 | CK17: =_xlfn.STDEV.P(H17,N17,T17,Z17,AF17,AL17,AR17,AX17,BD17,BJ17,BP17,BV17) -> 0.011940944 | CN17: =AVERAGE(G17,M17,S17) -> 2.2254503 | CO17: =AVERAGE(H17,N17,T17) -> 0.89260867 | CP17: =_xlfn.STDEV.P(H17,N17,T17) -> 0.0049799851 | CR17: =AVERAGE(Y17,AE17,AK17) -> 2.1589935 | CS17: =AVERAGE(Z17,AF17,AL17) -> 0.91966186 | CT17: =_xlfn.STDEV.P(Z17,AF17,AL17) -> 0.0020895203 | CV17: =AVERAGE(AQ17,AW17,BC17) -> 2.1804569 | CW17: =AVERAGE(AR17,AX17,BD17) -> 0.90063038 | CX17: =_xlfn.STDEV.P(AR17,AX17,BD17) -> 0.0019786844 | CZ17: =AVERAGE(BI17,BO17,BU17) -> 2.1727437 | DA17: =AVERAGE(BJ17,BP17,BV17) -> 0.91839347 | DB17: =_xlfn.STDEV.P(BJ17,BP17,BV17) -> 0.0014696651
A18: 2.5 | B18: 0.25 | D18: =A18*$F$4/$F$1 -> 2.4049544 | E18: -187.77248 | F18: =(F$4+E18)/F$4 -> 0.88166354 | G18: {=INDEX(D$9:D$400,MATCH(MIN(ABS($A18-D$9:D$400)),ABS($A18-D$9:D$400),0))} -> 2.4049544 | H18: =VLOOKUP(G18,D$9:F$400,3) -> 0.88166354 | J18: =$A18*L$4/$F$1 -> 2.3904336 | K18: -177.17741 | L18: =(L$4+K18)/L$4 -> 0.88766239 | M18: {=INDEX(J$9:J$400,MATCH(MIN(ABS($A18-J$9:J$400)),ABS($A18-J$9:J$400),0))} -> 2.3904336 | N18: =VLOOKUP(M18,J$9:L$400,3) -> 0.88766239 | P18: =$A18*R$4/$F$1 -> 2.3605018 | Q18: -176.93776 | R18: =(R$4+Q18)/R$4 -> 0.8863918 | S18: {=INDEX(P$9:P$400,MATCH(MIN(ABS($A18-P$9:P$400)),ABS($A18-P$9:P$400),0))} -> 2.596552 | T18: =VLOOKUP(S18,P$9:R$400,3) -> 0.87547121 | V18: =$A18*X$4/$F$1 -> 2.4217345 | W18: -139.47729 | X18: =(X$4+W18)/X$4 -> 0.9127088 | Y18: {=INDEX(V$9:V$400,MATCH(MIN(ABS($A18-V$9:V$400)),ABS($A18-V$9:V$400),0))} -> 2.4217345 | Z18: =VLOOKUP(Y18,V$9:X$400,3) -> 0.9127088 | AB18: =$A18*AD$4/$F$1 -> 2.3688887 | AC18: -145.54514 | AD18: =(AD$4+AC18)/AD$4 -> 0.90687923 | AE18: {=INDEX(AB$9:AB$400,MATCH(MIN(ABS($A18-AB$9:AB$400)),ABS($A18-AB$9:AB$400),0))} -> 2.6057775 | AF18: =VLOOKUP(AE18,AB$9:AD$400,3) -> 0.8976096 | AH18: =$A18*AJ$4/$F$1 -> 2.4060219 | AI18: -140.70083 | AJ18: =(AJ$4+AI18)/AJ$4 -> 0.911368 | AK18: {=INDEX(AH$9:AH$400,MATCH(MIN(ABS($A18-AH$9:AH$400)),ABS($A18-AH$9:AH$400),0))} -> 2.4060219 | AL18: =VLOOKUP(AK18,AH$9:AJ$400,3) -> 0.911368 | AN18: =$A18*AP$4/$F$1 -> 2.4282235 | AO18: -182.20302 | AP18: =(AP$4+AO18)/AP$4 -> 0.88627383 | AQ18: {=INDEX(AN$9:AN$400,MATCH(MIN(ABS($A18-AN$9:AN$400)),ABS($A18-AN$9:AN$400),0))} -> 2.4282235 | AR18: =VLOOKUP(AQ18,AN$9:AP$400,3) -> 0.88627383 | AT18: =$A18*AV$4/$F$1 -> 2.4390904 | AU18: -174.42487 | AV18: =(AV$4+AU18)/AV$4 -> 0.8916138 | AW18: {=INDEX(AT$9:AT$400,MATCH(MIN(ABS($A18-AT$9:AT$400)),ABS($A18-AT$9:AT$400),0))} -> 2.4390904 | AX18: =VLOOKUP(AW18,AT$9:AV$400,3) -> 0.8916138 | AZ18: =$A18*BB$4/$F$1 -> 2.4008756 | BA18: -174.35173 | BB18: =(BB$4+BA18)/BB$4 -> 0.88993478 | BC18: {=INDEX(AZ$9:AZ$400,MATCH(MIN(ABS($A18-AZ$9:AZ$400)),ABS($A18-AZ$9:AZ$400),0))} -> 2.4008756 | BD18: =VLOOKUP(BC18,AZ$9:BB$400,3) -> 0.88993478 | BF18: =$A18*BH$4/$F$1 -> 2.411352 | BG18: -143.86554 | BH18: =(BH$4+BG18)/BH$4 -> 0.90957476 | BI18: {=INDEX(BF$9:BF$400,MATCH(MIN(ABS($A18-BF$9:BF$400)),ABS($A18-BF$9:BF$400),0))} -> 2.411352 | BJ18: =VLOOKUP(BI18,BF$9:BH$400,3) -> 0.90957476 | BL18: =$A18*BN$4/$F$1 -> 2.417577 | BM18: -143.73974 | BN18: =(BN$4+BM18)/BN$4 -> 0.90988647 | BO18: {=INDEX(BL$9:BL$400,MATCH(MIN(ABS($A18-BL$9:BL$400)),ABS($A18-BL$9:BL$400),0))} -> 2.417577 | BP18: =VLOOKUP(BO18,BL$9:BN$400,3) -> 0.90988647 | BR18: =$A18*BT$4/$F$1 -> 2.41355 | BS18: -146.10954 | BT18: =(BT$4+BS18)/BT$4 -> 0.90824795 | BU18: {=INDEX(BR$9:BR$400,MATCH(MIN(ABS($A18-BR$9:BR$400)),ABS($A18-BR$9:BR$400),0))} -> 2.41355 | BV18: =VLOOKUP(BU18,BR$9:BT$400,3) -> 0.90824795 | CI18: =AVERAGE(G18,M18,S18,Y18,AE18,AK18,AQ18,AW18,BC18,BI18,BO18,BU18) -> 2.4446785 | CJ18: =AVERAGE(H18,N18,T18,Z18,AF18,AL18,AR18,AX18,BD18,BJ18,BP18,BV18) -> 0.89683459 | CK18: =_xlfn.STDEV.P(H18,N18,T18,Z18,AF18,AL18,AR18,AX18,BD18,BJ18,BP18,BV18) -> 0.012529356 | CN18: =AVERAGE(G18,M18,S18) -> 2.46398 | CO18: =AVERAGE(H18,N18,T18) -> 0.88159905 | CP18: =_xlfn.STDEV.P(H18,N18,T18) -> 0.0049772404 | CR18: =AVERAGE(Y18,AE18,AK18) -> 2.4778446 | CS18: =AVERAGE(Z18,AF18,AL18) -> 0.9072288 | CT18: =_xlfn.STDEV.P(Z18,AF18,AL18) -> 0.0068237927 | CV18: =AVERAGE(AQ18,AW18,BC18) -> 2.4227298 | CW18: =AVERAGE(AR18,AX18,BD18) -> 0.88927414 | CX18: =_xlfn.STDEV.P(AR18,AX18,BD18) -> 0.0022295204 | CZ18: =AVERAGE(BI18,BO18,BU18) -> 2.4141597 | DA18: =AVERAGE(BJ18,BP18,BV18) -> 0.90923639 | DB18: =_xlfn.STDEV.P(BJ18,BP18,BV18) -> 0.00071042431
A19: 2.75 | B19: 0.25 | D19: =A19*$F$4/$F$1 -> 2.6454499 | E19: -204.50625 | F19: =(F$4+E19)/F$4 -> 0.87111772 | G19: {=INDEX(D$9:D$400,MATCH(MIN(ABS($A19-D$9:D$400)),ABS($A19-D$9:D$400),0))} -> 2.6454499 | H19: =VLOOKUP(G19,D$9:F$400,3) -> 0.87111772 | J19: =$A19*L$4/$F$1 -> 2.6294769 | K19: -194.33704 | L19: =(L$4+K19)/L$4 -> 0.8767825 | M19: {=INDEX(J$9:J$400,MATCH(MIN(ABS($A19-J$9:J$400)),ABS($A19-J$9:J$400),0))} -> 2.8682547 | N19: =VLOOKUP(M19,J$9:L$400,3) -> 0.86622473 | P19: =$A19*R$4/$F$1 -> 2.596552 | Q19: -193.94591 | R19: =(R$4+Q19)/R$4 -> 0.87547121 | S19: {=INDEX(P$9:P$400,MATCH(MIN(ABS($A19-P$9:P$400)),ABS($A19-P$9:P$400),0))} -> 2.8323399 | T19: =VLOOKUP(S19,P$9:R$400,3) -> 0.86505011 | V19: =$A19*X$4/$F$1 -> 2.663908 | W19: -154.62749 | X19: =(X$4+W19)/X$4 -> 0.90322712 | Y19: {=INDEX(V$9:V$400,MATCH(MIN(ABS($A19-V$9:V$400)),ABS($A19-V$9:V$400),0))} -> 2.663908 | Z19: =VLOOKUP(Y19,V$9:X$400,3) -> 0.90322712 | AB19: =$A19*AD$4/$F$1 -> 2.6057775 | AC19: -160.03332 | AD19: =(AD$4+AC19)/AD$4 -> 0.8976096 | AE19: {=INDEX(AB$9:AB$400,MATCH(MIN(ABS($A19-AB$9:AB$400)),ABS($A19-AB$9:AB$400),0))} -> 2.8424032 | AF19: =VLOOKUP(AE19,AB$9:AD$400,3) -> 0.88804252 | AH19: =$A19*AJ$4/$F$1 -> 2.6466241 | AI19: -156.65119 | AJ19: =(AJ$4+AI19)/AJ$4 -> 0.90132035 | AK19: {=INDEX(AH$9:AH$400,MATCH(MIN(ABS($A19-AH$9:AH$400)),ABS($A19-AH$9:AH$400),0))} -> 2.6466241 | AL19: =VLOOKUP(AK19,AH$9:AJ$400,3) -> 0.90132035 | AN19: =$A19*AP$4/$F$1 -> 2.6710458 | AO19: -200.85776 | AP19: =(AP$4+AO19)/AP$4 -> 0.87463005 | AQ19: {=INDEX(AN$9:AN$400,MATCH(MIN(ABS($A19-AN$9:AN$400)),ABS($A19-AN$9:AN$400),0))} -> 2.6710458 | AR19: =VLOOKUP(AQ19,AN$9:AP$400,3) -> 0.87463005 | AT19: =$A19*AV$4/$F$1 -> 2.6829995 | AU19: -192.34846 | AV19: =(AV$4+AU19)/AV$4 -> 0.88047622 | AW19: {=INDEX(AT$9:AT$400,MATCH(MIN(ABS($A19-AT$9:AT$400)),ABS($A19-AT$9:AT$400),0))} -> 2.6829995 | AX19: =VLOOKUP(AW19,AT$9:AV$400,3) -> 0.88047622 | AZ19: =$A19*BB$4/$F$1 -> 2.6409632 | BA19: -192.22535 | BB19: =(BB$4+BA19)/BB$4 -> 0.87865148 | BC19: {=INDEX(AZ$9:AZ$400,MATCH(MIN(ABS($A19-AZ$9:AZ$400)),ABS($A19-AZ$9:AZ$400),0))} -> 2.6409632 | BD19: =VLOOKUP(BC19,AZ$9:BB$400,3) -> 0.87865148 | BF19: =$A19*BH$4/$F$1 -> 2.6524872 | BG19: -157.61273 | BH19: =(BH$4+BG19)/BH$4 -> 0.90093411 | BI19: {=INDEX(BF$9:BF$400,MATCH(MIN(ABS($A19-BF$9:BF$400)),ABS($A19-BF$9:BF$400),0))} -> 2.6524872 | BJ19: =VLOOKUP(BI19,BF$9:BH$400,3) -> 0.90093411 | BL19: =$A19*BN$4/$F$1 -> 2.6593347 | BM19: -159.56987 | BN19: =(BN$4+BM19)/BN$4 -> 0.89996222 | BO19: {=INDEX(BL$9:BL$400,MATCH(MIN(ABS($A19-BL$9:BL$400)),ABS($A19-BL$9:BL$400),0))} -> 2.6593347 | BP19: =VLOOKUP(BO19,BL$9:BN$400,3) -> 0.89996222 | BR19: =$A19*BT$4/$F$1 -> 2.654905 | BS19: -161.58148 | BT19: =(BT$4+BS19)/BT$4 -> 0.89853207 | BU19: {=INDEX(BR$9:BR$400,MATCH(MIN(ABS($A19-BR$9:BR$400)),ABS($A19-BR$9:BR$400),0))} -> 2.654905 | BV19: =VLOOKUP(BU19,BR$9:BT$400,3) -> 0.89853207 | CI19: =AVERAGE(G19,M19,S19,Y19,AE19,AK19,AQ19,AW19,BC19,BI19,BO19,BU19) -> 2.7050596 | CJ19: =AVERAGE(H19,N19,T19,Z19,AF19,AL19,AR19,AX19,BD19,BJ19,BP19,BV19) -> 0.88568072 | CK19: =_xlfn.STDEV.P(H19,N19,T19,Z19,AF19,AL19,AR19,AX19,BD19,BJ19,BP19,BV19) -> 0.014067367 | CN19: =AVERAGE(G19,M19,S19) -> 2.7820148 | CO19: =AVERAGE(H19,N19,T19) -> 0.86746418 | CP19: =_xlfn.STDEV.P(H19,N19,T19) -> 0.0026275655 | CR19: =AVERAGE(Y19,AE19,AK19) -> 2.7176451 | CS19: =AVERAGE(Z19,AF19,AL19) -> 0.89753 | CT19: =_xlfn.STDEV.P(Z19,AF19,AL19) -> 0.0067536702 | CV19: =AVERAGE(AQ19,AW19,BC19) -> 2.6650028 | CW19: =AVERAGE(AR19,AX19,BD19) -> 0.87791925 | CX19: =_xlfn.STDEV.P(AR19,AX19,BD19) -> 0.0024422065 | CZ19: =AVERAGE(BI19,BO19,BU19) -> 2.6555756 | DA19: =AVERAGE(BJ19,BP19,BV19) -> 0.89980947 | DB19: =_xlfn.STDEV.P(BJ19,BP19,BV19) -> 0.00098655602
A20: 2.9997222 | B20: 0.24972222 | D20: =A20*$F$4/$F$1 -> 2.8856781 | E20: -221.24002 | F20: =(F$4+E20)/F$4 -> 0.86057189 | G20: {=INDEX(D$9:D$400,MATCH(MIN(ABS($A20-D$9:D$400)),ABS($A20-D$9:D$400),0))} -> 2.8856781 | H20: =VLOOKUP(G20,D$9:F$400,3) -> 0.86057189 | J20: =$A20*L$4/$F$1 -> 2.8682547 | K20: -210.98862 | L20: =(L$4+K20)/L$4 -> 0.86622473 | M20: {=INDEX(J$9:J$400,MATCH(MIN(ABS($A20-J$9:J$400)),ABS($A20-J$9:J$400),0))} -> 3.1075637 | N20: =VLOOKUP(M20,J$9:L$400,3) -> 0.85570944 | P20: =$A20*R$4/$F$1 -> 2.8323399 | Q20: -210.17612 | R20: =(R$4+Q20)/R$4 -> 0.86505011 | S20: {=INDEX(P$9:P$400,MATCH(MIN(ABS($A20-P$9:P$400)),ABS($A20-P$9:P$400),0))} -> 3.0686523 | T20: =VLOOKUP(S20,P$9:R$400,3) -> 0.85421367 | V20: =$A20*X$4/$F$1 -> 2.9058124 | W20: -170.76158 | X20: =(X$4+W20)/X$4 -> 0.89312968 | Y20: {=INDEX(V$9:V$400,MATCH(MIN(ABS($A20-V$9:V$400)),ABS($A20-V$9:V$400),0))} -> 2.9058124 | Z20: =VLOOKUP(Y20,V$9:X$400,3) -> 0.89312968 | AB20: =$A20*AD$4/$F$1 -> 2.8424032 | AC20: -174.98639 | AD20: =(AD$4+AC20)/AD$4 -> 0.88804252 | AE20: {=INDEX(AB$9:AB$400,MATCH(MIN(ABS($A20-AB$9:AB$400)),ABS($A20-AB$9:AB$400),0))} -> 3.0795553 | AF20: =VLOOKUP(AE20,AB$9:AD$400,3) -> 0.87811562 | AH20: =$A20*AJ$4/$F$1 -> 2.8869589 | AI20: -172.80926 | AJ20: =(AJ$4+AI20)/AJ$4 -> 0.89114185 | AK20: {=INDEX(AH$9:AH$400,MATCH(MIN(ABS($A20-AH$9:AH$400)),ABS($A20-AH$9:AH$400),0))} -> 2.8869589 | AL20: =VLOOKUP(AK20,AH$9:AJ$400,3) -> 0.89114185 | AN20: =$A20*AP$4/$F$1 -> 2.9135984 | AO20: -218.84072 | AP20: =(AP$4+AO20)/AP$4 -> 0.86340557 | AQ20: {=INDEX(AN$9:AN$400,MATCH(MIN(ABS($A20-AN$9:AN$400)),ABS($A20-AN$9:AN$400),0))} -> 2.9135984 | AR20: =VLOOKUP(AQ20,AN$9:AP$400,3) -> 0.86340557 | AT20: =$A20*AV$4/$F$1 -> 2.9266375 | AU20: -210.27844 | AV20: =(AV$4+AU20)/AV$4 -> 0.86933468 | AW20: {=INDEX(AT$9:AT$400,MATCH(MIN(ABS($A20-AT$9:AT$400)),ABS($A20-AT$9:AT$400),0))} -> 2.9266375 | AX20: =VLOOKUP(AW20,AT$9:AV$400,3) -> 0.86933468 | AZ20: =$A20*BB$4/$F$1 -> 2.880784 | BA20: -209.29205 | BB20: =(BB$4+BA20)/BB$4 -> 0.86787757 | BC20: {=INDEX(AZ$9:AZ$400,MATCH(MIN(ABS($A20-AZ$9:AZ$400)),ABS($A20-AZ$9:AZ$400),0))} -> 2.880784 | BD20: =VLOOKUP(BC20,AZ$9:BB$400,3) -> 0.86787757 | BF20: =$A20*BH$4/$F$1 -> 2.8933545 | BG20: -172.5802 | BH20: =(BH$4+BG20)/BH$4 -> 0.89152645 | BI20: {=INDEX(BF$9:BF$400,MATCH(MIN(ABS($A20-BF$9:BF$400)),ABS($A20-BF$9:BF$400),0))} -> 2.8933545 | BJ20: =VLOOKUP(BI20,BF$9:BH$400,3) -> 0.89152645 | BL20: =$A20*BN$4/$F$1 -> 2.9008238 | BM20: -175.36756 | BN20: =(BN$4+BM20)/BN$4 -> 0.89005831 | BO20: {=INDEX(BL$9:BL$400,MATCH(MIN(ABS($A20-BL$9:BL$400)),ABS($A20-BL$9:BL$400),0))} -> 2.9008238 | BP20: =VLOOKUP(BO20,BL$9:BN$400,3) -> 0.89005831 | BR20: =$A20*BT$4/$F$1 -> 2.8959918 | BS20: -177.71088 | BT20: =(BT$4+BS20)/BT$4 -> 0.88840334 | BU20: {=INDEX(BR$9:BR$400,MATCH(MIN(ABS($A20-BR$9:BR$400)),ABS($A20-BR$9:BR$400),0))} -> 2.8959918 | BV20: =VLOOKUP(BU20,BR$9:BT$400,3) -> 0.88840334 | CI20: =AVERAGE(G20,M20,S20,Y20,AE20,AK20,AQ20,AW20,BC20,BI20,BO20,BU20) -> 2.9454509 | CJ20: =AVERAGE(H20,N20,T20,Z20,AF20,AL20,AR20,AX20,BD20,BJ20,BP20,BV20) -> 0.87529067 | CK20: =_xlfn.STDEV.P(H20,N20,T20,Z20,AF20,AL20,AR20,AX20,BD20,BJ20,BP20,BV20) -> 0.0144542 | CN20: =AVERAGE(G20,M20,S20) -> 3.0206314 | CO20: =AVERAGE(H20,N20,T20) -> 0.85683167 | CP20: =_xlfn.STDEV.P(H20,N20,T20) -> 0.0027143182 | CR20: =AVERAGE(Y20,AE20,AK20) -> 2.9574422 | CS20: =AVERAGE(Z20,AF20,AL20) -> 0.88746239 | CT20: =_xlfn.STDEV.P(Z20,AF20,AL20) -> 0.0066587954 | CV20: =AVERAGE(AQ20,AW20,BC20) -> 2.9070066 | CW20: =AVERAGE(AR20,AX20,BD20) -> 0.86687261 | CX20: =_xlfn.STDEV.P(AR20,AX20,BD20) -> 0.0025227005 | CZ20: =AVERAGE(BI20,BO20,BU20) -> 2.8967234 | DA20: =AVERAGE(BJ20,BP20,BV20) -> 0.88999603 | DB20: =_xlfn.STDEV.P(BJ20,BP20,BV20) -> 0.0012757659
A21: 3.25 | B21: 0.25027778 | D21: =A21*$F$4/$F$1 -> 3.1264408 | E21: -238.09813 | F21: =(F$4+E21)/F$4 -> 0.84994771 | G21: {=INDEX(D$9:D$400,MATCH(MIN(ABS($A21-D$9:D$400)),ABS($A21-D$9:D$400),0))} -> 3.3669362 | H21: =VLOOKUP(G21,D$9:F$400,3) -> 0.83820843 | J21: =$A21*L$4/$F$1 -> 3.1075637 | K21: -227.5732 | L21: =(L$4+K21)/L$4 -> 0.85570944 | M21: {=INDEX(J$9:J$400,MATCH(MIN(ABS($A21-J$9:J$400)),ABS($A21-J$9:J$400),0))} -> 3.346607 | N21: =VLOOKUP(M21,J$9:L$400,3) -> 0.84462809 | P21: =$A21*R$4/$F$1 -> 3.0686523 | Q21: -227.0532 | R21: =(R$4+Q21)/R$4 -> 0.85421367 | S21: {=INDEX(P$9:P$400,MATCH(MIN(ABS($A21-P$9:P$400)),ABS($A21-P$9:P$400),0))} -> 3.3047025 | T21: =VLOOKUP(S21,P$9:R$400,3) -> 0.84268829 | V21: =$A21*X$4/$F$1 -> 3.1482549 | W21: -186.3029 | X21: =(X$4+W21)/X$4 -> 0.88340322 | Y21: {=INDEX(V$9:V$400,MATCH(MIN(ABS($A21-V$9:V$400)),ABS($A21-V$9:V$400),0))} -> 3.1482549 | Z21: =VLOOKUP(Y21,V$9:X$400,3) -> 0.88340322 | AB21: =$A21*AD$4/$F$1 -> 3.0795553 | AC21: -190.50185 | AD21: =(AD$4+AC21)/AD$4 -> 0.87811562 | AE21: {=INDEX(AB$9:AB$400,MATCH(MIN(ABS($A21-AB$9:AB$400)),ABS($A21-AB$9:AB$400),0))} -> 3.3164441 | AF21: =VLOOKUP(AE21,AB$9:AD$400,3) -> 0.86802806 | AH21: =$A21*AJ$4/$F$1 -> 3.1278285 | AI21: -189.01543 | AJ21: =(AJ$4+AI21)/AJ$4 -> 0.88093307 | AK21: {=INDEX(AH$9:AH$400,MATCH(MIN(ABS($A21-AH$9:AH$400)),ABS($A21-AH$9:AH$400),0))} -> 3.3684306 | AL21: =VLOOKUP(AK21,AH$9:AJ$400,3) -> 0.8705175 | AN21: =$A21*AP$4/$F$1 -> 3.1566905 | AO21: -236.83094 | AP21: =(AP$4+AO21)/AP$4 -> 0.85217657 | AQ21: {=INDEX(AN$9:AN$400,MATCH(MIN(ABS($A21-AN$9:AN$400)),ABS($A21-AN$9:AN$400),0))} -> 3.1566905 | AR21: =VLOOKUP(AQ21,AN$9:AP$400,3) -> 0.85217657 | AT21: =$A21*AV$4/$F$1 -> 3.1708176 | AU21: -227.51566 | AV21: =(AV$4+AU21)/AV$4 -> 0.85862361 | AW21: {=INDEX(AT$9:AT$400,MATCH(MIN(ABS($A21-AT$9:AT$400)),ABS($A21-AT$9:AT$400),0))} -> 3.1708176 | AX21: =VLOOKUP(AW21,AT$9:AV$400,3) -> 0.85862361 | AZ21: =$A21*BB$4/$F$1 -> 3.1211383 | BA21: -225.86717 | BB21: =(BB$4+BA21)/BB$4 -> 0.85741398 | BC21: {=INDEX(AZ$9:AZ$400,MATCH(MIN(ABS($A21-AZ$9:AZ$400)),ABS($A21-AZ$9:AZ$400),0))} -> 3.3612259 | BD21: =VLOOKUP(BC21,AZ$9:BB$400,3) -> 0.84653575 | BF21: =$A21*BH$4/$F$1 -> 3.1347576 | BG21: -186.6175 | BH21: =(BH$4+BG21)/BH$4 -> 0.88270344 | BI21: {=INDEX(BF$9:BF$400,MATCH(MIN(ABS($A21-BF$9:BF$400)),ABS($A21-BF$9:BF$400),0))} -> 3.1347576 | BJ21: =VLOOKUP(BI21,BF$9:BH$400,3) -> 0.88270344 | BL21: =$A21*BN$4/$F$1 -> 3.1428501 | BM21: -191.54855 | BN21: =(BN$4+BM21)/BN$4 -> 0.87991409 | BO21: {=INDEX(BL$9:BL$400,MATCH(MIN(ABS($A21-BL$9:BL$400)),ABS($A21-BL$9:BL$400),0))} -> 3.1428501 | BP21: =VLOOKUP(BO21,BL$9:BN$400,3) -> 0.87991409 | BR21: =$A21*BT$4/$F$1 -> 3.137615 | BS21: -194.30767 | BT21: =(BT$4+BS21)/BT$4 -> 0.87798109 | BU21: {=INDEX(BR$9:BR$400,MATCH(MIN(ABS($A21-BR$9:BR$400)),ABS($A21-BR$9:BR$400),0))} -> 3.137615 | BV21: =VLOOKUP(BU21,BR$9:BT$400,3) -> 0.87798109 | CI21: =AVERAGE(G21,M21,S21,Y21,AE21,AK21,AQ21,AW21,BC21,BI21,BO21,BU21) -> 3.2462777 | CJ21: =AVERAGE(H21,N21,T21,Z21,AF21,AL21,AR21,AX21,BD21,BJ21,BP21,BV21) -> 0.86211735 | CK21: =_xlfn.STDEV.P(H21,N21,T21,Z21,AF21,AL21,AR21,AX21,BD21,BJ21,BP21,BV21) -> 0.016226439 | CN21: =AVERAGE(G21,M21,S21) -> 3.3394152 | CO21: =AVERAGE(H21,N21,T21) -> 0.8418416 | CP21: =_xlfn.STDEV.P(H21,N21,T21) -> 0.002688326 | CR21: =AVERAGE(Y21,AE21,AK21) -> 3.2777099 | CS21: =AVERAGE(Z21,AF21,AL21) -> 0.87398293 | CT21: =_xlfn.STDEV.P(Z21,AF21,AL21) -> 0.0067382348 | CV21: =AVERAGE(AQ21,AW21,BC21) -> 3.229578 | CW21: =AVERAGE(AR21,AX21,BD21) -> 0.85244531 | CX21: =_xlfn.STDEV.P(AR21,AX21,BD21) -> 0.0049385078 | CZ21: =AVERAGE(BI21,BO21,BU21) -> 3.1384076 | DA21: =AVERAGE(BJ21,BP21,BV21) -> 0.88019954 | DB21: =_xlfn.STDEV.P(BJ21,BP21,BV21) -> 0.0019384294
... A158: 51.75 | B158: 0.5 | D158: =A158*$F$4/$F$1 -> 49.782557 | E158: -594.94963 | F158: =(F$4+E158)/F$4 -> 0.62505563 | G158: {=INDEX(D$9:D$400,MATCH(MIN(ABS($A158-D$9:D$400)),ABS($A158-D$9:D$400),0))} -> 51.70652 | H158: =VLOOKUP(G158,D$9:F$400,3) -> 0.62225288 | J158: =$A158*L$4/$F$1 -> 49.481975 | K158: -606.44555 | L158: =(L$4+K158)/L$4 -> 0.61548913 | M158: {=INDEX(J$9:J$400,MATCH(MIN(ABS($A158-J$9:J$400)),ABS($A158-J$9:J$400),0))} -> 51.872409 | N158: =VLOOKUP(M158,J$9:L$400,3) -> 0.61240052 | P158: =$A158*R$4/$F$1 -> 48.862387 | Q158: -617.56769 | R158: =(R$4+Q158)/R$4 -> 0.60347212 | S158: {=INDEX(P$9:P$400,MATCH(MIN(ABS($A158-P$9:P$400)),ABS($A158-P$9:P$400),0))} -> 51.694989 | T158: =VLOOKUP(S158,P$9:R$400,3) -> 0.59823914 | V158: =$A158*X$4/$F$1 -> 50.129905 | W158: -553.66349 | X158: =(X$4+W158)/X$4 -> 0.65349234 | Y158: {=INDEX(V$9:V$400,MATCH(MIN(ABS($A158-V$9:V$400)),ABS($A158-V$9:V$400),0))} -> 51.582945 | Z158: =VLOOKUP(Y158,V$9:X$400,3) -> 0.65162494 | AB158: =$A158*AD$4/$F$1 -> 49.035995 | AC158: -562.91628 | AD158: =(AD$4+AC158)/AD$4 -> 0.63984234 | AE158: {=INDEX(AB$9:AB$400,MATCH(MIN(ABS($A158-AB$9:AB$400)),ABS($A158-AB$9:AB$400),0))} -> 51.878662 | AF158: =VLOOKUP(AE158,AB$9:AD$400,3) -> 0.63597042 | AH158: =$A158*AJ$4/$F$1 -> 49.804653 | AI158: -512.74123 | AJ158: =(AJ$4+AI158)/AJ$4 -> 0.67700771 | AK158: {=INDEX(AH$9:AH$400,MATCH(MIN(ABS($A158-AH$9:AH$400)),ABS($A158-AH$9:AH$400),0))} -> 51.729471 | AL158: =VLOOKUP(AK158,AH$9:AJ$400,3) -> 0.67429938 | AN158: =$A158*AP$4/$F$1 -> 50.264226 | AO158: -621.14513 | AP158: =(AP$4+AO158)/AP$4 -> 0.61229811 | AQ158: {=INDEX(AN$9:AN$400,MATCH(MIN(ABS($A158-AN$9:AN$400)),ABS($A158-AN$9:AN$400),0))} -> 51.72116 | AR158: =VLOOKUP(AQ158,AN$9:AP$400,3) -> 0.61033986 | AT158: =$A158*AV$4/$F$1 -> 50.489172 | AU158: -616.51811 | AV158: =(AV$4+AU158)/AV$4 -> 0.61690064 | AW158: {=INDEX(AT$9:AT$400,MATCH(MIN(ABS($A158-AT$9:AT$400)),ABS($A158-AT$9:AT$400),0))} -> 51.952626 | AX158: =VLOOKUP(AW158,AT$9:AV$400,3) -> 0.61474808 | AZ158: =$A158*BB$4/$F$1 -> 49.698125 | BA158: -568.26419 | BB158: =(BB$4+BA158)/BB$4 -> 0.64126469 | BC158: {=INDEX(AZ$9:AZ$400,MATCH(MIN(ABS($A158-AZ$9:AZ$400)),ABS($A158-AZ$9:AZ$400),0))} -> 51.618826 | BD158: =VLOOKUP(BC158,AZ$9:BB$400,3) -> 0.63763565 | BF158: =$A158*BH$4/$F$1 -> 49.914986 | BG158: -574.07004 | BH158: =(BH$4+BG158)/BH$4 -> 0.63917405 | BI158: {=INDEX(BF$9:BF$400,MATCH(MIN(ABS($A158-BF$9:BF$400)),ABS($A158-BF$9:BF$400),0))} -> 51.844068 | BJ158: =VLOOKUP(BI158,BF$9:BH$400,3) -> 0.63278759 | BL158: =$A158*BN$4/$F$1 -> 50.043844 | BM158: -564.46369 | BN158: =(BN$4+BM158)/BN$4 -> 0.64612557 | BO158: {=INDEX(BL$9:BL$400,MATCH(MIN(ABS($A158-BL$9:BL$400)),ABS($A158-BL$9:BL$400),0))} -> 51.977906 | BP158: =VLOOKUP(BO158,BL$9:BN$400,3) -> 0.6391414 | BR158: =$A158*BT$4/$F$1 -> 49.960485 | BS158: -569.00449 | BT158: =(BT$4+BS158)/BT$4 -> 0.64268366 | BU158: {=INDEX(BR$9:BR$400,MATCH(MIN(ABS($A158-BR$9:BR$400)),ABS($A158-BR$9:BR$400),0))} -> 51.891325 | BV158: =VLOOKUP(BU158,BR$9:BT$400,3) -> 0.63604568 | CI158: =AVERAGE(G158,M158,S158,Y158,AE158,AK158,AQ158,AW158,BC158,BI158,BO158,BU158) -> 51.789242 | CJ158: =AVERAGE(H158,N158,T158,Z158,AF158,AL158,AR158,AX158,BD158,BJ158,BP158,BV158) -> 0.63045713 | CK158: =_xlfn.STDEV.P(H158,N158,T158,Z158,AF158,AL158,AR158,AX158,BD158,BJ158,BP158,BV158) -> 0.019678785 | CN158: =AVERAGE(G158,M158,S158) -> 51.757973 | CO158: =AVERAGE(H158,N158,T158) -> 0.61096418 | CP158: =_xlfn.STDEV.P(H158,N158,T158) -> 0.0098560401 | CR158: =AVERAGE(Y158,AE158,AK158) -> 51.730359 | CS158: =AVERAGE(Z158,AF158,AL158) -> 0.65396492 | CT158: =_xlfn.STDEV.P(Z158,AF158,AL158) -> 0.015734969 | CV158: =AVERAGE(AQ158,AW158,BC158) -> 51.764204 | CW158: =AVERAGE(AR158,AX158,BD158) -> 0.62090786 | CX158: =_xlfn.STDEV.P(AR158,AX158,BD158) -> 0.011964456 | CZ158: =AVERAGE(BI158,BO158,BU158) -> 51.904433 | DA158: =AVERAGE(BJ158,BP158,BV158) -> 0.63599155 | DB158: =_xlfn.STDEV.P(BJ158,BP158,BV158) -> 0.0025942135
A159: 52.25 | B159: 0.5 | D159: =A159*$F$4/$F$1 -> 50.263548 | E159: -596.06634 | F159: =(F$4+E159)/F$4 -> 0.62435186 | G159: {=INDEX(D$9:D$400,MATCH(MIN(ABS($A159-D$9:D$400)),ABS($A159-D$9:D$400),0))} -> 52.187511 | H159: =VLOOKUP(G159,D$9:F$400,3) -> 0.6215979 | J159: =$A159*L$4/$F$1 -> 49.960062 | K159: -607.38605 | L159: =(L$4+K159)/L$4 -> 0.61489281 | M159: {=INDEX(J$9:J$400,MATCH(MIN(ABS($A159-J$9:J$400)),ABS($A159-J$9:J$400),0))} -> 52.350495 | N159: =VLOOKUP(M159,J$9:L$400,3) -> 0.61179341 | P159: =$A159*R$4/$F$1 -> 49.334487 | Q159: -618.94384 | R159: =(R$4+Q159)/R$4 -> 0.60258853 | S159: {=INDEX(P$9:P$400,MATCH(MIN(ABS($A159-P$9:P$400)),ABS($A159-P$9:P$400),0))} -> 52.16709 | T159: =VLOOKUP(S159,P$9:R$400,3) -> 0.59740263 | V159: =$A159*X$4/$F$1 -> 50.614252 | W159: -554.67806 | X159: =(X$4+W159)/X$4 -> 0.65285737 | Y159: {=INDEX(V$9:V$400,MATCH(MIN(ABS($A159-V$9:V$400)),ABS($A159-V$9:V$400),0))} -> 52.067292 | Z159: =VLOOKUP(Y159,V$9:X$400,3) -> 0.6509837 | AB159: =$A159*AD$4/$F$1 -> 49.509773 | AC159: -563.96812 | AD159: =(AD$4+AC159)/AD$4 -> 0.63916937 | AE159: {=INDEX(AB$9:AB$400,MATCH(MIN(ABS($A159-AB$9:AB$400)),ABS($A159-AB$9:AB$400),0))} -> 52.352439 | AF159: =VLOOKUP(AE159,AB$9:AD$400,3) -> 0.63534176 | AH159: =$A159*AJ$4/$F$1 -> 50.285857 | AI159: -513.76451 | AJ159: =(AJ$4+AI159)/AJ$4 -> 0.67636311 | AK159: {=INDEX(AH$9:AH$400,MATCH(MIN(ABS($A159-AH$9:AH$400)),ABS($A159-AH$9:AH$400),0))} -> 52.210675 | AL159: =VLOOKUP(AK159,AH$9:AJ$400,3) -> 0.67366867 | AN159: =$A159*AP$4/$F$1 -> 50.749871 | AO159: -622.10893 | AP159: =(AP$4+AO159)/AP$4 -> 0.61169653 | AQ159: {=INDEX(AN$9:AN$400,MATCH(MIN(ABS($A159-AN$9:AN$400)),ABS($A159-AN$9:AN$400),0))} -> 52.206805 | AR159: =VLOOKUP(AQ159,AN$9:AP$400,3) -> 0.60974818 | AT159: =$A159*AV$4/$F$1 -> 50.97699 | AU159: -617.73245 | AV159: =(AV$4+AU159)/AV$4 -> 0.61614606 | AW159: {=INDEX(AT$9:AT$400,MATCH(MIN(ABS($A159-AT$9:AT$400)),ABS($A159-AT$9:AT$400),0))} -> 52.440444 | AX159: =VLOOKUP(AW159,AT$9:AV$400,3) -> 0.61404852 | AZ159: =$A159*BB$4/$F$1 -> 50.1783 | BA159: -569.73126 | BB159: =(BB$4+BA159)/BB$4 -> 0.64033856 | BC159: {=INDEX(AZ$9:AZ$400,MATCH(MIN(ABS($A159-AZ$9:AZ$400)),ABS($A159-AZ$9:AZ$400),0))} -> 52.099001 | BD159: =VLOOKUP(BC159,AZ$9:BB$400,3) -> 0.63672481 | BF159: =$A159*BH$4/$F$1 -> 50.397257 | BG159: -576.71676 | BH159: =(BH$4+BG159)/BH$4 -> 0.63751048 | BI159: {=INDEX(BF$9:BF$400,MATCH(MIN(ABS($A159-BF$9:BF$400)),ABS($A159-BF$9:BF$400),0))} -> 52.326338 | BJ159: =VLOOKUP(BI159,BF$9:BH$400,3) -> 0.63130027 | BL159: =$A159*BN$4/$F$1 -> 50.52736 | BM159: -567.11579 | BN159: =(BN$4+BM159)/BN$4 -> 0.64446291 | BO159: {=INDEX(BL$9:BL$400,MATCH(MIN(ABS($A159-BL$9:BL$400)),ABS($A159-BL$9:BL$400),0))} -> 52.461421 | BP159: =VLOOKUP(BO159,BL$9:BN$400,3) -> 0.63727043 | BR159: =$A159*BT$4/$F$1 -> 50.443195 | BS159: -571.54212 | BT159: =(BT$4+BS159)/BT$4 -> 0.64109011 | BU159: {=INDEX(BR$9:BR$400,MATCH(MIN(ABS($A159-BR$9:BR$400)),ABS($A159-BR$9:BR$400),0))} -> 52.374035 | BV159: =VLOOKUP(BU159,BR$9:BT$400,3) -> 0.63442696
A160: 52.75 | B160: 0.5 | D160: =A160*$F$4/$F$1 -> 50.744539 | E160: -597.20253 | F160: =(F$4+E160)/F$4 -> 0.62363583 | G160: {=INDEX(D$9:D$400,MATCH(MIN(ABS($A160-D$9:D$400)),ABS($A160-D$9:D$400),0))} -> 52.668502 | H160: =VLOOKUP(G160,D$9:F$400,3) -> 0.62088912 | J160: =$A160*L$4/$F$1 -> 50.438149 | K160: -608.40288 | L160: =(L$4+K160)/L$4 -> 0.6142481 | M160: {=INDEX(J$9:J$400,MATCH(MIN(ABS($A160-J$9:J$400)),ABS($A160-J$9:J$400),0))} -> 52.828582 | N160: =VLOOKUP(M160,J$9:L$400,3) -> 0.61114342 | P160: =$A160*R$4/$F$1 -> 49.806588 | Q160: -620.29093 | R160: =(R$4+Q160)/R$4 -> 0.60172359 | S160: {=INDEX(P$9:P$400,MATCH(MIN(ABS($A160-P$9:P$400)),ABS($A160-P$9:P$400),0))} -> 52.638928 | T160: =VLOOKUP(S160,P$9:R$400,3) -> 0.59653584 | V160: =$A160*X$4/$F$1 -> 51.098599 | W160: -555.67461 | X160: =(X$4+W160)/X$4 -> 0.65223369 | Y160: {=INDEX(V$9:V$400,MATCH(MIN(ABS($A160-V$9:V$400)),ABS($A160-V$9:V$400),0))} -> 52.551639 | Z160: =VLOOKUP(Y160,V$9:X$400,3) -> 0.65032585 | AB160: =$A160*AD$4/$F$1 -> 49.983551 | AC160: -564.97255 | AD160: =(AD$4+AC160)/AD$4 -> 0.63852673 | AE160: {=INDEX(AB$9:AB$400,MATCH(MIN(ABS($A160-AB$9:AB$400)),ABS($A160-AB$9:AB$400),0))} -> 52.825954 | AF160: =VLOOKUP(AE160,AB$9:AD$400,3) -> 0.6347611 | AH160: =$A160*AJ$4/$F$1 -> 50.767062 | AI160: -514.87608 | AJ160: =(AJ$4+AI160)/AJ$4 -> 0.67566289 | AK160: {=INDEX(AH$9:AH$400,MATCH(MIN(ABS($A160-AH$9:AH$400)),ABS($A160-AH$9:AH$400),0))} -> 52.691879 | AL160: =VLOOKUP(AK160,AH$9:AJ$400,3) -> 0.673021 | AN160: =$A160*AP$4/$F$1 -> 51.235516 | AO160: -623.16007 | AP160: =(AP$4+AO160)/AP$4 -> 0.61104044 | AQ160: {=INDEX(AN$9:AN$400,MATCH(MIN(ABS($A160-AN$9:AN$400)),ABS($A160-AN$9:AN$400),0))} -> 52.69245 | AR160: =VLOOKUP(AQ160,AN$9:AP$400,3) -> 0.60899358 | AT160: =$A160*AV$4/$F$1 -> 51.464808 | AU160: -618.86437 | AV160: =(AV$4+AU160)/AV$4 -> 0.61544269 | AW160: {=INDEX(AT$9:AT$400,MATCH(MIN(ABS($A160-AT$9:AT$400)),ABS($A160-AT$9:AT$400),0))} -> 52.928262 | AX160: =VLOOKUP(AW160,AT$9:AV$400,3) -> 0.61335196 | AZ160: =$A160*BB$4/$F$1 -> 50.658475 | BA160: -571.1508 | BB160: =(BB$4+BA160)/BB$4 -> 0.63944243 | BC160: {=INDEX(AZ$9:AZ$400,MATCH(MIN(ABS($A160-AZ$9:AZ$400)),ABS($A160-AZ$9:AZ$400),0))} -> 52.579176 | BD160: =VLOOKUP(BC160,AZ$9:BB$400,3) -> 0.63582184 | BF160: =$A160*BH$4/$F$1 -> 50.879527 | BG160: -579.22239 | BH160: =(BH$4+BG160)/BH$4 -> 0.6359356 | BI160: {=INDEX(BF$9:BF$400,MATCH(MIN(ABS($A160-BF$9:BF$400)),ABS($A160-BF$9:BF$400),0))} -> 52.808609 | BJ160: =VLOOKUP(BI160,BF$9:BH$400,3) -> 0.62977966 | BL160: =$A160*BN$4/$F$1 -> 51.010875 | BM160: -569.9726 | BN160: =(BN$4+BM160)/BN$4 -> 0.64267192 | BO160: {=INDEX(BL$9:BL$400,MATCH(MIN(ABS($A160-BL$9:BL$400)),ABS($A160-BL$9:BL$400),0))} -> 52.944937 | BP160: =VLOOKUP(BO160,BL$9:BN$400,3) -> 0.6358935 | BR160: =$A160*BT$4/$F$1 -> 50.925905 | BS160: -574.4194 | BT160: =(BT$4+BS160)/BT$4 -> 0.63928327 | BU160: {=INDEX(BR$9:BR$400,MATCH(MIN(ABS($A160-BR$9:BR$400)),ABS($A160-BR$9:BR$400),0))} -> 52.856745 | BV160: =VLOOKUP(BU160,BR$9:BT$400,3) -> 0.63295854
A161: 53.25 | B161: 0.5 | D161: =A161*$F$4/$F$1 -> 51.22553 | E161: -598.33201 | F161: =(F$4+E161)/F$4 -> 0.62292401 | G161: {=INDEX(D$9:D$400,MATCH(MIN(ABS($A161-D$9:D$400)),ABS($A161-D$9:D$400),0))} -> 53.149493 | H161: =VLOOKUP(G161,D$9:F$400,3) -> 0.62021646 | J161: =$A161*L$4/$F$1 -> 50.916235 | K161: -609.39698 | L161: =(L$4+K161)/L$4 -> 0.6136178 | M161: {=INDEX(J$9:J$400,MATCH(MIN(ABS($A161-J$9:J$400)),ABS($A161-J$9:J$400),0))} -> 53.306403 | N161: =VLOOKUP(M161,J$9:L$400,3) -> 0.61052209 | P161: =$A161*R$4/$F$1 -> 50.278688 | Q161: -621.65693 | R161: =(R$4+Q161)/R$4 -> 0.6008465 | S161: {=INDEX(P$9:P$400,MATCH(MIN(ABS($A161-P$9:P$400)),ABS($A161-P$9:P$400),0))} -> 53.11129 | T161: =VLOOKUP(S161,P$9:R$400,3) -> 0.59565449 | V161: =$A161*X$4/$F$1 -> 51.582945 | W161: -556.64729 | X161: =(X$4+W161)/X$4 -> 0.65162494 | Y161: {=INDEX(V$9:V$400,MATCH(MIN(ABS($A161-V$9:V$400)),ABS($A161-V$9:V$400),0))} -> 53.035986 | Z161: =VLOOKUP(Y161,V$9:X$400,3) -> 0.64969554 | AB161: =$A161*AD$4/$F$1 -> 50.457328 | AC161: -565.99984 | AD161: =(AD$4+AC161)/AD$4 -> 0.63786946 | AE161: {=INDEX(AB$9:AB$400,MATCH(MIN(ABS($A161-AB$9:AB$400)),ABS($A161-AB$9:AB$400),0))} -> 53.299995 | AF161: =VLOOKUP(AE161,AB$9:AD$400,3) -> 0.63414162 | AH161: =$A161*AJ$4/$F$1 -> 51.248266 | AI161: -515.95309 | AJ161: =(AJ$4+AI161)/AJ$4 -> 0.67498445 | AK161: {=INDEX(AH$9:AH$400,MATCH(MIN(ABS($A161-AH$9:AH$400)),ABS($A161-AH$9:AH$400),0))} -> 53.173084 | AL161: =VLOOKUP(AK161,AH$9:AJ$400,3) -> 0.67234023 | AN161: =$A161*AP$4/$F$1 -> 51.72116 | AO161: -624.28248 | AP161: =(AP$4+AO161)/AP$4 -> 0.61033986 | AQ161: {=INDEX(AN$9:AN$400,MATCH(MIN(ABS($A161-AN$9:AN$400)),ABS($A161-AN$9:AN$400),0))} -> 53.178094 | AR161: =VLOOKUP(AQ161,AN$9:AP$400,3) -> 0.60843848 | AT161: =$A161*AV$4/$F$1 -> 51.952626 | AU161: -619.98221 | AV161: =(AV$4+AU161)/AV$4 -> 0.61474808 | AW161: {=INDEX(AT$9:AT$400,MATCH(MIN(ABS($A161-AT$9:AT$400)),ABS($A161-AT$9:AT$400),0))} -> 53.41608 | AX161: =VLOOKUP(AW161,AT$9:AV$400,3) -> 0.61264489 | AZ161: =$A161*BB$4/$F$1 -> 51.138651 | BA161: -572.6026 | BB161: =(BB$4+BA161)/BB$4 -> 0.63852593 | BC161: {=INDEX(AZ$9:AZ$400,MATCH(MIN(ABS($A161-AZ$9:AZ$400)),ABS($A161-AZ$9:AZ$400),0))} -> 53.059351 | BD161: =VLOOKUP(BC161,AZ$9:BB$400,3) -> 0.63496801 | BF161: =$A161*BH$4/$F$1 -> 51.361798 | BG161: -581.76847 | BH161: =(BH$4+BG161)/BH$4 -> 0.63433528 | BI161: {=INDEX(BF$9:BF$400,MATCH(MIN(ABS($A161-BF$9:BF$400)),ABS($A161-BF$9:BF$400),0))} -> 53.290879 | BJ161: =VLOOKUP(BI161,BF$9:BH$400,3) -> 0.62835284 | BL161: =$A161*BN$4/$F$1 -> 51.494391 | BM161: -572.88971 | BN161: =(BN$4+BM161)/BN$4 -> 0.64084312 | BO161: {=INDEX(BL$9:BL$400,MATCH(MIN(ABS($A161-BL$9:BL$400)),ABS($A161-BL$9:BL$400),0))} -> 53.428452 | BP161: =VLOOKUP(BO161,BL$9:BN$400,3) -> 0.63451224 | BR161: =$A161*BT$4/$F$1 -> 51.408615 | BS161: -577.20939 | BT161: =(BT$4+BS161)/BT$4 -> 0.63753124 | BU161: {=INDEX(BR$9:BR$400,MATCH(MIN(ABS($A161-BR$9:BR$400)),ABS($A161-BR$9:BR$400),0))} -> 53.339455 | BV161: =VLOOKUP(BU161,BR$9:BT$400,3) -> 0.63179755
A162: 53.75 | B162: 0.5 | D162: =A162*$F$4/$F$1 -> 51.70652 | E162: -599.39694 | F162: =(F$4+E162)/F$4 -> 0.62225288 | G162: {=INDEX(D$9:D$400,MATCH(MIN(ABS($A162-D$9:D$400)),ABS($A162-D$9:D$400),0))} -> 53.630217 | H162: =VLOOKUP(G162,D$9:F$400,3) -> 0.61954316 | J162: =$A162*L$4/$F$1 -> 51.394322 | K162: -610.33234 | L162: =(L$4+K162)/L$4 -> 0.61302475 | M162: {=INDEX(J$9:J$400,MATCH(MIN(ABS($A162-J$9:J$400)),ABS($A162-J$9:J$400),0))} -> 53.784756 | N162: =VLOOKUP(M162,J$9:L$400,3) -> 0.60992507 | P162: =$A162*R$4/$F$1 -> 50.750789 | Q162: -623.02008 | R162: =(R$4+Q162)/R$4 -> 0.59997125 | S162: {=INDEX(P$9:P$400,MATCH(MIN(ABS($A162-P$9:P$400)),ABS($A162-P$9:P$400),0))} -> 53.583128 | T162: =VLOOKUP(S162,P$9:R$400,3) -> 0.59483322 | V162: =$A162*X$4/$F$1 -> 52.067292 | W162: -557.67188 | X162: =(X$4+W162)/X$4 -> 0.6509837 | Y162: {=INDEX(V$9:V$400,MATCH(MIN(ABS($A162-V$9:V$400)),ABS($A162-V$9:V$400),0))} -> 53.520333 | Z162: =VLOOKUP(Y162,V$9:X$400,3) -> 0.64910604 | AB162: =$A162*AD$4/$F$1 -> 50.931106 | AC162: -566.94547 | AD162: =(AD$4+AC162)/AD$4 -> 0.63726444 | AE162: {=INDEX(AB$9:AB$400,MATCH(MIN(ABS($A162-AB$9:AB$400)),ABS($A162-AB$9:AB$400),0))} -> 53.773509 | AF162: =VLOOKUP(AE162,AB$9:AD$400,3) -> 0.63351785 | AH162: =$A162*AJ$4/$F$1 -> 51.729471 | AI162: -517.04062 | AJ162: =(AJ$4+AI162)/AJ$4 -> 0.67429938 | AK162: {=INDEX(AH$9:AH$400,MATCH(MIN(ABS($A162-AH$9:AH$400)),ABS($A162-AH$9:AH$400),0))} -> 53.654021 | AL162: =VLOOKUP(AK162,AH$9:AJ$400,3) -> 0.67172825 | AN162: =$A162*AP$4/$F$1 -> 52.206805 | AO162: -625.23043 | AP162: =(AP$4+AO162)/AP$4 -> 0.60974818 | AQ162: {=INDEX(AN$9:AN$400,MATCH(MIN(ABS($A162-AN$9:AN$400)),ABS($A162-AN$9:AN$400),0))} -> 53.663739 | AR162: =VLOOKUP(AQ162,AN$9:AP$400,3) -> 0.60773572 | AT162: =$A162*AV$4/$F$1 -> 52.440444 | AU162: -621.108 | AV162: =(AV$4+AU162)/AV$4 -> 0.61404852 | AW162: {=INDEX(AT$9:AT$400,MATCH(MIN(ABS($A162-AT$9:AT$400)),ABS($A162-AT$9:AT$400),0))} -> 53.903899 | AX162: =VLOOKUP(AW162,AT$9:AV$400,3) -> 0.61197366 | AZ162: =$A162*BB$4/$F$1 -> 51.618826 | BA162: -574.01287 | BB162: =(BB$4+BA162)/BB$4 -> 0.63763565 | BC162: {=INDEX(AZ$9:AZ$400,MATCH(MIN(ABS($A162-AZ$9:AZ$400)),ABS($A162-AZ$9:AZ$400),0))} -> 53.539259 | BD162: =VLOOKUP(BC162,AZ$9:BB$400,3) -> 0.63408144 | BF162: =$A162*BH$4/$F$1 -> 51.844068 | BG162: -584.23083 | BH162: =(BH$4+BG162)/BH$4 -> 0.63278759 | BI162: {=INDEX(BF$9:BF$400,MATCH(MIN(ABS($A162-BF$9:BF$400)),ABS($A162-BF$9:BF$400),0))} -> 53.772882 | BJ162: =VLOOKUP(BI162,BF$9:BH$400,3) -> 0.6269374 | BL162: =$A162*BN$4/$F$1 -> 51.977906 | BM162: -575.60412 | BN162: =(BN$4+BM162)/BN$4 -> 0.6391414 | BO162: {=INDEX(BL$9:BL$400,MATCH(MIN(ABS($A162-BL$9:BL$400)),ABS($A162-BL$9:BL$400),0))} -> 53.911699 | BP162: =VLOOKUP(BO162,BL$9:BN$400,3) -> 0.6329606 | BR162: =$A162*BT$4/$F$1 -> 51.891325 | BS162: -579.57507 | BT162: =(BT$4+BS162)/BT$4 -> 0.63604568 | BU162: {=INDEX(BR$9:BR$400,MATCH(MIN(ABS($A162-BR$9:BR$400)),ABS($A162-BR$9:BR$400),0))} -> 53.821897 | BV162: =VLOOKUP(BU162,BR$9:BT$400,3) -> 0.6573477
A163: 54.25 | B163: 0.5 | D163: =A163*$F$4/$F$1 -> 52.187511 | E163: -600.43625 | F163: =(F$4+E163)/F$4 -> 0.6215979 | G163: {=INDEX(D$9:D$400,MATCH(MIN(ABS($A163-D$9:D$400)),ABS($A163-D$9:D$400),0))} -> 54.111475 | H163: =VLOOKUP(G163,D$9:F$400,3) -> 0.61884172 | J163: =$A163*L$4/$F$1 -> 51.872409 | K163: -611.31686 | L163: =(L$4+K163)/L$4 -> 0.61240052 | M163: {=INDEX(J$9:J$400,MATCH(MIN(ABS($A163-J$9:J$400)),ABS($A163-J$9:J$400),0))} -> 54.262577 | N163: =VLOOKUP(M163,J$9:L$400,3) -> 0.60928893 | P163: =$A163*R$4/$F$1 -> 51.222889 | Q163: -624.38324 | R163: =(R$4+Q163)/R$4 -> 0.599096 | S163: {=INDEX(P$9:P$400,MATCH(MIN(ABS($A163-P$9:P$400)),ABS($A163-P$9:P$400),0))} -> 54.055491 | T163: =VLOOKUP(S163,P$9:R$400,3) -> 0.59396406 | V163: =$A163*X$4/$F$1 -> 52.551639 | W163: -558.72303 | X163: =(X$4+W163)/X$4 -> 0.65032585 | Y163: {=INDEX(V$9:V$400,MATCH(MIN(ABS($A163-V$9:V$400)),ABS($A163-V$9:V$400),0))} -> 54.489027 | Z163: =VLOOKUP(Y163,V$9:X$400,3) -> 0.64788113 | AB163: =$A163*AD$4/$F$1 -> 51.404884 | AC163: -567.94852 | AD163: =(AD$4+AC163)/AD$4 -> 0.63662268 | AE163: {=INDEX(AB$9:AB$400,MATCH(MIN(ABS($A163-AB$9:AB$400)),ABS($A163-AB$9:AB$400),0))} -> 54.24755 | AF163: =VLOOKUP(AE163,AB$9:AD$400,3) -> 0.63288005 | AH163: =$A163*AJ$4/$F$1 -> 52.210675 | AI163: -518.04186 | AJ163: =(AJ$4+AI163)/AJ$4 -> 0.67366867 | AK163: {=INDEX(AH$9:AH$400,MATCH(MIN(ABS($A163-AH$9:AH$400)),ABS($A163-AH$9:AH$400),0))} -> 54.135492 | AL163: =VLOOKUP(AK163,AH$9:AJ$400,3) -> 0.67104152 | AN163: =$A163*AP$4/$F$1 -> 52.69245 | AO163: -626.43938 | AP163: =(AP$4+AO163)/AP$4 -> 0.60899358 | AQ163: {=INDEX(AN$9:AN$400,MATCH(MIN(ABS($A163-AN$9:AN$400)),ABS($A163-AN$9:AN$400),0))} -> 54.149114 | AR163: =VLOOKUP(AQ163,AN$9:AP$400,3) -> 0.60712414 | AT163: =$A163*AV$4/$F$1 -> 52.928262 | AU163: -622.22897 | AV163: =(AV$4+AU163)/AV$4 -> 0.61335196 | AW163: {=INDEX(AT$9:AT$400,MATCH(MIN(ABS($A163-AT$9:AT$400)),ABS($A163-AT$9:AT$400),0))} -> 54.391446 | AX163: =VLOOKUP(AW163,AT$9:AV$400,3) -> 0.61130788 | AZ163: =$A163*BB$4/$F$1 -> 52.099001 | BA163: -575.45571 | BB163: =(BB$4+BA163)/BB$4 -> 0.63672481 | BC163: {=INDEX(AZ$9:AZ$400,MATCH(MIN(ABS($A163-AZ$9:AZ$400)),ABS($A163-AZ$9:AZ$400),0))} -> 54.019701 | BD163: =VLOOKUP(BC163,AZ$9:BB$400,3) -> 0.63320543 | BF163: =$A163*BH$4/$F$1 -> 52.326338 | BG163: -586.59713 | BH163: =(BH$4+BG163)/BH$4 -> 0.63130027 | BI163: {=INDEX(BF$9:BF$400,MATCH(MIN(ABS($A163-BF$9:BF$400)),ABS($A163-BF$9:BF$400),0))} -> 54.25542 | BJ163: =VLOOKUP(BI163,BF$9:BH$400,3) -> 0.62553652 | BL163: =$A163*BN$4/$F$1 -> 52.461421 | BM163: -578.58848 | BN163: =(BN$4+BM163)/BN$4 -> 0.63727043 | BO163: {=INDEX(BL$9:BL$400,MATCH(MIN(ABS($A163-BL$9:BL$400)),ABS($A163-BL$9:BL$400),0))} -> 54.395483 | BP163: =VLOOKUP(BO163,BL$9:BN$400,3) -> 0.63168554 | BR163: =$A163*BT$4/$F$1 -> 52.374035 | BS163: -582.15277 | BT163: =(BT$4+BS163)/BT$4 -> 0.63442696 | BU163: {=INDEX(BR$9:BR$400,MATCH(MIN(ABS($A163-BR$9:BR$400)),ABS($A163-BR$9:BR$400),0))} -> 54.304875 | BV163: =VLOOKUP(BU163,BR$9:BT$400,3) -> 0.65583744
A164: 54.75 | B164: 0.5 | D164: =A164*$F$4/$F$1 -> 52.668502 | E164: -601.56091 | F164: =(F$4+E164)/F$4 -> 0.62088912 | G164: {=INDEX(D$9:D$400,MATCH(MIN(ABS($A164-D$9:D$400)),ABS($A164-D$9:D$400),0))} -> 54.592199 | H164: =VLOOKUP(G164,D$9:F$400,3) -> 0.61813737 | J164: =$A164*L$4/$F$1 -> 52.350495 | K164: -612.27439 | L164: =(L$4+K164)/L$4 -> 0.61179341 | M164: {=INDEX(J$9:J$400,MATCH(MIN(ABS($A164-J$9:J$400)),ABS($A164-J$9:J$400),0))} -> 54.740929 | N164: =VLOOKUP(M164,J$9:L$400,3) -> 0.60866838 | P164: =$A164*R$4/$F$1 -> 51.694989 | Q164: -625.71774 | R164: =(R$4+Q164)/R$4 -> 0.59823914 | S164: {=INDEX(P$9:P$400,MATCH(MIN(ABS($A164-P$9:P$400)),ABS($A164-P$9:P$400),0))} -> 54.527591 | T164: =VLOOKUP(S164,P$9:R$400,3) -> 0.59313631 | V164: =$A164*X$4/$F$1 -> 53.035986 | W164: -559.73015 | X164: =(X$4+W164)/X$4 -> 0.64969554 | Y164: {=INDEX(V$9:V$400,MATCH(MIN(ABS($A164-V$9:V$400)),ABS($A164-V$9:V$400),0))} -> 54.973105 | Z164: =VLOOKUP(Y164,V$9:X$400,3) -> 0.6472756 | AB164: =$A164*AD$4/$F$1 -> 51.878662 | AC164: -568.96798 | AD164: =(AD$4+AC164)/AD$4 -> 0.63597042 | AE164: {=INDEX(AB$9:AB$400,MATCH(MIN(ABS($A164-AB$9:AB$400)),ABS($A164-AB$9:AB$400),0))} -> 54.721328 | AF164: =VLOOKUP(AE164,AB$9:AD$400,3) -> 0.6322828 | AH164: =$A164*AJ$4/$F$1 -> 52.691879 | AI164: -519.07002 | AJ164: =(AJ$4+AI164)/AJ$4 -> 0.673021 | AK164: {=INDEX(AH$9:AH$400,MATCH(MIN(ABS($A164-AH$9:AH$400)),ABS($A164-AH$9:AH$400),0))} -> 54.61643 | AL164: =VLOOKUP(AK164,AH$9:AJ$400,3) -> 0.67038888 | AN164: =$A164*AP$4/$F$1 -> 53.178094 | AO164: -627.32871 | AP164: =(AP$4+AO164)/AP$4 -> 0.60843848 | AQ164: {=INDEX(AN$9:AN$400,MATCH(MIN(ABS($A164-AN$9:AN$400)),ABS($A164-AN$9:AN$400),0))} -> 54.635028 | AR164: =VLOOKUP(AQ164,AN$9:AP$400,3) -> 0.60648188 | AT164: =$A164*AV$4/$F$1 -> 53.41608 | AU164: -623.36684 | AV164: =(AV$4+AU164)/AV$4 -> 0.61264489 | AW164: {=INDEX(AT$9:AT$400,MATCH(MIN(ABS($A164-AT$9:AT$400)),ABS($A164-AT$9:AT$400),0))} -> 54.879535 | AX164: =VLOOKUP(AW164,AT$9:AV$400,3) -> 0.61059805 | AZ164: =$A164*BB$4/$F$1 -> 52.579176 | BA164: -576.88608 | BB164: =(BB$4+BA164)/BB$4 -> 0.63582184 | BC164: {=INDEX(AZ$9:AZ$400,MATCH(MIN(ABS($A164-AZ$9:AZ$400)),ABS($A164-AZ$9:AZ$400),0))} -> 54.980052 | BD164: =VLOOKUP(BC164,AZ$9:BB$400,3) -> 0.63148029 | BF164: =$A164*BH$4/$F$1 -> 52.808609 | BG164: -589.01641 | BH164: =(BH$4+BG164)/BH$4 -> 0.62977966 | BI164: {=INDEX(BF$9:BF$400,MATCH(MIN(ABS($A164-BF$9:BF$400)),ABS($A164-BF$9:BF$400),0))} -> 54.737423 | BJ164: =VLOOKUP(BI164,BF$9:BH$400,3) -> 0.62405633 | BL164: =$A164*BN$4/$F$1 -> 52.944937 | BM164: -580.78483 | BN164: =(BN$4+BM164)/BN$4 -> 0.6358935 | BO164: {=INDEX(BL$9:BL$400,MATCH(MIN(ABS($A164-BL$9:BL$400)),ABS($A164-BL$9:BL$400),0))} -> 54.87873 | BP164: =VLOOKUP(BO164,BL$9:BN$400,3) -> 0.65412307 | BR164: =$A164*BT$4/$F$1 -> 52.856745 | BS164: -584.49115 | BT164: =(BT$4+BS164)/BT$4 -> 0.63295854 | BU164: {=INDEX(BR$9:BR$400,MATCH(MIN(ABS($A164-BR$9:BR$400)),ABS($A164-BR$9:BR$400),0))} -> 54.787317 | BV164: =VLOOKUP(BU164,BR$9:BT$400,3) -> 0.65801097
A165: 55.25 | B165: 0.5 | D165: =A165*$F$4/$F$1 -> 53.149493 | E165: -602.62828 | F165: =(F$4+E165)/F$4 -> 0.62021646 | G165: {=INDEX(D$9:D$400,MATCH(MIN(ABS($A165-D$9:D$400)),ABS($A165-D$9:D$400),0))} -> 55.073457 | H165: =VLOOKUP(G165,D$9:F$400,3) -> 0.61747749 | J165: =$A165*L$4/$F$1 -> 52.828582 | K165: -613.29955 | L165: =(L$4+K165)/L$4 -> 0.61114342 | M165: {=INDEX(J$9:J$400,MATCH(MIN(ABS($A165-J$9:J$400)),ABS($A165-J$9:J$400),0))} -> 55.219016 | N165: =VLOOKUP(M165,J$9:L$400,3) -> 0.60804783 | P165: =$A165*R$4/$F$1 -> 52.16709 | Q165: -627.02056 | R165: =(R$4+Q165)/R$4 -> 0.59740263 | S165: {=INDEX(P$9:P$400,MATCH(MIN(ABS($A165-P$9:P$400)),ABS($A165-P$9:P$400),0))} -> 55.471792 | T165: =VLOOKUP(S165,P$9:R$400,3) -> 0.59146959 | V165: =$A165*X$4/$F$1 -> 53.520333 | W165: -560.67209 | X165: =(X$4+W165)/X$4 -> 0.64910604 | Y165: {=INDEX(V$9:V$400,MATCH(MIN(ABS($A165-V$9:V$400)),ABS($A165-V$9:V$400),0))} -> 55.457721 | Z165: =VLOOKUP(Y165,V$9:X$400,3) -> 0.64665411 | AB165: =$A165*AD$4/$F$1 -> 52.352439 | AC165: -569.95056 | AD165: =(AD$4+AC165)/AD$4 -> 0.63534176 | AE165: {=INDEX(AB$9:AB$400,MATCH(MIN(ABS($A165-AB$9:AB$400)),ABS($A165-AB$9:AB$400),0))} -> 55.195106 | AF165: =VLOOKUP(AE165,AB$9:AD$400,3) -> 0.63174429 | AH165: =$A165*AJ$4/$F$1 -> 53.173084 | AI165: -520.15073 | AJ165: =(AJ$4+AI165)/AJ$4 -> 0.67234023 | AK165: {=INDEX(AH$9:AH$400,MATCH(MIN(ABS($A165-AH$9:AH$400)),ABS($A165-AH$9:AH$400),0))} -> 55.097901 | AL165: =VLOOKUP(AK165,AH$9:AJ$400,3) -> 0.66978164 | AN165: =$A165*AP$4/$F$1 -> 53.663739 | AO165: -628.45463 | AP165: =(AP$4+AO165)/AP$4 -> 0.60773572 | AQ165: {=INDEX(AN$9:AN$400,MATCH(MIN(ABS($A165-AN$9:AN$400)),ABS($A165-AN$9:AN$400),0))} -> 55.120403 | AR165: =VLOOKUP(AQ165,AN$9:AP$400,3) -> 0.60581754 | AT165: =$A165*AV$4/$F$1 -> 53.903899 | AU165: -624.44705 | AV165: =(AV$4+AU165)/AV$4 -> 0.61197366 | AW165: {=INDEX(AT$9:AT$400,MATCH(MIN(ABS($A165-AT$9:AT$400)),ABS($A165-AT$9:AT$400),0))} -> 55.367082 | AX165: =VLOOKUP(AW165,AT$9:AV$400,3) -> 0.60990826 | AZ165: =$A165*BB$4/$F$1 -> 53.059351 | BA165: -578.23862 | BB165: =(BB$4+BA165)/BB$4 -> 0.63496801 | BC165: {=INDEX(AZ$9:AZ$400,MATCH(MIN(ABS($A165-AZ$9:AZ$400)),ABS($A165-AZ$9:AZ$400),0))} -> 55.460227 | BD165: =VLOOKUP(BC165,AZ$9:BB$400,3) -> 0.63059981 | BF165: =$A165*BH$4/$F$1 -> 53.290879 | BG165: -591.28646 | BH165: =(BH$4+BG165)/BH$4 -> 0.62835284 | BI165: {=INDEX(BF$9:BF$400,MATCH(MIN(ABS($A165-BF$9:BF$400)),ABS($A165-BF$9:BF$400),0))} -> 55.219961 | BJ165: =VLOOKUP(BI165,BF$9:BH$400,3) -> 0.62275451 | BL165: =$A165*BN$4/$F$1 -> 53.428452 | BM165: -582.98807 | BN165: =(BN$4+BM165)/BN$4 -> 0.63451224 | BO165: {=INDEX(BL$9:BL$400,MATCH(MIN(ABS($A165-BL$9:BL$400)),ABS($A165-BL$9:BL$400),0))} -> 55.362514 | BP165: =VLOOKUP(BO165,BL$9:BN$400,3) -> 0.65551828 | BR165: =$A165*BT$4/$F$1 -> 53.339455 | BS165: -586.33995 | BT165: =(BT$4+BS165)/BT$4 -> 0.63179755 | BU165: {=INDEX(BR$9:BR$400,MATCH(MIN(ABS($A165-BR$9:BR$400)),ABS($A165-BR$9:BR$400),0))} -> 55.270295 | BV165: =VLOOKUP(BU165,BR$9:BT$400,3) -> 0.6601845
A166: 55.749722 | B166: 0.49972222 | D166: =A166*$F$4/$F$1 -> 53.630217 | E166: -603.69664 | F166: =(F$4+E166)/F$4 -> 0.61954316 | G166: {=INDEX(D$9:D$400,MATCH(MIN(ABS($A166-D$9:D$400)),ABS($A166-D$9:D$400),0))} -> 55.554448 | H166: =VLOOKUP(G166,D$9:F$400,3) -> 0.61682305 | J166: =$A166*L$4/$F$1 -> 53.306403 | K166: -614.27949 | L166: =(L$4+K166)/L$4 -> 0.61052209 | M166: {=INDEX(J$9:J$400,MATCH(MIN(ABS($A166-J$9:J$400)),ABS($A166-J$9:J$400),0))} -> 55.697102 | N166: =VLOOKUP(M166,J$9:L$400,3) -> 0.60745191 | P166: =$A166*R$4/$F$1 -> 52.638928 | Q166: -628.37053 | R166: =(R$4+Q166)/R$4 -> 0.59653584 | S166: {=INDEX(P$9:P$400,MATCH(MIN(ABS($A166-P$9:P$400)),ABS($A166-P$9:P$400),0))} -> 55.943893 | T166: =VLOOKUP(S166,P$9:R$400,3) -> 0.59065604 | V166: =$A166*X$4/$F$1 -> 54.004411 | W166: -561.64653 | X166: =(X$4+W166)/X$4 -> 0.64849619 | Y166: {=INDEX(V$9:V$400,MATCH(MIN(ABS($A166-V$9:V$400)),ABS($A166-V$9:V$400),0))} -> 55.942068 | Z166: =VLOOKUP(Y166,V$9:X$400,3) -> 0.64609337 | AB166: =$A166*AD$4/$F$1 -> 52.825954 | AC166: -570.85812 | AD166: =(AD$4+AC166)/AD$4 -> 0.6347611 | AE166: {=INDEX(AB$9:AB$400,MATCH(MIN(ABS($A166-AB$9:AB$400)),ABS($A166-AB$9:AB$400),0))} -> 55.668883 | AF166: =VLOOKUP(AE166,AB$9:AD$400,3) -> 0.63112164 | AH166: =$A166*AJ$4/$F$1 -> 53.654021 | AI166: -521.12222 | AJ166: =(AJ$4+AI166)/AJ$4 -> 0.67172825 | AK166: {=INDEX(AH$9:AH$400,MATCH(MIN(ABS($A166-AH$9:AH$400)),ABS($A166-AH$9:AH$400),0))} -> 55.579106 | AL166: =VLOOKUP(AK166,AH$9:AJ$400,3) -> 0.66917767 | AN166: =$A166*AP$4/$F$1 -> 54.149114 | AO166: -629.43445 | AP166: =(AP$4+AO166)/AP$4 -> 0.60712414 | AQ166: {=INDEX(AN$9:AN$400,MATCH(MIN(ABS($A166-AN$9:AN$400)),ABS($A166-AN$9:AN$400),0))} -> 55.606318 | AR166: =VLOOKUP(AQ166,AN$9:AP$400,3) -> 0.60525665 | AT166: =$A166*AV$4/$F$1 -> 54.391446 | AU166: -625.51848 | AV166: =(AV$4+AU166)/AV$4 -> 0.61130788 | AW166: {=INDEX(AT$9:AT$400,MATCH(MIN(ABS($A166-AT$9:AT$400)),ABS($A166-AT$9:AT$400),0))} -> 55.855171 | AX166: =VLOOKUP(AW166,AT$9:AV$400,3) -> 0.60925201 | AZ166: =$A166*BB$4/$F$1 -> 53.539259 | BA166: -579.64301 | BB166: =(BB$4+BA166)/BB$4 -> 0.63408144 | BC166: {=INDEX(AZ$9:AZ$400,MATCH(MIN(ABS($A166-AZ$9:AZ$400)),ABS($A166-AZ$9:AZ$400),0))} -> 55.940402 | BD166: =VLOOKUP(BC166,AZ$9:BB$400,3) -> 0.62971008 | BF166: =$A166*BH$4/$F$1 -> 53.772882 | BG166: -593.53842 | BH166: =(BH$4+BG166)/BH$4 -> 0.6269374 | BI166: {=INDEX(BF$9:BF$400,MATCH(MIN(ABS($A166-BF$9:BF$400)),ABS($A166-BF$9:BF$400),0))} -> 55.702231 | BJ166: =VLOOKUP(BI166,BF$9:BH$400,3) -> 0.6216001 | BL166: =$A166*BN$4/$F$1 -> 53.911699 | BM166: -585.46308 | BN166: =(BN$4+BM166)/BN$4 -> 0.6329606 | BO166: {=INDEX(BL$9:BL$400,MATCH(MIN(ABS($A166-BL$9:BL$400)),ABS($A166-BL$9:BL$400),0))} -> 55.846029 | BP166: =VLOOKUP(BO166,BL$9:BN$400,3) -> 0.65691349 | BR166: =$A166*BT$4/$F$1 -> 53.821897 | BS166: -545.65289 | BT166: =(BT$4+BS166)/BT$4 -> 0.6573477 | BU166: {=INDEX(BR$9:BR$400,MATCH(MIN(ABS($A166-BR$9:BR$400)),ABS($A166-BR$9:BR$400),0))} -> 55.753005 | BV166: =VLOOKUP(BU166,BR$9:BT$400,3) -> 0.65757971
A167: 56.25 | B167: 0.50027778 | D167: =A167*$F$4/$F$1 -> 54.111475 | E167: -604.80966 | F167: =(F$4+E167)/F$4 -> 0.61884172 | G167: {=INDEX(D$9:D$400,MATCH(MIN(ABS($A167-D$9:D$400)),ABS($A167-D$9:D$400),0))} -> 56.035438 | H167: =VLOOKUP(G167,D$9:F$400,3) -> 0.6161494 | J167: =$A167*L$4/$F$1 -> 53.784756 | K167: -615.22112 | L167: =(L$4+K167)/L$4 -> 0.60992507 | M167: {=INDEX(J$9:J$400,MATCH(MIN(ABS($A167-J$9:J$400)),ABS($A167-J$9:J$400),0))} -> 56.175189 | N167: =VLOOKUP(M167,J$9:L$400,3) -> 0.60685274 | P167: =$A167*R$4/$F$1 -> 53.11129 | Q167: -629.74317 | R167: =(R$4+Q167)/R$4 -> 0.59565449 | S167: {=INDEX(P$9:P$400,MATCH(MIN(ABS($A167-P$9:P$400)),ABS($A167-P$9:P$400),0))} -> 56.415993 | T167: =VLOOKUP(S167,P$9:R$400,3) -> 0.58983814 | V167: =$A167*X$4/$F$1 -> 54.489027 | W167: -562.62929 | X167: =(X$4+W167)/X$4 -> 0.64788113 | Y167: {=INDEX(V$9:V$400,MATCH(MIN(ABS($A167-V$9:V$400)),ABS($A167-V$9:V$400),0))} -> 56.426415 | Z167: =VLOOKUP(Y167,V$9:X$400,3) -> 0.6455353 | AB167: =$A167*AD$4/$F$1 -> 53.299995 | AC167: -571.82635 | AD167: =(AD$4+AC167)/AD$4 -> 0.63414162 | AE167: {=INDEX(AB$9:AB$400,MATCH(MIN(ABS($A167-AB$9:AB$400)),ABS($A167-AB$9:AB$400),0))} -> 56.142661 | AF167: =VLOOKUP(AE167,AB$9:AD$400,3) -> 0.63050308 | AH167: =$A167*AJ$4/$F$1 -> 54.135492 | AI167: -522.21238 | AJ167: =(AJ$4+AI167)/AJ$4 -> 0.67104152 | AK167: {=INDEX(AH$9:AH$400,MATCH(MIN(ABS($A167-AH$9:AH$400)),ABS($A167-AH$9:AH$400),0))} -> 56.06031 | AL167: =VLOOKUP(AK167,AH$9:AJ$400,3) -> 0.66854649 | AN167: =$A167*AP$4/$F$1 -> 54.635028 | AO167: -630.46343 | AP167: =(AP$4+AO167)/AP$4 -> 0.60648188 | AQ167: {=INDEX(AN$9:AN$400,MATCH(MIN(ABS($A167-AN$9:AN$400)),ABS($A167-AN$9:AN$400),0))} -> 56.091963 | AR167: =VLOOKUP(AQ167,AN$9:AP$400,3) -> 0.60459848 | AT167: =$A167*AV$4/$F$1 -> 54.879535 | AU167: -626.6608 | AV167: =(AV$4+AU167)/AV$4 -> 0.61059805 | AW167: {=INDEX(AT$9:AT$400,MATCH(MIN(ABS($A167-AT$9:AT$400)),ABS($A167-AT$9:AT$400),0))} -> 56.342989 | AX167: =VLOOKUP(AW167,AT$9:AV$400,3) -> 0.60851067 | AZ167: =$A167*BB$4/$F$1 -> 54.019701 | BA167: -581.03068 | BB167: =(BB$4+BA167)/BB$4 -> 0.63320543 | BC167: {=INDEX(AZ$9:AZ$400,MATCH(MIN(ABS($A167-AZ$9:AZ$400)),ABS($A167-AZ$9:AZ$400),0))} -> 56.420577 | BD167: =VLOOKUP(BC167,AZ$9:BB$400,3) -> 0.62882581 | BF167: =$A167*BH$4/$F$1 -> 54.25542 | BG167: -595.76721 | BH167: =(BH$4+BG167)/BH$4 -> 0.62553652 | BI167: {=INDEX(BF$9:BF$400,MATCH(MIN(ABS($A167-BF$9:BF$400)),ABS($A167-BF$9:BF$400),0))} -> 56.184502 | BJ167: =VLOOKUP(BI167,BF$9:BH$400,3) -> 0.62049229 | BL167: =$A167*BN$4/$F$1 -> 54.395483 | BM167: -587.49693 | BN167: =(BN$4+BM167)/BN$4 -> 0.63168554 | BO167: {=INDEX(BL$9:BL$400,MATCH(MIN(ABS($A167-BL$9:BL$400)),ABS($A167-BL$9:BL$400),0))} -> 56.329545 | BP167: =VLOOKUP(BO167,BL$9:BN$400,3) -> 0.65597636 | BR167: =$A167*BT$4/$F$1 -> 54.304875 | BS167: -548.05789 | BT167: =(BT$4+BS167)/BT$4 -> 0.65583744 | BU167: {=INDEX(BR$9:BR$400,MATCH(MIN(ABS($A167-BR$9:BR$400)),ABS($A167-BR$9:BR$400),0))} -> 56.235715 | BV167: =VLOOKUP(BU167,BR$9:BT$400,3) -> 0.65570794
A168: 56.749722 | B168: 0.49972222 | D168: =A168*$F$4/$F$1 -> 54.592199 | E168: -605.92731 | F168: =(F$4+E168)/F$4 -> 0.61813737 | G168: {=INDEX(D$9:D$400,MATCH(MIN(ABS($A168-D$9:D$400)),ABS($A168-D$9:D$400),0))} -> 56.516429 | H168: =VLOOKUP(G168,D$9:F$400,3) -> 0.61547658 | J168: =$A168*L$4/$F$1 -> 54.262577 | K168: -616.22442 | L168: =(L$4+K168)/L$4 -> 0.60928893 | M168: {=INDEX(J$9:J$400,MATCH(MIN(ABS($A168-J$9:J$400)),ABS($A168-J$9:J$400),0))} -> 56.653276 | N168: =VLOOKUP(M168,J$9:L$400,3) -> 0.60623169 | P168: =$A168*R$4/$F$1 -> 53.583128 | Q168: -631.02225 | R168: =(R$4+Q168)/R$4 -> 0.59483322 | S168: {=INDEX(P$9:P$400,MATCH(MIN(ABS($A168-P$9:P$400)),ABS($A168-P$9:P$400),0))} -> 56.888093 | T168: =VLOOKUP(S168,P$9:R$400,3) -> 0.58902849 | V168: =$A168*X$4/$F$1 -> 54.973105 | W168: -563.59684 | X168: =(X$4+W168)/X$4 -> 0.6472756 | Y168: {=INDEX(V$9:V$400,MATCH(MIN(ABS($A168-V$9:V$400)),ABS($A168-V$9:V$400),0))} -> 56.910761 | Z168: =VLOOKUP(Y168,V$9:X$400,3) -> 0.64491013 | AB168: =$A168*AD$4/$F$1 -> 53.773509 | AC168: -572.80129 | AD168: =(AD$4+AC168)/AD$4 -> 0.63351785 | AE168: {=INDEX(AB$9:AB$400,MATCH(MIN(ABS($A168-AB$9:AB$400)),ABS($A168-AB$9:AB$400),0))} -> 56.616439 | AF168: =VLOOKUP(AE168,AB$9:AD$400,3) -> 0.62996056 | AH168: =$A168*AJ$4/$F$1 -> 54.61643 | AI168: -523.24843 | AJ168: =(AJ$4+AI168)/AJ$4 -> 0.67038888 | AK168: {=INDEX(AH$9:AH$400,MATCH(MIN(ABS($A168-AH$9:AH$400)),ABS($A168-AH$9:AH$400),0))} -> 56.541514 | AL168: =VLOOKUP(AK168,AH$9:AJ$400,3) -> 0.66791648 | AN168: =$A168*AP$4/$F$1 -> 55.120403 | AO168: -631.52779 | AP168: =(AP$4+AO168)/AP$4 -> 0.60581754 | AQ168: {=INDEX(AN$9:AN$400,MATCH(MIN(ABS($A168-AN$9:AN$400)),ABS($A168-AN$9:AN$400),0))} -> 56.577607 | AR168: =VLOOKUP(AQ168,AN$9:AP$400,3) -> 0.60402408 | AT168: =$A168*AV$4/$F$1 -> 55.367082 | AU168: -627.77088 | AV168: =(AV$4+AU168)/AV$4 -> 0.60990826 | AW168: {=INDEX(AT$9:AT$400,MATCH(MIN(ABS($A168-AT$9:AT$400)),ABS($A168-AT$9:AT$400),0))} -> 56.830807 | AX168: =VLOOKUP(AW168,AT$9:AV$400,3) -> 0.60782979 | AZ168: =$A168*BB$4/$F$1 -> 54.49961 | BA168: -582.35566 | BB168: =(BB$4+BA168)/BB$4 -> 0.63236899 | BC168: {=INDEX(AZ$9:AZ$400,MATCH(MIN(ABS($A168-AZ$9:AZ$400)),ABS($A168-AZ$9:AZ$400),0))} -> 56.900752 | BD168: =VLOOKUP(BC168,AZ$9:BB$400,3) -> 0.62795004 | BF168: =$A168*BH$4/$F$1 -> 54.737423 | BG168: -598.12217 | BH168: =(BH$4+BG168)/BH$4 -> 0.62405633 | BI168: {=INDEX(BF$9:BF$400,MATCH(MIN(ABS($A168-BF$9:BF$400)),ABS($A168-BF$9:BF$400),0))} -> 56.666772 | BJ168: =VLOOKUP(BI168,BF$9:BH$400,3) -> 0.64819563 | BL168: =$A168*BN$4/$F$1 -> 54.87873 | BM168: -551.70691 | BN168: =(BN$4+BM168)/BN$4 -> 0.65412307 | BO168: {=INDEX(BL$9:BL$400,MATCH(MIN(ABS($A168-BL$9:BL$400)),ABS($A168-BL$9:BL$400),0))} -> 56.81306 | BP168: =VLOOKUP(BO168,BL$9:BN$400,3) -> 0.64986019 | BR168: =$A168*BT$4/$F$1 -> 54.787317 | BS168: -544.59668 | BT168: =(BT$4+BS168)/BT$4 -> 0.65801097 | BU168: {=INDEX(BR$9:BR$400,MATCH(MIN(ABS($A168-BR$9:BR$400)),ABS($A168-BR$9:BR$400),0))} -> 56.718425 | BV168: =VLOOKUP(BU168,BR$9:BT$400,3) -> 0.65410101
A169: 57.25 | B169: 0.50027778 | D169: =A169*$F$4/$F$1 -> 55.073457 | E169: -606.97438 | F169: =(F$4+E169)/F$4 -> 0.61747749 | G169: {=INDEX(D$9:D$400,MATCH(MIN(ABS($A169-D$9:D$400)),ABS($A169-D$9:D$400),0))} -> 57.478411 | H169: =VLOOKUP(G169,D$9:F$400,3) -> 0.61413318 | J169: =$A169*L$4/$F$1 -> 54.740929 | K169: -617.20315 | L169: =(L$4+K169)/L$4 -> 0.60866838 | M169: {=INDEX(J$9:J$400,MATCH(MIN(ABS($A169-J$9:J$400)),ABS($A169-J$9:J$400),0))} -> 57.131363 | N169: =VLOOKUP(M169,J$9:L$400,3) -> 0.60563943 | P169: =$A169*R$4/$F$1 -> 54.055491 | Q169: -632.37592 | R169: =(R$4+Q169)/R$4 -> 0.59396406 | S169: {=INDEX(P$9:P$400,MATCH(MIN(ABS($A169-P$9:P$400)),ABS($A169-P$9:P$400),0))} -> 57.360194 | T169: =VLOOKUP(S169,P$9:R$400,3) -> 0.58822454 | V169: =$A169*X$4/$F$1 -> 55.457721 | W169: -564.58987 | X169: =(X$4+W169)/X$4 -> 0.64665411 | Y169: {=INDEX(V$9:V$400,MATCH(MIN(ABS($A169-V$9:V$400)),ABS($A169-V$9:V$400),0))} -> 57.395108 | Z169: =VLOOKUP(Y169,V$9:X$400,3) -> 0.64433402 | AB169: =$A169*AD$4/$F$1 -> 54.24755 | AC169: -573.79815 | AD169: =(AD$4+AC169)/AD$4 -> 0.63288005 | AE169: {=INDEX(AB$9:AB$400,MATCH(MIN(ABS($A169-AB$9:AB$400)),ABS($A169-AB$9:AB$400),0))} -> 57.090217 | AF169: =VLOOKUP(AE169,AB$9:AD$400,3) -> 0.62938691 | AH169: =$A169*AJ$4/$F$1 -> 55.097901 | AI169: -524.21241 | AJ169: =(AJ$4+AI169)/AJ$4 -> 0.66978164 | AK169: {=INDEX(AH$9:AH$400,MATCH(MIN(ABS($A169-AH$9:AH$400)),ABS($A169-AH$9:AH$400),0))} -> 57.022719 | AL169: =VLOOKUP(AK169,AH$9:AJ$400,3) -> 0.66726838 | AN169: =$A169*AP$4/$F$1 -> 55.606318 | AO169: -632.42639 | AP169: =(AP$4+AO169)/AP$4 -> 0.60525665 | AQ169: {=INDEX(AN$9:AN$400,MATCH(MIN(ABS($A169-AN$9:AN$400)),ABS($A169-AN$9:AN$400),0))} -> 57.063252 | AR169: =VLOOKUP(AQ169,AN$9:AP$400,3) -> 0.60331873 | AT169: =$A169*AV$4/$F$1 -> 55.855171 | AU169: -628.82697 | AV169: =(AV$4+AU169)/AV$4 -> 0.60925201 | AW169: {=INDEX(AT$9:AT$400,MATCH(MIN(ABS($A169-AT$9:AT$400)),ABS($A169-AT$9:AT$400),0))} -> 57.318625 | AX169: =VLOOKUP(AW169,AT$9:AV$400,3) -> 0.60722389 | AZ169: =$A169*BB$4/$F$1 -> 54.980052 | BA169: -583.76343 | BB169: =(BB$4+BA169)/BB$4 -> 0.63148029 | BC169: {=INDEX(AZ$9:AZ$400,MATCH(MIN(ABS($A169-AZ$9:AZ$400)),ABS($A169-AZ$9:AZ$400),0))} -> 57.380927 | BD169: =VLOOKUP(BC169,AZ$9:BB$400,3) -> 0.62710707 | BF169: =$A169*BH$4/$F$1 -> 55.219961 | BG169: -600.19334 | BH169: =(BH$4+BG169)/BH$4 -> 0.62275451 | BI169: {=INDEX(BF$9:BF$400,MATCH(MIN(ABS($A169-BF$9:BF$400)),ABS($A169-BF$9:BF$400),0))} -> 57.149042 | BJ169: =VLOOKUP(BI169,BF$9:BH$400,3) -> 0.64813717 | BL169: =$A169*BN$4/$F$1 -> 55.362514 | BM169: -549.48141 | BN169: =(BN$4+BM169)/BN$4 -> 0.65551828 | BO169: {=INDEX(BL$9:BL$400,MATCH(MIN(ABS($A169-BL$9:BL$400)),ABS($A169-BL$9:BL$400),0))} -> 57.296575 | BP169: =VLOOKUP(BO169,BL$9:BN$400,3) -> 0.65181548 | BR169: =$A169*BT$4/$F$1 -> 55.270295 | BS169: -541.13546 | BT169: =(BT$4+BS169)/BT$4 -> 0.6601845 | BU169: {=INDEX(BR$9:BR$400,MATCH(MIN(ABS($A169-BR$9:BR$400)),ABS($A169-BR$9:BR$400),0))} -> 57.201135 | BV169: =VLOOKUP(BU169,BR$9:BT$400,3) -> 0.65249407
A170: 57.75 | B170: 0.5 | D170: =A170*$F$4/$F$1 -> 55.554448 | E170: -608.01282 | F170: =(F$4+E170)/F$4 -> 0.61682305 | G170: {=INDEX(D$9:D$400,MATCH(MIN(ABS($A170-D$9:D$400)),ABS($A170-D$9:D$400),0))} -> 57.959402 | H170: =VLOOKUP(G170,D$9:F$400,3) -> 0.61351122 | J170: =$A170*L$4/$F$1 -> 55.219016 | K170: -618.18187 | L170: =(L$4+K170)/L$4 -> 0.60804783 | M170: {=INDEX(J$9:J$400,MATCH(MIN(ABS($A170-J$9:J$400)),ABS($A170-J$9:J$400),0))} -> 57.609449 | N170: =VLOOKUP(M170,J$9:L$400,3) -> 0.60505126 | P170: =$A170*R$4/$F$1 -> 54.527591 | Q170: -633.66509 | R170: =(R$4+Q170)/R$4 -> 0.59313631 | S170: {=INDEX(P$9:P$400,MATCH(MIN(ABS($A170-P$9:P$400)),ABS($A170-P$9:P$400),0))} -> 57.832294 | T170: =VLOOKUP(S170,P$9:R$400,3) -> 0.58742498 | V170: =$A170*X$4/$F$1 -> 55.942068 | W170: -565.48585 | X170: =(X$4+W170)/X$4 -> 0.64609337 | Y170: {=INDEX(V$9:V$400,MATCH(MIN(ABS($A170-V$9:V$400)),ABS($A170-V$9:V$400),0))} -> 57.879455 | Z170: =VLOOKUP(Y170,V$9:X$400,3) -> 0.64378406 | AB170: =$A170*AD$4/$F$1 -> 54.721328 | AC170: -574.73163 | AD170: =(AD$4+AC170)/AD$4 -> 0.6322828 | AE170: {=INDEX(AB$9:AB$400,MATCH(MIN(ABS($A170-AB$9:AB$400)),ABS($A170-AB$9:AB$400),0))} -> 57.563994 | AF170: =VLOOKUP(AE170,AB$9:AD$400,3) -> 0.62876366 | AH170: =$A170*AJ$4/$F$1 -> 55.579106 | AI170: -525.17119 | AJ170: =(AJ$4+AI170)/AJ$4 -> 0.66917767 | AK170: {=INDEX(AH$9:AH$400,MATCH(MIN(ABS($A170-AH$9:AH$400)),ABS($A170-AH$9:AH$400),0))} -> 57.985128 | AL170: =VLOOKUP(AK170,AH$9:AJ$400,3) -> 0.66611847 | AN170: =$A170*AP$4/$F$1 -> 56.091963 | AO170: -633.48086 | AP170: =(AP$4+AO170)/AP$4 -> 0.60459848 | AQ170: {=INDEX(AN$9:AN$400,MATCH(MIN(ABS($A170-AN$9:AN$400)),ABS($A170-AN$9:AN$400),0))} -> 57.548897 | AR170: =VLOOKUP(AQ170,AN$9:AP$400,3) -> 0.60276351 | AT170: =$A170*AV$4/$F$1 -> 56.342989 | AU170: -630.02001 | AV170: =(AV$4+AU170)/AV$4 -> 0.60851067 | AW170: {=INDEX(AT$9:AT$400,MATCH(MIN(ABS($A170-AT$9:AT$400)),ABS($A170-AT$9:AT$400),0))} -> 57.806443 | AX170: =VLOOKUP(AW170,AT$9:AV$400,3) -> 0.60649935 | AZ170: =$A170*BB$4/$F$1 -> 55.460227 | BA170: -585.15818 | BB170: =(BB$4+BA170)/BB$4 -> 0.63059981 | BC170: {=INDEX(AZ$9:AZ$400,MATCH(MIN(ABS($A170-AZ$9:AZ$400)),ABS($A170-AZ$9:AZ$400),0))} -> 57.861102 | BD170: =VLOOKUP(BC170,AZ$9:BB$400,3) -> 0.62627716 | BF170: =$A170*BH$4/$F$1 -> 55.702231 | BG170: -602.03 | BH170: =(BH$4+BG170)/BH$4 -> 0.6216001 | BI170: {=INDEX(BF$9:BF$400,MATCH(MIN(ABS($A170-BF$9:BF$400)),ABS($A170-BF$9:BF$400),0))} -> 57.631313 | BJ170: =VLOOKUP(BI170,BF$9:BH$400,3) -> 0.64807871 | BL170: =$A170*BN$4/$F$1 -> 55.846029 | BM170: -547.25592 | BN170: =(BN$4+BM170)/BN$4 -> 0.65691349 | BO170: {=INDEX(BL$9:BL$400,MATCH(MIN(ABS($A170-BL$9:BL$400)),ABS($A170-BL$9:BL$400),0))} -> 57.780091 | BP170: =VLOOKUP(BO170,BL$9:BN$400,3) -> 0.65031645 | BR170: =$A170*BT$4/$F$1 -> 55.753005 | BS170: -545.28343 | BT170: =(BT$4+BS170)/BT$4 -> 0.65757971 | BU170: {=INDEX(BR$9:BR$400,MATCH(MIN(ABS($A170-BR$9:BR$400)),ABS($A170-BR$9:BR$400),0))} -> 57.683845 | BV170: =VLOOKUP(BU170,BR$9:BT$400,3) -> 0.65472993
... A235: 90.25 | B235: 0.50027778 | D235: =A235*$F$4/$F$1 -> 86.818855 | E235: -665.69324 | F235: =(F$4+E235)/F$4 -> 0.58047216 | G235: {=INDEX(D$9:D$400,MATCH(MIN(ABS($A235-D$9:D$400)),ABS($A235-D$9:D$400),0))} -> 90.185792 | H235: =VLOOKUP(G235,D$9:F$400,3) -> 0.57724092 | J235: =$A235*L$4/$F$1 -> 86.294652 | K235: -672.36989 | L235: =(L$4+K235)/L$4 -> 0.57369044 | M235: {=INDEX(J$9:J$400,MATCH(MIN(ABS($A235-J$9:J$400)),ABS($A235-J$9:J$400),0))} -> 90.119346 | N235: =VLOOKUP(M235,J$9:L$400,3) -> 0.57028858 | P235: =$A235*R$4/$F$1 -> 85.214115 | Q235: -702.88314 | R235: =(R$4+Q235)/R$4 -> 0.54869278 | S235: {=INDEX(P$9:P$400,MATCH(MIN(ABS($A235-P$9:P$400)),ABS($A235-P$9:P$400),0))} -> 89.935118 | T235: =VLOOKUP(S235,P$9:R$400,3) -> 0.54317396 | V235: =$A235*X$4/$F$1 -> 87.424616 | W235: -616.14395 | X235: =(X$4+W235)/X$4 -> 0.61438924 | Y235: {=INDEX(V$9:V$400,MATCH(MIN(ABS($A235-V$9:V$400)),ABS($A235-V$9:V$400),0))} -> 90.330698 | Z235: =VLOOKUP(Y235,V$9:X$400,3) -> 0.61196071 | AB235: =$A235*AD$4/$F$1 -> 85.516881 | AC235: -625.14414 | AD235: =(AD$4+AC235)/AD$4 -> 0.60002854 | AE235: {=INDEX(AB$9:AB$400,MATCH(MIN(ABS($A235-AB$9:AB$400)),ABS($A235-AB$9:AB$400),0))} -> 90.254658 | AF235: =VLOOKUP(AE235,AB$9:AD$400,3) -> 0.59513276 | AH235: =$A235*AJ$4/$F$1 -> 86.85739 | AI235: -579.85154 | AJ235: =(AJ$4+AI235)/AJ$4 -> 0.63473275 | AK235: {=INDEX(AH$9:AH$400,MATCH(MIN(ABS($A235-AH$9:AH$400)),ABS($A235-AH$9:AH$400),0))} -> 90.225821 | AL235: =VLOOKUP(AK235,AH$9:AJ$400,3) -> 0.63149582 | AN235: =$A235*AP$4/$F$1 -> 87.658868 | AO235: -689.71224 | AP235: =(AP$4+AO235)/AP$4 -> 0.56950038 | AQ235: {=INDEX(AN$9:AN$400,MATCH(MIN(ABS($A235-AN$9:AN$400)),ABS($A235-AN$9:AN$400),0))} -> 90.087091 | AR235: =VLOOKUP(AQ235,AN$9:AP$400,3) -> 0.5673197 | AT235: =$A235*AV$4/$F$1 -> 88.051165 | AU235: -690.3459 | AV235: =(AV$4+AU235)/AV$4 -> 0.57102465 | AW235: {=INDEX(AT$9:AT$400,MATCH(MIN(ABS($A235-AT$9:AT$400)),ABS($A235-AT$9:AT$400),0))} -> 90.490255 | AX235: =VLOOKUP(AW235,AT$9:AV$400,3) -> 0.56835047 | AZ235: =$A235*BB$4/$F$1 -> 86.67161 | BA235: -665.68654 | BB235: =(BB$4+BA235)/BB$4 -> 0.57976366 | BC235: {=INDEX(AZ$9:AZ$400,MATCH(MIN(ABS($A235-AZ$9:AZ$400)),ABS($A235-AZ$9:AZ$400),0))} -> 90.032835 | BD235: =VLOOKUP(BC235,AZ$9:BB$400,3) -> 0.57323247 | BF235: =$A235*BH$4/$F$1 -> 87.049807 | BG235: -560.0055 | BH235: =(BH$4+BG235)/BH$4 -> 0.64801418 | BI235: {=INDEX(BF$9:BF$400,MATCH(MIN(ABS($A235-BF$9:BF$400)),ABS($A235-BF$9:BF$400),0))} -> 90.4257 | BJ235: =VLOOKUP(BI235,BF$9:BH$400,3) -> 0.64804409 | BL235: =$A235*BN$4/$F$1 -> 87.27453 | BM235: -548.64026 | BN235: =(BN$4+BM235)/BN$4 -> 0.65604562 | BO235: {=INDEX(BL$9:BL$400,MATCH(MIN(ABS($A235-BL$9:BL$400)),ABS($A235-BL$9:BL$400),0))} -> 90.175623 | BP235: =VLOOKUP(BO235,BL$9:BN$400,3) -> 0.65587249 | BR235: =$A235*BT$4/$F$1 -> 87.129155 | BS235: -547.53915 | BT235: =(BT$4+BS235)/BT$4 -> 0.65616319 | BU235: {=INDEX(BR$9:BR$400,MATCH(MIN(ABS($A235-BR$9:BR$400)),ABS($A235-BR$9:BR$400),0))} -> 90.025415 | BV235: =VLOOKUP(BU235,BR$9:BT$400,3) -> 0.65705045
A236: 90.75 | B236: 0.5 | D236: =A236*$F$4/$F$1 -> 87.299846 | E236: -666.37937 | F236: =(F$4+E236)/F$4 -> 0.58003975 | G236: {=INDEX(D$9:D$400,MATCH(MIN(ABS($A236-D$9:D$400)),ABS($A236-D$9:D$400),0))} -> 90.666782 | H236: =VLOOKUP(G236,D$9:F$400,3) -> 0.57677149 | J236: =$A236*L$4/$F$1 -> 86.772739 | K236: -673.07675 | L236: =(L$4+K236)/L$4 -> 0.57324227 | M236: {=INDEX(J$9:J$400,MATCH(MIN(ABS($A236-J$9:J$400)),ABS($A236-J$9:J$400),0))} -> 90.597433 | N236: =VLOOKUP(M236,J$9:L$400,3) -> 0.56990047 | P236: =$A236*R$4/$F$1 -> 85.686215 | Q236: -703.74529 | R236: =(R$4+Q236)/R$4 -> 0.54813921 | S236: {=INDEX(P$9:P$400,MATCH(MIN(ABS($A236-P$9:P$400)),ABS($A236-P$9:P$400),0))} -> 90.879319 | T236: =VLOOKUP(S236,P$9:R$400,3) -> 0.54211583 | V236: =$A236*X$4/$F$1 -> 87.908963 | W236: -616.72726 | X236: =(X$4+W236)/X$4 -> 0.61402417 | Y236: {=INDEX(V$9:V$400,MATCH(MIN(ABS($A236-V$9:V$400)),ABS($A236-V$9:V$400),0))} -> 90.815045 | Z236: =VLOOKUP(Y236,V$9:X$400,3) -> 0.61158275 | AB236: =$A236*AD$4/$F$1 -> 85.990658 | AC236: -625.78355 | AD236: =(AD$4+AC236)/AD$4 -> 0.59961943 | AE236: {=INDEX(AB$9:AB$400,MATCH(MIN(ABS($A236-AB$9:AB$400)),ABS($A236-AB$9:AB$400),0))} -> 91.202213 | AF236: =VLOOKUP(AE236,AB$9:AD$400,3) -> 0.59430646 | AH236: =$A236*AJ$4/$F$1 -> 87.338595 | AI236: -580.61601 | AJ236: =(AJ$4+AI236)/AJ$4 -> 0.63425119 | AK236: {=INDEX(AH$9:AH$400,MATCH(MIN(ABS($A236-AH$9:AH$400)),ABS($A236-AH$9:AH$400),0))} -> 90.707025 | AL236: =VLOOKUP(AK236,AH$9:AJ$400,3) -> 0.63103061 | AN236: =$A236*AP$4/$F$1 -> 88.144513 | AO236: -690.66915 | AP236: =(AP$4+AO236)/AP$4 -> 0.56890311 | AQ236: {=INDEX(AN$9:AN$400,MATCH(MIN(ABS($A236-AN$9:AN$400)),ABS($A236-AN$9:AN$400),0))} -> 90.572736 | AR236: =VLOOKUP(AQ236,AN$9:AP$400,3) -> 0.56692223 | AT236: =$A236*AV$4/$F$1 -> 88.538983 | AU236: -691.22209 | AV236: =(AV$4+AU236)/AV$4 -> 0.57048019 | AW236: {=INDEX(AT$9:AT$400,MATCH(MIN(ABS($A236-AT$9:AT$400)),ABS($A236-AT$9:AT$400),0))} -> 90.978073 | AX236: =VLOOKUP(AW236,AT$9:AV$400,3) -> 0.56780022 | AZ236: =$A236*BB$4/$F$1 -> 87.151785 | BA236: -665.76895 | BB236: =(BB$4+BA236)/BB$4 -> 0.57971163 | BF236: =$A236*BH$4/$F$1 -> 87.532078 | BG236: -568.38912 | BH236: =(BH$4+BG236)/BH$4 -> 0.64274474 | BI236: {=INDEX(BF$9:BF$400,MATCH(MIN(ABS($A236-BF$9:BF$400)),ABS($A236-BF$9:BF$400),0))} -> 90.907971 | BJ236: =VLOOKUP(BI236,BF$9:BH$400,3) -> 0.64813521 | BL236: =$A236*BN$4/$F$1 -> 87.758046 | BM236: -549.02882 | BN236: =(BN$4+BM236)/BN$4 -> 0.65580202 | BO236: {=INDEX(BL$9:BL$400,MATCH(MIN(ABS($A236-BL$9:BL$400)),ABS($A236-BL$9:BL$400),0))} -> 90.659138 | BP236: =VLOOKUP(BO236,BL$9:BN$400,3) -> 0.6560645 | BR236: =$A236*BT$4/$F$1 -> 87.611865 | BS236: -548.34069 | BT236: =(BT$4+BS236)/BT$4 -> 0.65565985 | BU236: {=INDEX(BR$9:BR$400,MATCH(MIN(ABS($A236-BR$9:BR$400)),ABS($A236-BR$9:BR$400),0))} -> 90.990835 | BV236: =VLOOKUP(BU236,BR$9:BT$400,3) -> 0.65730867
A237: 91.25 | B237: 0.5 | D237: =A237*$F$4/$F$1 -> 87.780837 | E237: -667.1456 | F237: =(F$4+E237)/F$4 -> 0.57955687 | G237: {=INDEX(D$9:D$400,MATCH(MIN(ABS($A237-D$9:D$400)),ABS($A237-D$9:D$400),0))} -> 91.147773 | H237: =VLOOKUP(G237,D$9:F$400,3) -> 0.57634745 | J237: =$A237*L$4/$F$1 -> 87.250826 | K237: -673.6548 | L237: =(L$4+K237)/L$4 -> 0.57287576 | M237: {=INDEX(J$9:J$400,MATCH(MIN(ABS($A237-J$9:J$400)),ABS($A237-J$9:J$400),0))} -> 91.075519 | N237: =VLOOKUP(M237,J$9:L$400,3) -> 0.56945428 | P237: =$A237*R$4/$F$1 -> 86.158315 | Q237: -704.6995 | R237: =(R$4+Q237)/R$4 -> 0.54752653 | S237: {=INDEX(P$9:P$400,MATCH(MIN(ABS($A237-P$9:P$400)),ABS($A237-P$9:P$400),0))} -> 90.879319 | T237: =VLOOKUP(S237,P$9:R$400,3) -> 0.54211583 | V237: =$A237*X$4/$F$1 -> 88.39331 | W237: -617.45285 | X237: =(X$4+W237)/X$4 -> 0.61357007 | Y237: {=INDEX(V$9:V$400,MATCH(MIN(ABS($A237-V$9:V$400)),ABS($A237-V$9:V$400),0))} -> 91.299392 | Z237: =VLOOKUP(Y237,V$9:X$400,3) -> 0.61118634 | AB237: =$A237*AD$4/$F$1 -> 86.464436 | AC237: -626.48885 | AD237: =(AD$4+AC237)/AD$4 -> 0.59916818 | AE237: {=INDEX(AB$9:AB$400,MATCH(MIN(ABS($A237-AB$9:AB$400)),ABS($A237-AB$9:AB$400),0))} -> 91.202213 | AF237: =VLOOKUP(AE237,AB$9:AD$400,3) -> 0.59430646 | AH237: =$A237*AJ$4/$F$1 -> 87.819799 | AI237: -581.35155 | AJ237: =(AJ$4+AI237)/AJ$4 -> 0.63378785 | AK237: {=INDEX(AH$9:AH$400,MATCH(MIN(ABS($A237-AH$9:AH$400)),ABS($A237-AH$9:AH$400),0))} -> 91.18823 | AL237: =VLOOKUP(AK237,AH$9:AJ$400,3) -> 0.63012156 | AN237: =$A237*AP$4/$F$1 -> 88.630157 | AO237: -691.13849 | AP237: =(AP$4+AO237)/AP$4 -> 0.56861016 | AQ237: {=INDEX(AN$9:AN$400,MATCH(MIN(ABS($A237-AN$9:AN$400)),ABS($A237-AN$9:AN$400),0))} -> 91.058381 | AR237: =VLOOKUP(AQ237,AN$9:AP$400,3) -> 0.56648244 | AT237: =$A237*AV$4/$F$1 -> 89.026801 | AU237: -692.0158 | AV237: =(AV$4+AU237)/AV$4 -> 0.56998699 | AW237: {=INDEX(AT$9:AT$400,MATCH(MIN(ABS($A237-AT$9:AT$400)),ABS($A237-AT$9:AT$400),0))} -> 91.465891 | AX237: =VLOOKUP(AW237,AT$9:AV$400,3) -> 0.56731499 | AZ237: =$A237*BB$4/$F$1 -> 87.63196 | BA237: -667.47953 | BB237: =(BB$4+BA237)/BB$4 -> 0.57863177 | BF237: =$A237*BH$4/$F$1 -> 88.014348 | BG237: -560.13011 | BH237: =(BH$4+BG237)/BH$4 -> 0.64793585 | BI237: {=INDEX(BF$9:BF$400,MATCH(MIN(ABS($A237-BF$9:BF$400)),ABS($A237-BF$9:BF$400),0))} -> 91.390241 | BJ237: =VLOOKUP(BI237,BF$9:BH$400,3) -> 0.64801875 | BL237: =$A237*BN$4/$F$1 -> 88.241561 | BM237: -555.62294 | BN237: =(BN$4+BM237)/BN$4 -> 0.65166802 | BO237: {=INDEX(BL$9:BL$400,MATCH(MIN(ABS($A237-BL$9:BL$400)),ABS($A237-BL$9:BL$400),0))} -> 91.142654 | BP237: =VLOOKUP(BO237,BL$9:BN$400,3) -> 0.65610464 | BR237: =$A237*BT$4/$F$1 -> 88.094575 | BS237: -552.01576 | BT237: =(BT$4+BS237)/BT$4 -> 0.65335203 | BU237: {=INDEX(BR$9:BR$400,MATCH(MIN(ABS($A237-BR$9:BR$400)),ABS($A237-BR$9:BR$400),0))} -> 91.473545 | BV237: =VLOOKUP(BU237,BR$9:BT$400,3) -> 0.65737814
A238: 91.75 | B238: 0.5 | D238: =A238*$F$4/$F$1 -> 88.261828 | E238: -667.8725 | F238: =(F$4+E238)/F$4 -> 0.57909877 | G238: {=INDEX(D$9:D$400,MATCH(MIN(ABS($A238-D$9:D$400)),ABS($A238-D$9:D$400),0))} -> 91.628764 | H238: =VLOOKUP(G238,D$9:F$400,3) -> 0.57593394 | J238: =$A238*L$4/$F$1 -> 87.728912 | K238: -674.35759 | L238: =(L$4+K238)/L$4 -> 0.57243016 | M238: {=INDEX(J$9:J$400,MATCH(MIN(ABS($A238-J$9:J$400)),ABS($A238-J$9:J$400),0))} -> 92.031693 | N238: =VLOOKUP(M238,J$9:L$400,3) -> 0.56855491 | P238: =$A238*R$4/$F$1 -> 86.630416 | Q238: -705.46667 | R238: =(R$4+Q238)/R$4 -> 0.54703395 | S238: {=INDEX(P$9:P$400,MATCH(MIN(ABS($A238-P$9:P$400)),ABS($A238-P$9:P$400),0))} -> 91.82352 | T238: =VLOOKUP(S238,P$9:R$400,3) -> 0.5409628 | V238: =$A238*X$4/$F$1 -> 88.877657 | W238: -618.02776 | X238: =(X$4+W238)/X$4 -> 0.61321026 | Y238: {=INDEX(V$9:V$400,MATCH(MIN(ABS($A238-V$9:V$400)),ABS($A238-V$9:V$400),0))} -> 91.783739 | Z238: =VLOOKUP(Y238,V$9:X$400,3) -> 0.61087242 | AB238: =$A238*AD$4/$F$1 -> 86.938214 | AC238: -627.08794 | AD238: =(AD$4+AC238)/AD$4 -> 0.59878488 | AE238: {=INDEX(AB$9:AB$400,MATCH(MIN(ABS($A238-AB$9:AB$400)),ABS($A238-AB$9:AB$400),0))} -> 92.149769 | AF238: =VLOOKUP(AE238,AB$9:AD$400,3) -> 0.59351826 | AH238: =$A238*AJ$4/$F$1 -> 88.301003 | AI238: -582.13411 | AJ238: =(AJ$4+AI238)/AJ$4 -> 0.63329489 | AK238: {=INDEX(AH$9:AH$400,MATCH(MIN(ABS($A238-AH$9:AH$400)),ABS($A238-AH$9:AH$400),0))} -> 91.669434 | AL238: =VLOOKUP(AK238,AH$9:AJ$400,3) -> 0.62928245 | AN238: =$A238*AP$4/$F$1 -> 89.115802 | AO238: -691.93796 | AP238: =(AP$4+AO238)/AP$4 -> 0.56811115 | AQ238: {=INDEX(AN$9:AN$400,MATCH(MIN(ABS($A238-AN$9:AN$400)),ABS($A238-AN$9:AN$400),0))} -> 91.544026 | AR238: =VLOOKUP(AQ238,AN$9:AP$400,3) -> 0.566012 | AT238: =$A238*AV$4/$F$1 -> 89.514619 | AU238: -693.02487 | AV238: =(AV$4+AU238)/AV$4 -> 0.56935996 | AW238: {=INDEX(AT$9:AT$400,MATCH(MIN(ABS($A238-AT$9:AT$400)),ABS($A238-AT$9:AT$400),0))} -> 91.953709 | AX238: =VLOOKUP(AW238,AT$9:AV$400,3) -> 0.56690062 | AZ238: =$A238*BB$4/$F$1 -> 88.112135 | BA238: -669.19011 | BB238: =(BB$4+BA238)/BB$4 -> 0.57755191 | BF238: =$A238*BH$4/$F$1 -> 88.496619 | BG238: -558.70143 | BH238: =(BH$4+BG238)/BH$4 -> 0.64883384 | BI238: {=INDEX(BF$9:BF$400,MATCH(MIN(ABS($A238-BF$9:BF$400)),ABS($A238-BF$9:BF$400),0))} -> 91.872511 | BJ238: =VLOOKUP(BI238,BF$9:BH$400,3) -> 0.64797151 | BL238: =$A238*BN$4/$F$1 -> 88.725077 | BM238: -550.04941 | BN238: =(BN$4+BM238)/BN$4 -> 0.65516219 | BO238: {=INDEX(BL$9:BL$400,MATCH(MIN(ABS($A238-BL$9:BL$400)),ABS($A238-BL$9:BL$400),0))} -> 91.626169 | BP238: =VLOOKUP(BO238,BL$9:BN$400,3) -> 0.65614478 | BR238: =$A238*BT$4/$F$1 -> 88.577285 | BS238: -546.79954 | BT238: =(BT$4+BS238)/BT$4 -> 0.65662764 | BU238: {=INDEX(BR$9:BR$400,MATCH(MIN(ABS($A238-BR$9:BR$400)),ABS($A238-BR$9:BR$400),0))} -> 91.956255 | BV238: =VLOOKUP(BU238,BR$9:BT$400,3) -> 0.65414987
A239: 92.25 | B239: 0.5 | D239: =A239*$F$4/$F$1 -> 88.742819 | E239: -668.66302 | F239: =(F$4+E239)/F$4 -> 0.57860057 | G239: {=INDEX(D$9:D$400,MATCH(MIN(ABS($A239-D$9:D$400)),ABS($A239-D$9:D$400),0))} -> 92.590746 | H239: =VLOOKUP(G239,D$9:F$400,3) -> 0.57502145 | J239: =$A239*L$4/$F$1 -> 88.206999 | K239: -675.07366 | L239: =(L$4+K239)/L$4 -> 0.57197615 | M239: {=INDEX(J$9:J$400,MATCH(MIN(ABS($A239-J$9:J$400)),ABS($A239-J$9:J$400),0))} -> 92.031693 | N239: =VLOOKUP(M239,J$9:L$400,3) -> 0.56855491 | P239: =$A239*R$4/$F$1 -> 87.102516 | Q239: -706.41568 | R239: =(R$4+Q239)/R$4 -> 0.54642461 | S239: {=INDEX(P$9:P$400,MATCH(MIN(ABS($A239-P$9:P$400)),ABS($A239-P$9:P$400),0))} -> 91.82352 | T239: =VLOOKUP(S239,P$9:R$400,3) -> 0.5409628 | V239: =$A239*X$4/$F$1 -> 89.362004 | W239: -618.7283 | X239: =(X$4+W239)/X$4 -> 0.61277184 | Y239: {=INDEX(V$9:V$400,MATCH(MIN(ABS($A239-V$9:V$400)),ABS($A239-V$9:V$400),0))} -> 92.268086 | Z239: =VLOOKUP(Y239,V$9:X$400,3) -> 0.61008571 | AB239: =$A239*AD$4/$F$1 -> 87.411991 | AC239: -627.7725 | AD239: =(AD$4+AC239)/AD$4 -> 0.59834689 | AE239: {=INDEX(AB$9:AB$400,MATCH(MIN(ABS($A239-AB$9:AB$400)),ABS($A239-AB$9:AB$400),0))} -> 92.149769 | AF239: =VLOOKUP(AE239,AB$9:AD$400,3) -> 0.59351826 | AH239: =$A239*AJ$4/$F$1 -> 88.782208 | AI239: -582.74673 | AJ239: =(AJ$4+AI239)/AJ$4 -> 0.63290898 | AK239: {=INDEX(AH$9:AH$400,MATCH(MIN(ABS($A239-AH$9:AH$400)),ABS($A239-AH$9:AH$400),0))} -> 92.631843 | AL239: =VLOOKUP(AK239,AH$9:AJ$400,3) -> 0.62841116 | AN239: =$A239*AP$4/$F$1 -> 89.601447 | AO239: -692.57838 | AP239: =(AP$4+AO239)/AP$4 -> 0.56771142 | AQ239: {=INDEX(AN$9:AN$400,MATCH(MIN(ABS($A239-AN$9:AN$400)),ABS($A239-AN$9:AN$400),0))} -> 92.02967 | AR239: =VLOOKUP(AQ239,AN$9:AP$400,3) -> 0.56565139 | AT239: =$A239*AV$4/$F$1 -> 90.002437 | AU239: -693.86354 | AV239: =(AV$4+AU239)/AV$4 -> 0.56883882 | AW239: {=INDEX(AT$9:AT$400,MATCH(MIN(ABS($A239-AT$9:AT$400)),ABS($A239-AT$9:AT$400),0))} -> 92.441527 | AX239: =VLOOKUP(AW239,AT$9:AV$400,3) -> 0.56634896 | AZ239: =$A239*BB$4/$F$1 -> 88.59231 | BA239: -670.90069 | BB239: =(BB$4+BA239)/BB$4 -> 0.57647205 | BF239: =$A239*BH$4/$F$1 -> 88.978889 | BG239: -559.97963 | BH239: =(BH$4+BG239)/BH$4 -> 0.64803044 | BI239: {=INDEX(BF$9:BF$400,MATCH(MIN(ABS($A239-BF$9:BF$400)),ABS($A239-BF$9:BF$400),0))} -> 91.872511 | BJ239: =VLOOKUP(BI239,BF$9:BH$400,3) -> 0.64797151 | BL239: =$A239*BN$4/$F$1 -> 89.208592 | BM239: -548.98267 | BN239: =(BN$4+BM239)/BN$4 -> 0.65583095 | BO239: {=INDEX(BL$9:BL$400,MATCH(MIN(ABS($A239-BL$9:BL$400)),ABS($A239-BL$9:BL$400),0))} -> 92.109684 | BP239: =VLOOKUP(BO239,BL$9:BN$400,3) -> 0.65606646 | BR239: =$A239*BT$4/$F$1 -> 89.059995 | BS239: -546.59361 | BT239: =(BT$4+BS239)/BT$4 -> 0.65675696 | BU239: {=INDEX(BR$9:BR$400,MATCH(MIN(ABS($A239-BR$9:BR$400)),ABS($A239-BR$9:BR$400),0))} -> 91.956255 | BV239: =VLOOKUP(BU239,BR$9:BT$400,3) -> 0.65414987
A240: 92.75 | B240: 0.5 | D240: =A240*$F$4/$F$1 -> 89.22381 | E240: -669.36681 | F240: =(F$4+E240)/F$4 -> 0.57815704 | G240: {=INDEX(D$9:D$400,MATCH(MIN(ABS($A240-D$9:D$400)),ABS($A240-D$9:D$400),0))} -> 92.590746 | H240: =VLOOKUP(G240,D$9:F$400,3) -> 0.57502145 | J240: =$A240*L$4/$F$1 -> 88.685086 | K240: -675.70268 | L240: =(L$4+K240)/L$4 -> 0.57157732 | M240: {=INDEX(J$9:J$400,MATCH(MIN(ABS($A240-J$9:J$400)),ABS($A240-J$9:J$400),0))} -> 92.987866 | N240: =VLOOKUP(M240,J$9:L$400,3) -> 0.56771497 | P240: =$A240*R$4/$F$1 -> 87.574617 | Q240: -707.25598 | R240: =(R$4+Q240)/R$4 -> 0.54588506 | S240: {=INDEX(P$9:P$400,MATCH(MIN(ABS($A240-P$9:P$400)),ABS($A240-P$9:P$400),0))} -> 92.76772 | T240: =VLOOKUP(S240,P$9:R$400,3) -> 0.53985344 | V240: =$A240*X$4/$F$1 -> 89.846351 | W240: -619.33115 | X240: =(X$4+W240)/X$4 -> 0.61239455 | Y240: {=INDEX(V$9:V$400,MATCH(MIN(ABS($A240-V$9:V$400)),ABS($A240-V$9:V$400),0))} -> 92.268086 | Z240: =VLOOKUP(Y240,V$9:X$400,3) -> 0.61008571 | AB240: =$A240*AD$4/$F$1 -> 87.885769 | AC240: -628.40253 | AD240: =(AD$4+AC240)/AD$4 -> 0.5979438 | AE240: {=INDEX(AB$9:AB$400,MATCH(MIN(ABS($A240-AB$9:AB$400)),ABS($A240-AB$9:AB$400),0))} -> 93.097324 | AF240: =VLOOKUP(AE240,AB$9:AD$400,3) -> 0.59272614 | AH240: =$A240*AJ$4/$F$1 -> 89.263412 | AI240: -583.55579 | AJ240: =(AJ$4+AI240)/AJ$4 -> 0.63239933 | AK240: {=INDEX(AH$9:AH$400,MATCH(MIN(ABS($A240-AH$9:AH$400)),ABS($A240-AH$9:AH$400),0))} -> 92.631843 | AL240: =VLOOKUP(AK240,AH$9:AJ$400,3) -> 0.62841116 | AN240: =$A240*AP$4/$F$1 -> 90.087091 | AO240: -693.20596 | AP240: =(AP$4+AO240)/AP$4 -> 0.5673197 | AQ240: {=INDEX(AN$9:AN$400,MATCH(MIN(ABS($A240-AN$9:AN$400)),ABS($A240-AN$9:AN$400),0))} -> 92.515315 | AR240: =VLOOKUP(AQ240,AN$9:AP$400,3) -> 0.56513573 | AT240: =$A240*AV$4/$F$1 -> 90.490255 | AU240: -694.64943 | AV240: =(AV$4+AU240)/AV$4 -> 0.56835047 | AW240: {=INDEX(AT$9:AT$400,MATCH(MIN(ABS($A240-AT$9:AT$400)),ABS($A240-AT$9:AT$400),0))} -> 92.929345 | AX240: =VLOOKUP(AW240,AT$9:AV$400,3) -> 0.56588008 | AZ240: =$A240*BB$4/$F$1 -> 89.072485 | BA240: -672.61127 | BB240: =(BB$4+BA240)/BB$4 -> 0.57539219 | BF240: =$A240*BH$4/$F$1 -> 89.461159 | BG240: -559.30052 | BH240: =(BH$4+BG240)/BH$4 -> 0.64845729 | BI240: {=INDEX(BF$9:BF$400,MATCH(MIN(ABS($A240-BF$9:BF$400)),ABS($A240-BF$9:BF$400),0))} -> 92.837052 | BJ240: =VLOOKUP(BI240,BF$9:BH$400,3) -> 0.64840994 | BL240: =$A240*BN$4/$F$1 -> 89.692107 | BM240: -549.2227 | BN240: =(BN$4+BM240)/BN$4 -> 0.65568048 | BO240: {=INDEX(BL$9:BL$400,MATCH(MIN(ABS($A240-BL$9:BL$400)),ABS($A240-BL$9:BL$400),0))} -> 93.076715 | BP240: =VLOOKUP(BO240,BL$9:BN$400,3) -> 0.65576779 | BR240: =$A240*BT$4/$F$1 -> 89.542705 | BS240: -546.38768 | BT240: =(BT$4+BS240)/BT$4 -> 0.65688628 | BU240: {=INDEX(BR$9:BR$400,MATCH(MIN(ABS($A240-BR$9:BR$400)),ABS($A240-BR$9:BR$400),0))} -> 92.921675 | BV240: =VLOOKUP(BU240,BR$9:BT$400,3) -> 0.65608345
A241: 93.25 | B241: 0.5 | D241: =A241*$F$4/$F$1 -> 89.704801 | E241: -670.07605 | F241: =(F$4+E241)/F$4 -> 0.57771007 | G241: {=INDEX(D$9:D$400,MATCH(MIN(ABS($A241-D$9:D$400)),ABS($A241-D$9:D$400),0))} -> 93.552728 | H241: =VLOOKUP(G241,D$9:F$400,3) -> 0.57412337 | J241: =$A241*L$4/$F$1 -> 89.163173 | K241: -676.33514 | L241: =(L$4+K241)/L$4 -> 0.57117631 | M241: {=INDEX(J$9:J$400,MATCH(MIN(ABS($A241-J$9:J$400)),ABS($A241-J$9:J$400),0))} -> 92.987866 | N241: =VLOOKUP(M241,J$9:L$400,3) -> 0.56771497 | P241: =$A241*R$4/$F$1 -> 88.046717 | Q241: -708.07399 | R241: =(R$4+Q241)/R$4 -> 0.54535984 | S241: {=INDEX(P$9:P$400,MATCH(MIN(ABS($A241-P$9:P$400)),ABS($A241-P$9:P$400),0))} -> 93.711921 | T241: =VLOOKUP(S241,P$9:R$400,3) -> 0.53886965 | V241: =$A241*X$4/$F$1 -> 90.330698 | W241: -620.02435 | X241: =(X$4+W241)/X$4 -> 0.61196071 | Y241: {=INDEX(V$9:V$400,MATCH(MIN(ABS($A241-V$9:V$400)),ABS($A241-V$9:V$400),0))} -> 93.236779 | Z241: =VLOOKUP(Y241,V$9:X$400,3) -> 0.60939289 | AB241: =$A241*AD$4/$F$1 -> 88.359547 | AC241: -629.04602 | AD241: =(AD$4+AC241)/AD$4 -> 0.59753209 | AE241: {=INDEX(AB$9:AB$400,MATCH(MIN(ABS($A241-AB$9:AB$400)),ABS($A241-AB$9:AB$400),0))} -> 93.097324 | AF241: =VLOOKUP(AE241,AB$9:AD$400,3) -> 0.59272614 | AH241: =$A241*AJ$4/$F$1 -> 89.744616 | AI241: -584.25156 | AJ241: =(AJ$4+AI241)/AJ$4 -> 0.63196104 | AK241: {=INDEX(AH$9:AH$400,MATCH(MIN(ABS($A241-AH$9:AH$400)),ABS($A241-AH$9:AH$400),0))} -> 93.594251 | AL241: =VLOOKUP(AK241,AH$9:AJ$400,3) -> 0.62755919 | AN241: =$A241*AP$4/$F$1 -> 90.572736 | AO241: -693.84275 | AP241: =(AP$4+AO241)/AP$4 -> 0.56692223 | AQ241: {=INDEX(AN$9:AN$400,MATCH(MIN(ABS($A241-AN$9:AN$400)),ABS($A241-AN$9:AN$400),0))} -> 93.486604 | AR241: =VLOOKUP(AQ241,AN$9:AP$400,3) -> 0.56428092 | AT241: =$A241*AV$4/$F$1 -> 90.978073 | AU241: -695.53494 | AV241: =(AV$4+AU241)/AV$4 -> 0.56780022 | AW241: {=INDEX(AT$9:AT$400,MATCH(MIN(ABS($A241-AT$9:AT$400)),ABS($A241-AT$9:AT$400),0))} -> 92.929345 | AX241: =VLOOKUP(AW241,AT$9:AV$400,3) -> 0.56588008 | AZ241: =$A241*BB$4/$F$1 -> 89.55266 | BA241: -674.32186 | BB241: =(BB$4+BA241)/BB$4 -> 0.57431233 | BF241: =$A241*BH$4/$F$1 -> 89.94343 | BG241: -559.57028 | BH241: =(BH$4+BG241)/BH$4 -> 0.64828773 | BI241: {=INDEX(BF$9:BF$400,MATCH(MIN(ABS($A241-BF$9:BF$400)),ABS($A241-BF$9:BF$400),0))} -> 92.837052 | BJ241: =VLOOKUP(BI241,BF$9:BH$400,3) -> 0.64840994 | BL241: =$A241*BN$4/$F$1 -> 90.175623 | BM241: -548.91642 | BN241: =(BN$4+BM241)/BN$4 -> 0.65587249 | BO241: {=INDEX(BL$9:BL$400,MATCH(MIN(ABS($A241-BL$9:BL$400)),ABS($A241-BL$9:BL$400),0))} -> 93.076715 | BP241: =VLOOKUP(BO241,BL$9:BN$400,3) -> 0.65576779 | BR241: =$A241*BT$4/$F$1 -> 90.025415 | BS241: -546.12624 | BT241: =(BT$4+BS241)/BT$4 -> 0.65705045 | BU241: {=INDEX(BR$9:BR$400,MATCH(MIN(ABS($A241-BR$9:BR$400)),ABS($A241-BR$9:BR$400),0))} -> 92.921675 | BV241: =VLOOKUP(BU241,BR$9:BT$400,3) -> 0.65608345
A242: 93.75 | B242: 0.5 | D242: =A242*$F$4/$F$1 -> 90.185792 | E242: -670.82048 | F242: =(F$4+E242)/F$4 -> 0.57724092 | G242: {=INDEX(D$9:D$400,MATCH(MIN(ABS($A242-D$9:D$400)),ABS($A242-D$9:D$400),0))} -> 93.552728 | H242: =VLOOKUP(G242,D$9:F$400,3) -> 0.57412337 | J242: =$A242*L$4/$F$1 -> 89.641259 | K242: -677.02585 | L242: =(L$4+K242)/L$4 -> 0.57073838 | M242: {=INDEX(J$9:J$400,MATCH(MIN(ABS($A242-J$9:J$400)),ABS($A242-J$9:J$400),0))} -> 93.94404 | N242: =VLOOKUP(M242,J$9:L$400,3) -> 0.56688921 | P242: =$A242*R$4/$F$1 -> 88.518817 | Q242: -709.00967 | R242: =(R$4+Q242)/R$4 -> 0.54475906 | S242: {=INDEX(P$9:P$400,MATCH(MIN(ABS($A242-P$9:P$400)),ABS($A242-P$9:P$400),0))} -> 93.711921 | T242: =VLOOKUP(S242,P$9:R$400,3) -> 0.53886965 | V242: =$A242*X$4/$F$1 -> 90.815045 | W242: -620.62827 | X242: =(X$4+W242)/X$4 -> 0.61158275 | Y242: {=INDEX(V$9:V$400,MATCH(MIN(ABS($A242-V$9:V$400)),ABS($A242-V$9:V$400),0))} -> 94.205473 | Z242: =VLOOKUP(Y242,V$9:X$400,3) -> 0.60864831 | AB242: =$A242*AD$4/$F$1 -> 88.833325 | AC242: -629.65832 | AD242: =(AD$4+AC242)/AD$4 -> 0.59714033 | AE242: {=INDEX(AB$9:AB$400,MATCH(MIN(ABS($A242-AB$9:AB$400)),ABS($A242-AB$9:AB$400),0))} -> 94.04488 | AF242: =VLOOKUP(AE242,AB$9:AD$400,3) -> 0.59190761 | AH242: =$A242*AJ$4/$F$1 -> 90.225821 | AI242: -584.99007 | AJ242: =(AJ$4+AI242)/AJ$4 -> 0.63149582 | AK242: {=INDEX(AH$9:AH$400,MATCH(MIN(ABS($A242-AH$9:AH$400)),ABS($A242-AH$9:AH$400),0))} -> 93.594251 | AL242: =VLOOKUP(AK242,AH$9:AJ$400,3) -> 0.62755919 | AN242: =$A242*AP$4/$F$1 -> 91.058381 | AO242: -694.54736 | AP242: =(AP$4+AO242)/AP$4 -> 0.56648244 | AQ242: {=INDEX(AN$9:AN$400,MATCH(MIN(ABS($A242-AN$9:AN$400)),ABS($A242-AN$9:AN$400),0))} -> 93.486604 | AR242: =VLOOKUP(AQ242,AN$9:AP$400,3) -> 0.56428092 | AT242: =$A242*AV$4/$F$1 -> 91.465891 | AU242: -696.31582 | AV242: =(AV$4+AU242)/AV$4 -> 0.56731499 | AW242: {=INDEX(AT$9:AT$400,MATCH(MIN(ABS($A242-AT$9:AT$400)),ABS($A242-AT$9:AT$400),0))} -> 93.904982 | AX242: =VLOOKUP(AW242,AT$9:AV$400,3) -> 0.56485705 | AZ242: =$A242*BB$4/$F$1 -> 90.032835 | BA242: -676.03244 | BB242: =(BB$4+BA242)/BB$4 -> 0.57323247 | BF242: =$A242*BH$4/$F$1 -> 90.4257 | BG242: -559.9579 | BH242: =(BH$4+BG242)/BH$4 -> 0.64804409 | BI242: {=INDEX(BF$9:BF$400,MATCH(MIN(ABS($A242-BF$9:BF$400)),ABS($A242-BF$9:BF$400),0))} -> 93.801593 | BJ242: =VLOOKUP(BI242,BF$9:BH$400,3) -> 0.64780113 | BL242: =$A242*BN$4/$F$1 -> 90.659138 | BM242: -548.61014 | BN242: =(BN$4+BM242)/BN$4 -> 0.6560645 | BO242: {=INDEX(BL$9:BL$400,MATCH(MIN(ABS($A242-BL$9:BL$400)),ABS($A242-BL$9:BL$400),0))} -> 94.043746 | BP242: =VLOOKUP(BO242,BL$9:BN$400,3) -> 0.65570097 | BR242: =$A242*BT$4/$F$1 -> 90.508125 | BS242: -545.82566 | BT242: =(BT$4+BS242)/BT$4 -> 0.65723921 | BU242: {=INDEX(BR$9:BR$400,MATCH(MIN(ABS($A242-BR$9:BR$400)),ABS($A242-BR$9:BR$400),0))} -> 93.887095 | BV242: =VLOOKUP(BU242,BR$9:BT$400,3) -> 0.65722163
A243: 94.25 | B243: 0.5 | D243: =A243*$F$4/$F$1 -> 90.666782 | E243: -671.56535 | F243: =(F$4+E243)/F$4 -> 0.57677149 | G243: {=INDEX(D$9:D$400,MATCH(MIN(ABS($A243-D$9:D$400)),ABS($A243-D$9:D$400),0))} -> 94.51471 | H243: =VLOOKUP(G243,D$9:F$400,3) -> 0.57325409 | J243: =$A243*L$4/$F$1 -> 90.119346 | K243: -677.73527 | L243: =(L$4+K243)/L$4 -> 0.57028858 | M243: {=INDEX(J$9:J$400,MATCH(MIN(ABS($A243-J$9:J$400)),ABS($A243-J$9:J$400),0))} -> 93.94404 | N243: =VLOOKUP(M243,J$9:L$400,3) -> 0.56688921 | P243: =$A243*R$4/$F$1 -> 88.990918 | Q243: -709.80664 | R243: =(R$4+Q243)/R$4 -> 0.54424734 | S243: {=INDEX(P$9:P$400,MATCH(MIN(ABS($A243-P$9:P$400)),ABS($A243-P$9:P$400),0))} -> 94.656122 | T243: =VLOOKUP(S243,P$9:R$400,3) -> 0.53763882 | V243: =$A243*X$4/$F$1 -> 91.299392 | W243: -621.26167 | X243: =(X$4+W243)/X$4 -> 0.61118634 | Y243: {=INDEX(V$9:V$400,MATCH(MIN(ABS($A243-V$9:V$400)),ABS($A243-V$9:V$400),0))} -> 94.205473 | Z243: =VLOOKUP(Y243,V$9:X$400,3) -> 0.60864831 | AB243: =$A243*AD$4/$F$1 -> 89.307102 | AC243: -630.34157 | AD243: =(AD$4+AC243)/AD$4 -> 0.59670319 | AE243: {=INDEX(AB$9:AB$400,MATCH(MIN(ABS($A243-AB$9:AB$400)),ABS($A243-AB$9:AB$400),0))} -> 94.04488 | AF243: =VLOOKUP(AE243,AB$9:AD$400,3) -> 0.59190761 | AH243: =$A243*AJ$4/$F$1 -> 90.707025 | AI243: -585.72859 | AJ243: =(AJ$4+AI243)/AJ$4 -> 0.63103061 | AK243: {=INDEX(AH$9:AH$400,MATCH(MIN(ABS($A243-AH$9:AH$400)),ABS($A243-AH$9:AH$400),0))} -> 94.55666 | AL243: =VLOOKUP(AK243,AH$9:AJ$400,3) -> 0.62666943 | AN243: =$A243*AP$4/$F$1 -> 91.544026 | AO243: -695.30105 | AP243: =(AP$4+AO243)/AP$4 -> 0.566012 | AQ243: {=INDEX(AN$9:AN$400,MATCH(MIN(ABS($A243-AN$9:AN$400)),ABS($A243-AN$9:AN$400),0))} -> 94.457894 | AR243: =VLOOKUP(AQ243,AN$9:AP$400,3) -> 0.56342228 | AT243: =$A243*AV$4/$F$1 -> 91.953709 | AU243: -696.98266 | AV243: =(AV$4+AU243)/AV$4 -> 0.56690062 | AW243: {=INDEX(AT$9:AT$400,MATCH(MIN(ABS($A243-AT$9:AT$400)),ABS($A243-AT$9:AT$400),0))} -> 93.904982 | AX243: =VLOOKUP(AW243,AT$9:AV$400,3) -> 0.56485705 | AZ243: =$A243*BB$4/$F$1 -> 90.513011 | BF243: =$A243*BH$4/$F$1 -> 90.907971 | BG243: -559.81294 | BH243: =(BH$4+BG243)/BH$4 -> 0.64813521 | BI243: {=INDEX(BF$9:BF$400,MATCH(MIN(ABS($A243-BF$9:BF$400)),ABS($A243-BF$9:BF$400),0))} -> 93.801593 | BJ243: =VLOOKUP(BI243,BF$9:BH$400,3) -> 0.64780113 | BL243: =$A243*BN$4/$F$1 -> 91.142654 | BM243: -548.54612 | BN243: =(BN$4+BM243)/BN$4 -> 0.65610464 | BO243: {=INDEX(BL$9:BL$400,MATCH(MIN(ABS($A243-BL$9:BL$400)),ABS($A243-BL$9:BL$400),0))} -> 94.043746 | BP243: =VLOOKUP(BO243,BL$9:BN$400,3) -> 0.65570097 | BR243: =$A243*BT$4/$F$1 -> 90.990835 | BS243: -545.71505 | BT243: =(BT$4+BS243)/BT$4 -> 0.65730867 | BU243: {=INDEX(BR$9:BR$400,MATCH(MIN(ABS($A243-BR$9:BR$400)),ABS($A243-BR$9:BR$400),0))} -> 93.887095 | BV243: =VLOOKUP(BU243,BR$9:BT$400,3) -> 0.65722163
A244: 94.75 | B244: 0.5 | D244: =A244*$F$4/$F$1 -> 91.147773 | E244: -672.2382 | F244: =(F$4+E244)/F$4 -> 0.57634745 | G244: {=INDEX(D$9:D$400,MATCH(MIN(ABS($A244-D$9:D$400)),ABS($A244-D$9:D$400),0))} -> 94.51471 | H244: =VLOOKUP(G244,D$9:F$400,3) -> 0.57325409 | J244: =$A244*L$4/$F$1 -> 90.597433 | K244: -678.34739 | L244: =(L$4+K244)/L$4 -> 0.56990047 | M244: {=INDEX(J$9:J$400,MATCH(MIN(ABS($A244-J$9:J$400)),ABS($A244-J$9:J$400),0))} -> 94.900213 | N244: =VLOOKUP(M244,J$9:L$400,3) -> 0.56605178 | P244: =$A244*R$4/$F$1 -> 89.463018 | Q244: -710.70887 | R244: =(R$4+Q244)/R$4 -> 0.54366803 | S244: {=INDEX(P$9:P$400,MATCH(MIN(ABS($A244-P$9:P$400)),ABS($A244-P$9:P$400),0))} -> 94.656122 | T244: =VLOOKUP(S244,P$9:R$400,3) -> 0.53763882 | V244: =$A244*X$4/$F$1 -> 91.783739 | W244: -621.76326 | X244: =(X$4+W244)/X$4 -> 0.61087242 | Y244: {=INDEX(V$9:V$400,MATCH(MIN(ABS($A244-V$9:V$400)),ABS($A244-V$9:V$400),0))} -> 95.174167 | Z244: =VLOOKUP(Y244,V$9:X$400,3) -> 0.6078264 | AB244: =$A244*AD$4/$F$1 -> 89.78088 | AC244: -631.53631 | AD244: =(AD$4+AC244)/AD$4 -> 0.59593879 | AE244: {=INDEX(AB$9:AB$400,MATCH(MIN(ABS($A244-AB$9:AB$400)),ABS($A244-AB$9:AB$400),0))} -> 94.992435 | AF244: =VLOOKUP(AE244,AB$9:AD$400,3) -> 0.59114738 | AH244: =$A244*AJ$4/$F$1 -> 91.18823 | AI244: -587.17168 | AJ244: =(AJ$4+AI244)/AJ$4 -> 0.63012156 | AK244: {=INDEX(AH$9:AH$400,MATCH(MIN(ABS($A244-AH$9:AH$400)),ABS($A244-AH$9:AH$400),0))} -> 94.55666 | AL244: =VLOOKUP(AK244,AH$9:AJ$400,3) -> 0.62666943 | AN244: =$A244*AP$4/$F$1 -> 92.02967 | AO244: -695.87879 | AP244: =(AP$4+AO244)/AP$4 -> 0.56565139 | AQ244: {=INDEX(AN$9:AN$400,MATCH(MIN(ABS($A244-AN$9:AN$400)),ABS($A244-AN$9:AN$400),0))} -> 94.457894 | AR244: =VLOOKUP(AQ244,AN$9:AP$400,3) -> 0.56342228 | AT244: =$A244*AV$4/$F$1 -> 92.441527 | AU244: -697.87043 | AV244: =(AV$4+AU244)/AV$4 -> 0.56634896 | AW244: {=INDEX(AT$9:AT$400,MATCH(MIN(ABS($A244-AT$9:AT$400)),ABS($A244-AT$9:AT$400),0))} -> 94.880618 | AX244: =VLOOKUP(AW244,AT$9:AV$400,3) -> 0.56391915 | AZ244: =$A244*BB$4/$F$1 -> 90.993186 | BF244: =$A244*BH$4/$F$1 -> 91.390241 | BG244: -559.99823 | BH244: =(BH$4+BG244)/BH$4 -> 0.64801875 | BI244: {=INDEX(BF$9:BF$400,MATCH(MIN(ABS($A244-BF$9:BF$400)),ABS($A244-BF$9:BF$400),0))} -> 94.766134 | BJ244: =VLOOKUP(BI244,BF$9:BH$400,3) -> 0.64616189 | BL244: =$A244*BN$4/$F$1 -> 91.626169 | BM244: -548.48209 | BN244: =(BN$4+BM244)/BN$4 -> 0.65614478 | BO244: {=INDEX(BL$9:BL$400,MATCH(MIN(ABS($A244-BL$9:BL$400)),ABS($A244-BL$9:BL$400),0))} -> 95.010777 | BP244: =VLOOKUP(BO244,BL$9:BN$400,3) -> 0.65491451 | BR244: =$A244*BT$4/$F$1 -> 91.473545 | BS244: -545.60443 | BT244: =(BT$4+BS244)/BT$4 -> 0.65737814 | BU244: {=INDEX(BR$9:BR$400,MATCH(MIN(ABS($A244-BR$9:BR$400)),ABS($A244-BR$9:BR$400),0))} -> 94.852515 | BV244: =VLOOKUP(BU244,BR$9:BT$400,3) -> 0.655991
A245: 95.25 | B245: 0.5 | D245: =A245*$F$4/$F$1 -> 91.628764 | E245: -672.89434 | F245: =(F$4+E245)/F$4 -> 0.57593394 | G245: {=INDEX(D$9:D$400,MATCH(MIN(ABS($A245-D$9:D$400)),ABS($A245-D$9:D$400),0))} -> 95.476691 | H245: =VLOOKUP(G245,D$9:F$400,3) -> 0.57239042 | J245: =$A245*L$4/$F$1 -> 91.075519 | K245: -679.05112 | L245: =(L$4+K245)/L$4 -> 0.56945428 | M245: {=INDEX(J$9:J$400,MATCH(MIN(ABS($A245-J$9:J$400)),ABS($A245-J$9:J$400),0))} -> 94.900213 | N245: =VLOOKUP(M245,J$9:L$400,3) -> 0.56605178 | P245: =$A245*R$4/$F$1 -> 89.935118 | Q245: -711.47835 | R245: =(R$4+Q245)/R$4 -> 0.54317396 | S245: {=INDEX(P$9:P$400,MATCH(MIN(ABS($A245-P$9:P$400)),ABS($A245-P$9:P$400),0))} -> 95.60006 | T245: =VLOOKUP(S245,P$9:R$400,3) -> 0.53662017 | V245: =$A245*X$4/$F$1 -> 92.268086 | W245: -623.0203 | X245: =(X$4+W245)/X$4 -> 0.61008571 | Y245: {=INDEX(V$9:V$400,MATCH(MIN(ABS($A245-V$9:V$400)),ABS($A245-V$9:V$400),0))} -> 95.174167 | Z245: =VLOOKUP(Y245,V$9:X$400,3) -> 0.6078264 | AB245: =$A245*AD$4/$F$1 -> 90.254658 | AC245: -632.7961 | AD245: =(AD$4+AC245)/AD$4 -> 0.59513276 | AE245: {=INDEX(AB$9:AB$400,MATCH(MIN(ABS($A245-AB$9:AB$400)),ABS($A245-AB$9:AB$400),0))} -> 94.992435 | AF245: =VLOOKUP(AE245,AB$9:AD$400,3) -> 0.59114738 | AH245: =$A245*AJ$4/$F$1 -> 91.669434 | AI245: -588.50374 | AJ245: =(AJ$4+AI245)/AJ$4 -> 0.62928245 | AK245: {=INDEX(AH$9:AH$400,MATCH(MIN(ABS($A245-AH$9:AH$400)),ABS($A245-AH$9:AH$400),0))} -> 95.519069 | AL245: =VLOOKUP(AK245,AH$9:AJ$400,3) -> 0.62578342 | AN245: =$A245*AP$4/$F$1 -> 92.515315 | AO245: -696.70494 | AP245: =(AP$4+AO245)/AP$4 -> 0.56513573 | AQ245: {=INDEX(AN$9:AN$400,MATCH(MIN(ABS($A245-AN$9:AN$400)),ABS($A245-AN$9:AN$400),0))} -> 95.429183 | AR245: =VLOOKUP(AQ245,AN$9:AP$400,3) -> 0.56255727 | AT245: =$A245*AV$4/$F$1 -> 92.929345 | AU245: -698.62501 | AV245: =(AV$4+AU245)/AV$4 -> 0.56588008 | AW245: {=INDEX(AT$9:AT$400,MATCH(MIN(ABS($A245-AT$9:AT$400)),ABS($A245-AT$9:AT$400),0))} -> 94.880618 | AX245: =VLOOKUP(AW245,AT$9:AV$400,3) -> 0.56391915 | AZ245: =$A245*BB$4/$F$1 -> 91.473361 | BF245: =$A245*BH$4/$F$1 -> 91.872511 | BG245: -560.07338 | BH245: =(BH$4+BG245)/BH$4 -> 0.64797151 | BI245: {=INDEX(BF$9:BF$400,MATCH(MIN(ABS($A245-BF$9:BF$400)),ABS($A245-BF$9:BF$400),0))} -> 95.730675 | BJ245: =VLOOKUP(BI245,BF$9:BH$400,3) -> 0.64833748 | BL245: =$A245*BN$4/$F$1 -> 92.109684 | BM245: -548.60701 | BN245: =(BN$4+BM245)/BN$4 -> 0.65606646 | BO245: {=INDEX(BL$9:BL$400,MATCH(MIN(ABS($A245-BL$9:BL$400)),ABS($A245-BL$9:BL$400),0))} -> 95.010777 | BP245: =VLOOKUP(BO245,BL$9:BN$400,3) -> 0.65491451 | BR245: =$A245*BT$4/$F$1 -> 91.956255 | BS245: -550.74525 | BT245: =(BT$4+BS245)/BT$4 -> 0.65414987 | BU245: {=INDEX(BR$9:BR$400,MATCH(MIN(ABS($A245-BR$9:BR$400)),ABS($A245-BR$9:BR$400),0))} -> 94.852515 | BV245: =VLOOKUP(BU245,BR$9:BT$400,3) -> 0.655991
A246: 96.25 | B246: 1 | D246: =A246*$F$4/$F$1 -> 92.590746 | E246: -674.34225 | F246: =(F$4+E246)/F$4 -> 0.57502145 | G246: {=INDEX(D$9:D$400,MATCH(MIN(ABS($A246-D$9:D$400)),ABS($A246-D$9:D$400),0))} -> 96.438673 | H246: =VLOOKUP(G246,D$9:F$400,3) -> 0.57152315 | J246: =$A246*L$4/$F$1 -> 92.031693 | K246: -680.4696 | L246: =(L$4+K246)/L$4 -> 0.56855491 | M246: {=INDEX(J$9:J$400,MATCH(MIN(ABS($A246-J$9:J$400)),ABS($A246-J$9:J$400),0))} -> 95.856387 | N246: =VLOOKUP(M246,J$9:L$400,3) -> 0.56524948 | P246: =$A246*R$4/$F$1 -> 90.879319 | Q246: -713.12633 | R246: =(R$4+Q246)/R$4 -> 0.54211583 | S246: {=INDEX(P$9:P$400,MATCH(MIN(ABS($A246-P$9:P$400)),ABS($A246-P$9:P$400),0))} -> 96.544261 | T246: =VLOOKUP(S246,P$9:R$400,3) -> 0.53564735 | V246: =$A246*X$4/$F$1 -> 93.236779 | W246: -624.12731 | X246: =(X$4+W246)/X$4 -> 0.60939289 | Y246: {=INDEX(V$9:V$400,MATCH(MIN(ABS($A246-V$9:V$400)),ABS($A246-V$9:V$400),0))} -> 96.142861 | Z246: =VLOOKUP(Y246,V$9:X$400,3) -> 0.60711466 | AB246: =$A246*AD$4/$F$1 -> 91.202213 | AC246: -634.08759 | AD246: =(AD$4+AC246)/AD$4 -> 0.59430646 | AE246: {=INDEX(AB$9:AB$400,MATCH(MIN(ABS($A246-AB$9:AB$400)),ABS($A246-AB$9:AB$400),0))} -> 95.939727 | AF246: =VLOOKUP(AE246,AB$9:AD$400,3) -> 0.59035361 | AH246: =$A246*AJ$4/$F$1 -> 92.631843 | AI246: -589.8869 | AJ246: =(AJ$4+AI246)/AJ$4 -> 0.62841116 | AK246: {=INDEX(AH$9:AH$400,MATCH(MIN(ABS($A246-AH$9:AH$400)),ABS($A246-AH$9:AH$400),0))} -> 96.481478 | AL246: =VLOOKUP(AK246,AH$9:AJ$400,3) -> 0.62491729 | AN246: =$A246*AP$4/$F$1 -> 93.486604 | AO246: -698.07445 | AP246: =(AP$4+AO246)/AP$4 -> 0.56428092 | AQ246: {=INDEX(AN$9:AN$400,MATCH(MIN(ABS($A246-AN$9:AN$400)),ABS($A246-AN$9:AN$400),0))} -> 96.400472 | AR246: =VLOOKUP(AQ246,AN$9:AP$400,3) -> 0.56176499 | AT246: =$A246*AV$4/$F$1 -> 93.904982 | AU246: -700.27136 | AV246: =(AV$4+AU246)/AV$4 -> 0.56485705 | AW246: {=INDEX(AT$9:AT$400,MATCH(MIN(ABS($A246-AT$9:AT$400)),ABS($A246-AT$9:AT$400),0))} -> 95.856254 | AX246: =VLOOKUP(AW246,AT$9:AV$400,3) -> 0.56300368 | AZ246: =$A246*BB$4/$F$1 -> 92.433711 | BF246: =$A246*BH$4/$F$1 -> 92.837052 | BG246: -559.37585 | BH246: =(BH$4+BG246)/BH$4 -> 0.64840994 | BI246: {=INDEX(BF$9:BF$400,MATCH(MIN(ABS($A246-BF$9:BF$400)),ABS($A246-BF$9:BF$400),0))} -> 96.695215 | BJ246: =VLOOKUP(BI246,BF$9:BH$400,3) -> 0.64801072 | BL246: =$A246*BN$4/$F$1 -> 93.076715 | BM246: -549.08343 | BN246: =(BN$4+BM246)/BN$4 -> 0.65576779 | BO246: {=INDEX(BL$9:BL$400,MATCH(MIN(ABS($A246-BL$9:BL$400)),ABS($A246-BL$9:BL$400),0))} -> 95.977808 | BP246: =VLOOKUP(BO246,BL$9:BN$400,3) -> 0.65558492 | BR246: =$A246*BT$4/$F$1 -> 92.921675 | BS246: -547.66614 | BT246: =(BT$4+BS246)/BT$4 -> 0.65608345 | BU246: {=INDEX(BR$9:BR$400,MATCH(MIN(ABS($A246-BR$9:BR$400)),ABS($A246-BR$9:BR$400),0))} -> 95.817935 | BV246: =VLOOKUP(BU246,BR$9:BT$400,3) -> 0.65712871
A247: 97.25 | B247: 1 | D247: =A247*$F$4/$F$1 -> 93.552728 | E247: -675.7673 | F247: =(F$4+E247)/F$4 -> 0.57412337 | G247: {=INDEX(D$9:D$400,MATCH(MIN(ABS($A247-D$9:D$400)),ABS($A247-D$9:D$400),0))} -> 97.400388 | H247: =VLOOKUP(G247,D$9:F$400,3) -> 0.57069046 | J247: =$A247*L$4/$F$1 -> 92.987866 | K247: -681.79433 | L247: =(L$4+K247)/L$4 -> 0.56771497 | M247: {=INDEX(J$9:J$400,MATCH(MIN(ABS($A247-J$9:J$400)),ABS($A247-J$9:J$400),0))} -> 96.812294 | N247: =VLOOKUP(M247,J$9:L$400,3) -> 0.56446255 | P247: =$A247*R$4/$F$1 -> 91.82352 | Q247: -714.9221 | R247: =(R$4+Q247)/R$4 -> 0.5409628 | S247: {=INDEX(P$9:P$400,MATCH(MIN(ABS($A247-P$9:P$400)),ABS($A247-P$9:P$400),0))} -> 97.488462 | T247: =VLOOKUP(S247,P$9:R$400,3) -> 0.53464527 | V247: =$A247*X$4/$F$1 -> 94.205473 | W247: -625.31703 | X247: =(X$4+W247)/X$4 -> 0.60864831 | Y247: {=INDEX(V$9:V$400,MATCH(MIN(ABS($A247-V$9:V$400)),ABS($A247-V$9:V$400),0))} -> 97.111555 | Z247: =VLOOKUP(Y247,V$9:X$400,3) -> 0.6063941 | AB247: =$A247*AD$4/$F$1 -> 92.149769 | AC247: -635.31952 | AD247: =(AD$4+AC247)/AD$4 -> 0.59351826 | AE247: {=INDEX(AB$9:AB$400,MATCH(MIN(ABS($A247-AB$9:AB$400)),ABS($A247-AB$9:AB$400),0))} -> 96.887283 | AF247: =VLOOKUP(AE247,AB$9:AD$400,3) -> 0.58960636 | AH247: =$A247*AJ$4/$F$1 -> 93.594251 | AI247: -591.23937 | AJ247: =(AJ$4+AI247)/AJ$4 -> 0.62755919 | AK247: {=INDEX(AH$9:AH$400,MATCH(MIN(ABS($A247-AH$9:AH$400)),ABS($A247-AH$9:AH$400),0))} -> 97.443619 | AL247: =VLOOKUP(AK247,AH$9:AJ$400,3) -> 0.62404501 | AN247: =$A247*AP$4/$F$1 -> 94.457894 | AO247: -699.4501 | AP247: =(AP$4+AO247)/AP$4 -> 0.56342228 | AQ247: {=INDEX(AN$9:AN$400,MATCH(MIN(ABS($A247-AN$9:AN$400)),ABS($A247-AN$9:AN$400),0))} -> 97.371762 | AR247: =VLOOKUP(AQ247,AN$9:AP$400,3) -> 0.56089037 | AT247: =$A247*AV$4/$F$1 -> 94.880618 | AU247: -701.7807 | AV247: =(AV$4+AU247)/AV$4 -> 0.56391915 | AW247: {=INDEX(AT$9:AT$400,MATCH(MIN(ABS($A247-AT$9:AT$400)),ABS($A247-AT$9:AT$400),0))} -> 96.83189 | AX247: =VLOOKUP(AW247,AT$9:AV$400,3) -> 0.56192547 | AZ247: =$A247*BB$4/$F$1 -> 93.394061 | BF247: =$A247*BH$4/$F$1 -> 93.801593 | BG247: -560.34446 | BH247: =(BH$4+BG247)/BH$4 -> 0.64780113 | BI247: {=INDEX(BF$9:BF$400,MATCH(MIN(ABS($A247-BF$9:BF$400)),ABS($A247-BF$9:BF$400),0))} -> 97.659488 | BJ247: =VLOOKUP(BI247,BF$9:BH$400,3) -> 0.64834657 | BL247: =$A247*BN$4/$F$1 -> 94.043746 | BM247: -549.19001 | BN247: =(BN$4+BM247)/BN$4 -> 0.65570097 | BO247: {=INDEX(BL$9:BL$400,MATCH(MIN(ABS($A247-BL$9:BL$400)),ABS($A247-BL$9:BL$400),0))} -> 96.944838 | BP247: =VLOOKUP(BO247,BL$9:BN$400,3) -> 0.65570429 | BR247: =$A247*BT$4/$F$1 -> 93.887095 | BS247: -545.85366 | BT247: =(BT$4+BS247)/BT$4 -> 0.65722163 | BU247: {=INDEX(BR$9:BR$400,MATCH(MIN(ABS($A247-BR$9:BR$400)),ABS($A247-BR$9:BR$400),0))} -> 96.783355 | BV247: =VLOOKUP(BU247,BR$9:BT$400,3) -> 0.65708057
A248: 98.25 | B248: 1 | D248: =A248*$F$4/$F$1 -> 94.51471 | E248: -677.14664 | F248: =(F$4+E248)/F$4 -> 0.57325409 | G248: {=INDEX(D$9:D$400,MATCH(MIN(ABS($A248-D$9:D$400)),ABS($A248-D$9:D$400),0))} -> 98.362369 | H248: =VLOOKUP(G248,D$9:F$400,3) -> 0.56983985 | J248: =$A248*L$4/$F$1 -> 93.94404 | K248: -683.09671 | L248: =(L$4+K248)/L$4 -> 0.56688921 | M248: {=INDEX(J$9:J$400,MATCH(MIN(ABS($A248-J$9:J$400)),ABS($A248-J$9:J$400),0))} -> 98.724641 | N248: =VLOOKUP(M248,J$9:L$400,3) -> 0.56284875 | P248: =$A248*R$4/$F$1 -> 92.76772 | Q248: -716.64986 | R248: =(R$4+Q248)/R$4 -> 0.53985344 | S248: {=INDEX(P$9:P$400,MATCH(MIN(ABS($A248-P$9:P$400)),ABS($A248-P$9:P$400),0))} -> 98.432663 | T248: =VLOOKUP(S248,P$9:R$400,3) -> 0.53363699 | V248: =$A248*X$4/$F$1 -> 95.174167 | W248: -626.63031 | X248: =(X$4+W248)/X$4 -> 0.6078264 | Y248: {=INDEX(V$9:V$400,MATCH(MIN(ABS($A248-V$9:V$400)),ABS($A248-V$9:V$400),0))} -> 98.079979 | Z248: =VLOOKUP(Y248,V$9:X$400,3) -> 0.60562976 | AB248: =$A248*AD$4/$F$1 -> 93.097324 | AC248: -636.55759 | AD248: =(AD$4+AC248)/AD$4 -> 0.59272614 | AE248: {=INDEX(AB$9:AB$400,MATCH(MIN(ABS($A248-AB$9:AB$400)),ABS($A248-AB$9:AB$400),0))} -> 97.834838 | AF248: =VLOOKUP(AE248,AB$9:AD$400,3) -> 0.5888468 | AH248: =$A248*AJ$4/$F$1 -> 94.55666 | AI248: -592.65184 | AJ248: =(AJ$4+AI248)/AJ$4 -> 0.62666943 | AK248: {=INDEX(AH$9:AH$400,MATCH(MIN(ABS($A248-AH$9:AH$400)),ABS($A248-AH$9:AH$400),0))} -> 98.406028 | AL248: =VLOOKUP(AK248,AH$9:AJ$400,3) -> 0.62319225 | AN248: =$A248*AP$4/$F$1 -> 95.429183 | AO248: -700.83595 | AP248: =(AP$4+AO248)/AP$4 -> 0.56255727 | AQ248: {=INDEX(AN$9:AN$400,MATCH(MIN(ABS($A248-AN$9:AN$400)),ABS($A248-AN$9:AN$400),0))} -> 98.342781 | AR248: =VLOOKUP(AQ248,AN$9:AP$400,3) -> 0.56009532 | AT248: =$A248*AV$4/$F$1 -> 95.856254 | AU248: -703.25397 | AV248: =(AV$4+AU248)/AV$4 -> 0.56300368 | AW248: {=INDEX(AT$9:AT$400,MATCH(MIN(ABS($A248-AT$9:AT$400)),ABS($A248-AT$9:AT$400),0))} -> 97.807526 | AX248: =VLOOKUP(AW248,AT$9:AV$400,3) -> 0.56095411 | AZ248: =$A248*BB$4/$F$1 -> 94.354412 | BF248: =$A248*BH$4/$F$1 -> 94.766134 | BG248: -562.95248 | BH248: =(BH$4+BG248)/BH$4 -> 0.64616189 | BI248: {=INDEX(BF$9:BF$400,MATCH(MIN(ABS($A248-BF$9:BF$400)),ABS($A248-BF$9:BF$400),0))} -> 98.624029 | BJ248: =VLOOKUP(BI248,BF$9:BH$400,3) -> 0.64868242 | BL248: =$A248*BN$4/$F$1 -> 95.010777 | BM248: -550.44448 | BN248: =(BN$4+BM248)/BN$4 -> 0.65491451 | BO248: {=INDEX(BL$9:BL$400,MATCH(MIN(ABS($A248-BL$9:BL$400)),ABS($A248-BL$9:BL$400),0))} -> 97.911601 | BP248: =VLOOKUP(BO248,BL$9:BN$400,3) -> 0.65582365 | BR248: =$A248*BT$4/$F$1 -> 94.852515 | BS248: -547.81336 | BT248: =(BT$4+BS248)/BT$4 -> 0.655991 | BU248: {=INDEX(BR$9:BR$400,MATCH(MIN(ABS($A248-BR$9:BR$400)),ABS($A248-BR$9:BR$400),0))} -> 98.713927 | BV248: =VLOOKUP(BU248,BR$9:BT$400,3) -> 0.6562803
A249: 99.25 | B249: 1 | D249: =A249*$F$4/$F$1 -> 95.476691 | E249: -678.51709 | F249: =(F$4+E249)/F$4 -> 0.57239042 | G249: {=INDEX(D$9:D$400,MATCH(MIN(ABS($A249-D$9:D$400)),ABS($A249-D$9:D$400),0))} -> 99.324351 | H249: =VLOOKUP(G249,D$9:F$400,3) -> 0.56900582 | J249: =$A249*L$4/$F$1 -> 94.900213 | K249: -684.4175 | L249: =(L$4+K249)/L$4 -> 0.56605178 | M249: {=INDEX(J$9:J$400,MATCH(MIN(ABS($A249-J$9:J$400)),ABS($A249-J$9:J$400),0))} -> 99.680815 | N249: =VLOOKUP(M249,J$9:L$400,3) -> 0.56203025 | P249: =$A249*R$4/$F$1 -> 93.711921 | Q249: -718.18206 | R249: =(R$4+Q249)/R$4 -> 0.53886965 | S249: {=INDEX(P$9:P$400,MATCH(MIN(ABS($A249-P$9:P$400)),ABS($A249-P$9:P$400),0))} -> 99.377126 | T249: =VLOOKUP(S249,P$9:R$400,3) -> 0.53262923 | V249: =$A249*X$4/$F$1 -> 96.142861 | W249: -627.76756 | X249: =(X$4+W249)/X$4 -> 0.60711466 | Y249: {=INDEX(V$9:V$400,MATCH(MIN(ABS($A249-V$9:V$400)),ABS($A249-V$9:V$400),0))} -> 99.048673 | Z249: =VLOOKUP(Y249,V$9:X$400,3) -> 0.60486954 | AB249: =$A249*AD$4/$F$1 -> 94.04488 | AC249: -637.83692 | AD249: =(AD$4+AC249)/AD$4 -> 0.59190761 | AE249: {=INDEX(AB$9:AB$400,MATCH(MIN(ABS($A249-AB$9:AB$400)),ABS($A249-AB$9:AB$400),0))} -> 98.782394 | AF249: =VLOOKUP(AE249,AB$9:AD$400,3) -> 0.58810644 | AH249: =$A249*AJ$4/$F$1 -> 95.519069 | AI249: -594.05836 | AJ249: =(AJ$4+AI249)/AJ$4 -> 0.62578342 | AK249: {=INDEX(AH$9:AH$400,MATCH(MIN(ABS($A249-AH$9:AH$400)),ABS($A249-AH$9:AH$400),0))} -> 99.368437 | AL249: =VLOOKUP(AK249,AH$9:AJ$400,3) -> 0.6223219 | AN249: =$A249*AP$4/$F$1 -> 96.400472 | AO249: -702.10526 | AP249: =(AP$4+AO249)/AP$4 -> 0.56176499 | AQ249: {=INDEX(AN$9:AN$400,MATCH(MIN(ABS($A249-AN$9:AN$400)),ABS($A249-AN$9:AN$400),0))} -> 99.314071 | AR249: =VLOOKUP(AQ249,AN$9:AP$400,3) -> 0.55917406 | AT249: =$A249*AV$4/$F$1 -> 96.83189 | AU249: -704.98912 | AV249: =(AV$4+AU249)/AV$4 -> 0.56192547 | AW249: {=INDEX(AT$9:AT$400,MATCH(MIN(ABS($A249-AT$9:AT$400)),ABS($A249-AT$9:AT$400),0))} -> 98.782891 | AX249: =VLOOKUP(AW249,AT$9:AV$400,3) -> 0.55995995 | AZ249: =$A249*BB$4/$F$1 -> 95.314762 | BF249: =$A249*BH$4/$F$1 -> 95.730675 | BG249: -559.49113 | BH249: =(BH$4+BG249)/BH$4 -> 0.64833748 | BI249: {=INDEX(BF$9:BF$400,MATCH(MIN(ABS($A249-BF$9:BF$400)),ABS($A249-BF$9:BF$400),0))} -> 99.58857 | BJ249: =VLOOKUP(BI249,BF$9:BH$400,3) -> 0.64744941 | BL249: =$A249*BN$4/$F$1 -> 95.977808 | BM249: -549.37512 | BN249: =(BN$4+BM249)/BN$4 -> 0.65558492 | BO249: {=INDEX(BL$9:BL$400,MATCH(MIN(ABS($A249-BL$9:BL$400)),ABS($A249-BL$9:BL$400),0))} -> 98.878631 | BP249: =VLOOKUP(BO249,BL$9:BN$400,3) -> 0.65509204 | BR249: =$A249*BT$4/$F$1 -> 95.817935 | BS249: -546.00163 | BT249: =(BT$4+BS249)/BT$4 -> 0.65712871 | BU249: {=INDEX(BR$9:BR$400,MATCH(MIN(ABS($A249-BR$9:BR$400)),ABS($A249-BR$9:BR$400),0))} -> 99.679347 | BV249: =VLOOKUP(BU249,BR$9:BT$400,3) -> 0.65750594
A250: 100.25 | B250: 1 | D250: =A250*$F$4/$F$1 -> 96.438673 | E250: -679.89324 | F250: =(F$4+E250)/F$4 -> 0.57152315 | G250: {=INDEX(D$9:D$400,MATCH(MIN(ABS($A250-D$9:D$400)),ABS($A250-D$9:D$400),0))} -> 100.28633 | H250: =VLOOKUP(G250,D$9:F$400,3) -> 0.56812028 | J250: =$A250*L$4/$F$1 -> 95.856387 | K250: -685.68287 | L250: =(L$4+K250)/L$4 -> 0.56524948 | M250: {=INDEX(J$9:J$400,MATCH(MIN(ABS($A250-J$9:J$400)),ABS($A250-J$9:J$400),0))} -> 100.63725 | N250: =VLOOKUP(M250,J$9:L$400,3) -> 0.56119206 | P250: =$A250*R$4/$F$1 -> 94.656122 | Q250: -720.09899 | R250: =(R$4+Q250)/R$4 -> 0.53763882 | S250: {=INDEX(P$9:P$400,MATCH(MIN(ABS($A250-P$9:P$400)),ABS($A250-P$9:P$400),0))} -> 100.32133 | T250: =VLOOKUP(S250,P$9:R$400,3) -> 0.53154645 | V250: =$A250*X$4/$F$1 -> 97.111555 | W250: -628.9189 | X250: =(X$4+W250)/X$4 -> 0.6063941 | Y250: {=INDEX(V$9:V$400,MATCH(MIN(ABS($A250-V$9:V$400)),ABS($A250-V$9:V$400),0))} -> 100.01737 | Z250: =VLOOKUP(Y250,V$9:X$400,3) -> 0.60417947 | AB250: =$A250*AD$4/$F$1 -> 94.992435 | AC250: -639.02514 | AD250: =(AD$4+AC250)/AD$4 -> 0.59114738 | AE250: {=INDEX(AB$9:AB$400,MATCH(MIN(ABS($A250-AB$9:AB$400)),ABS($A250-AB$9:AB$400),0))} -> 100.67777 | AF250: =VLOOKUP(AE250,AB$9:AD$400,3) -> 0.5866127 | AH250: =$A250*AJ$4/$F$1 -> 96.481478 | AI250: -595.43331 | AJ250: =(AJ$4+AI250)/AJ$4 -> 0.62491729 | AK250: {=INDEX(AH$9:AH$400,MATCH(MIN(ABS($A250-AH$9:AH$400)),ABS($A250-AH$9:AH$400),0))} -> 100.33085 | AL250: =VLOOKUP(AK250,AH$9:AJ$400,3) -> 0.62145746 | AN250: =$A250*AP$4/$F$1 -> 97.371762 | AO250: -703.50652 | AP250: =(AP$4+AO250)/AP$4 -> 0.56089037 | AQ250: {=INDEX(AN$9:AN$400,MATCH(MIN(ABS($A250-AN$9:AN$400)),ABS($A250-AN$9:AN$400),0))} -> 100.28536 | AR250: =VLOOKUP(AQ250,AN$9:AP$400,3) -> 0.55817049 | AT250: =$A250*AV$4/$F$1 -> 97.807526 | AU250: -706.55232 | AV250: =(AV$4+AU250)/AV$4 -> 0.56095411 | AW250: {=INDEX(AT$9:AT$400,MATCH(MIN(ABS($A250-AT$9:AT$400)),ABS($A250-AT$9:AT$400),0))} -> 100.73416 | AX250: =VLOOKUP(AW250,AT$9:AV$400,3) -> 0.55847551 | AZ250: =$A250*BB$4/$F$1 -> 96.275112 | BF250: =$A250*BH$4/$F$1 -> 96.695215 | BG250: -560.01101 | BH250: =(BH$4+BG250)/BH$4 -> 0.64801072 | BI250: {=INDEX(BF$9:BF$400,MATCH(MIN(ABS($A250-BF$9:BF$400)),ABS($A250-BF$9:BF$400),0))} -> 100.55311 | BJ250: =VLOOKUP(BI250,BF$9:BH$400,3) -> 0.64858021 | BL250: =$A250*BN$4/$F$1 -> 96.944838 | BM250: -549.18472 | BN250: =(BN$4+BM250)/BN$4 -> 0.65570429 | BO250: {=INDEX(BL$9:BL$400,MATCH(MIN(ABS($A250-BL$9:BL$400)),ABS($A250-BL$9:BL$400),0))} -> 99.845662 | BP250: =VLOOKUP(BO250,BL$9:BN$400,3) -> 0.65482141 | BR250: =$A250*BT$4/$F$1 -> 96.783355 | BS250: -546.07828 | BT250: =(BT$4+BS250)/BT$4 -> 0.65708057 | BU250: {=INDEX(BR$9:BR$400,MATCH(MIN(ABS($A250-BR$9:BR$400)),ABS($A250-BR$9:BR$400),0))} -> 100.64477 | BV250: =VLOOKUP(BU250,BR$9:BT$400,3) -> 0.65488915
A251: 101.24972 | B251: 0.99972222 | D251: =A251*$F$4/$F$1 -> 97.400388 | E251: -681.21453 | F251: =(F$4+E251)/F$4 -> 0.57069046 | G251: {=INDEX(D$9:D$400,MATCH(MIN(ABS($A251-D$9:D$400)),ABS($A251-D$9:D$400),0))} -> 101.24858 | H251: =VLOOKUP(G251,D$9:F$400,3) -> 0.56725542 | J251: =$A251*L$4/$F$1 -> 96.812294 | K251: -686.92401 | L251: =(L$4+K251)/L$4 -> 0.56446255 | M251: {=INDEX(J$9:J$400,MATCH(MIN(ABS($A251-J$9:J$400)),ABS($A251-J$9:J$400),0))} -> 101.59343 | N251: =VLOOKUP(M251,J$9:L$400,3) -> 0.56037591 | P251: =$A251*R$4/$F$1 -> 95.60006 | Q251: -721.68548 | R251: =(R$4+Q251)/R$4 -> 0.53662017 | S251: {=INDEX(P$9:P$400,MATCH(MIN(ABS($A251-P$9:P$400)),ABS($A251-P$9:P$400),0))} -> 101.26553 | T251: =VLOOKUP(S251,P$9:R$400,3) -> 0.5305442 | V251: =$A251*X$4/$F$1 -> 98.079979 | W251: -630.14018 | X251: =(X$4+W251)/X$4 -> 0.60562976 | Y251: {=INDEX(V$9:V$400,MATCH(MIN(ABS($A251-V$9:V$400)),ABS($A251-V$9:V$400),0))} -> 100.98606 | Z251: =VLOOKUP(Y251,V$9:X$400,3) -> 0.60346009 | AB251: =$A251*AD$4/$F$1 -> 95.939727 | AC251: -640.26578 | AD251: =(AD$4+AC251)/AD$4 -> 0.59035361 | AE251: {=INDEX(AB$9:AB$400,MATCH(MIN(ABS($A251-AB$9:AB$400)),ABS($A251-AB$9:AB$400),0))} -> 101.62532 | AF251: =VLOOKUP(AE251,AB$9:AD$400,3) -> 0.58582218 | AH251: =$A251*AJ$4/$F$1 -> 97.443619 | AI251: -596.81804 | AJ251: =(AJ$4+AI251)/AJ$4 -> 0.62404501 | AK251: {=INDEX(AH$9:AH$400,MATCH(MIN(ABS($A251-AH$9:AH$400)),ABS($A251-AH$9:AH$400),0))} -> 101.29352 | AL251: =VLOOKUP(AK251,AH$9:AJ$400,3) -> 0.62064881 | AN251: =$A251*AP$4/$F$1 -> 98.342781 | AO251: -704.78028 | AP251: =(AP$4+AO251)/AP$4 -> 0.56009532 | AQ251: {=INDEX(AN$9:AN$400,MATCH(MIN(ABS($A251-AN$9:AN$400)),ABS($A251-AN$9:AN$400),0))} -> 101.25665 | AR251: =VLOOKUP(AQ251,AN$9:AP$400,3) -> 0.55724818 | AT251: =$A251*AV$4/$F$1 -> 98.782891 | AU251: -708.15221 | AV251: =(AV$4+AU251)/AV$4 -> 0.55995995 | AW251: {=INDEX(AT$9:AT$400,MATCH(MIN(ABS($A251-AT$9:AT$400)),ABS($A251-AT$9:AT$400),0))} -> 101.7098 | AX251: =VLOOKUP(AW251,AT$9:AV$400,3) -> 0.55830566 | AZ251: =$A251*BB$4/$F$1 -> 97.235196 | BF251: =$A251*BH$4/$F$1 -> 97.659488 | BG251: -559.47667 | BH251: =(BH$4+BG251)/BH$4 -> 0.64834657 | BI251: {=INDEX(BF$9:BF$400,MATCH(MIN(ABS($A251-BF$9:BF$400)),ABS($A251-BF$9:BF$400),0))} -> 101.51792 | BJ251: =VLOOKUP(BI251,BF$9:BH$400,3) -> 0.64905484 | BL251: =$A251*BN$4/$F$1 -> 97.911601 | BM251: -548.99432 | BN251: =(BN$4+BM251)/BN$4 -> 0.65582365 | BO251: {=INDEX(BL$9:BL$400,MATCH(MIN(ABS($A251-BL$9:BL$400)),ABS($A251-BL$9:BL$400),0))} -> 100.81269 | BP251: =VLOOKUP(BO251,BL$9:BN$400,3) -> 0.65455079 | BR251: =$A251*BT$4/$F$1 -> 97.748507 | BS251: -545.75202 | BT251: =(BT$4+BS251)/BT$4 -> 0.65728545 | BU251: {=INDEX(BR$9:BR$400,MATCH(MIN(ABS($A251-BR$9:BR$400)),ABS($A251-BR$9:BR$400),0))} -> 101.61046 | BV251: =VLOOKUP(BU251,BR$9:BT$400,3) -> 0.65482269
A252: 102.24972 | B252: 1 | D252: =A252*$F$4/$F$1 -> 98.362369 | E252: -682.56425 | F252: =(F$4+E252)/F$4 -> 0.56983985 | G252: {=INDEX(D$9:D$400,MATCH(MIN(ABS($A252-D$9:D$400)),ABS($A252-D$9:D$400),0))} -> 102.21056 | H252: =VLOOKUP(G252,D$9:F$400,3) -> 0.56640817 | J252: =$A252*L$4/$F$1 -> 97.768468 | K252: -688.24499 | L252: =(L$4+K252)/L$4 -> 0.563625 | M252: {=INDEX(J$9:J$400,MATCH(MIN(ABS($A252-J$9:J$400)),ABS($A252-J$9:J$400),0))} -> 102.5496 | N252: =VLOOKUP(M252,J$9:L$400,3) -> 0.55951946 | P252: =$A252*R$4/$F$1 -> 96.544261 | Q252: -723.20058 | R252: =(R$4+Q252)/R$4 -> 0.53564735 | S252: {=INDEX(P$9:P$400,MATCH(MIN(ABS($A252-P$9:P$400)),ABS($A252-P$9:P$400),0))} -> 102.20947 | T252: =VLOOKUP(S252,P$9:R$400,3) -> 0.5295551 | V252: =$A252*X$4/$F$1 -> 99.048673 | W252: -631.35489 | X252: =(X$4+W252)/X$4 -> 0.60486954 | Y252: {=INDEX(V$9:V$400,MATCH(MIN(ABS($A252-V$9:V$400)),ABS($A252-V$9:V$400),0))} -> 101.95502 | Z252: =VLOOKUP(Y252,V$9:X$400,3) -> 0.60276422 | AB252: =$A252*AD$4/$F$1 -> 96.887283 | AC252: -641.43371 | AD252: =(AD$4+AC252)/AD$4 -> 0.58960636 | AE252: {=INDEX(AB$9:AB$400,MATCH(MIN(ABS($A252-AB$9:AB$400)),ABS($A252-AB$9:AB$400),0))} -> 102.57262 | AF252: =VLOOKUP(AE252,AB$9:AD$400,3) -> 0.58510682 | AH252: =$A252*AJ$4/$F$1 -> 98.406028 | AI252: -598.17177 | AJ252: =(AJ$4+AI252)/AJ$4 -> 0.62319225 | AK252: {=INDEX(AH$9:AH$400,MATCH(MIN(ABS($A252-AH$9:AH$400)),ABS($A252-AH$9:AH$400),0))} -> 102.25593 | AL252: =VLOOKUP(AK252,AH$9:AJ$400,3) -> 0.61977893 | AN252: =$A252*AP$4/$F$1 -> 99.314071 | AO252: -706.25625 | AP252: =(AP$4+AO252)/AP$4 -> 0.55917406 | AQ252: {=INDEX(AN$9:AN$400,MATCH(MIN(ABS($A252-AN$9:AN$400)),ABS($A252-AN$9:AN$400),0))} -> 102.22821 | AR252: =VLOOKUP(AQ252,AN$9:AP$400,3) -> 0.55631696 | AT252: =$A252*AV$4/$F$1 -> 99.758528 | AU252: -709.74239 | AV252: =(AV$4+AU252)/AV$4 -> 0.55897183 | AW252: {=INDEX(AT$9:AT$400,MATCH(MIN(ABS($A252-AT$9:AT$400)),ABS($A252-AT$9:AT$400),0))} -> 102.68571 | AX252: =VLOOKUP(AW252,AT$9:AV$400,3) -> 0.55791926 | AZ252: =$A252*BB$4/$F$1 -> 98.195546 | BF252: =$A252*BH$4/$F$1 -> 98.624029 | BG252: -558.94233 | BH252: =(BH$4+BG252)/BH$4 -> 0.64868242 | BI252: {=INDEX(BF$9:BF$400,MATCH(MIN(ABS($A252-BF$9:BF$400)),ABS($A252-BF$9:BF$400),0))} -> 102.48246 | BJ252: =VLOOKUP(BI252,BF$9:BH$400,3) -> 0.64835523 | BL252: =$A252*BN$4/$F$1 -> 98.878631 | BM252: -550.16132 | BN252: =(BN$4+BM252)/BN$4 -> 0.65509204 | BO252: {=INDEX(BL$9:BL$400,MATCH(MIN(ABS($A252-BL$9:BL$400)),ABS($A252-BL$9:BL$400),0))} -> 101.77999 | BP252: =VLOOKUP(BO252,BL$9:BN$400,3) -> 0.65606285 | BR252: =$A252*BT$4/$F$1 -> 98.713927 | BS252: -547.35266 | BT252: =(BT$4+BS252)/BT$4 -> 0.6562803 | BU252: {=INDEX(BR$9:BR$400,MATCH(MIN(ABS($A252-BR$9:BR$400)),ABS($A252-BR$9:BR$400),0))} -> 102.57588 | BV252: =VLOOKUP(BU252,BR$9:BT$400,3) -> 0.6568952
A253: 103.24972 | B253: 1 | D253: =A253*$F$4/$F$1 -> 99.324351 | E253: -683.88767 | F253: =(F$4+E253)/F$4 -> 0.56900582 | G253: {=INDEX(D$9:D$400,MATCH(MIN(ABS($A253-D$9:D$400)),ABS($A253-D$9:D$400),0))} -> 103.17255 | H253: =VLOOKUP(G253,D$9:F$400,3) -> 0.56554572 | J253: =$A253*L$4/$F$1 -> 98.724641 | K253: -689.46928 | L253: =(L$4+K253)/L$4 -> 0.56284875 | M253: {=INDEX(J$9:J$400,MATCH(MIN(ABS($A253-J$9:J$400)),ABS($A253-J$9:J$400),0))} -> 103.50551 | N253: =VLOOKUP(M253,J$9:L$400,3) -> 0.55875198 | P253: =$A253*R$4/$F$1 -> 97.488462 | Q253: -724.76127 | R253: =(R$4+Q253)/R$4 -> 0.53464527 | S253: {=INDEX(P$9:P$400,MATCH(MIN(ABS($A253-P$9:P$400)),ABS($A253-P$9:P$400),0))} -> 103.15367 | T253: =VLOOKUP(S253,P$9:R$400,3) -> 0.52856705 | V253: =$A253*X$4/$F$1 -> 100.01737 | W253: -632.45751 | X253: =(X$4+W253)/X$4 -> 0.60417947 | Y253: {=INDEX(V$9:V$400,MATCH(MIN(ABS($A253-V$9:V$400)),ABS($A253-V$9:V$400),0))} -> 102.92372 | Z253: =VLOOKUP(Y253,V$9:X$400,3) -> 0.60206486 | AB253: =$A253*AD$4/$F$1 -> 97.834838 | AC253: -642.62087 | AD253: =(AD$4+AC253)/AD$4 -> 0.5888468 | AE253: {=INDEX(AB$9:AB$400,MATCH(MIN(ABS($A253-AB$9:AB$400)),ABS($A253-AB$9:AB$400),0))} -> 103.52017 | AF253: =VLOOKUP(AE253,AB$9:AD$400,3) -> 0.58439226 | AH253: =$A253*AJ$4/$F$1 -> 99.368437 | AI253: -599.55342 | AJ253: =(AJ$4+AI253)/AJ$4 -> 0.6223219 | AK253: {=INDEX(AH$9:AH$400,MATCH(MIN(ABS($A253-AH$9:AH$400)),ABS($A253-AH$9:AH$400),0))} -> 103.21834 | AL253: =VLOOKUP(AK253,AH$9:AJ$400,3) -> 0.61897177 | AN253: =$A253*AP$4/$F$1 -> 100.28536 | AO253: -707.86409 | AP253: =(AP$4+AO253)/AP$4 -> 0.55817049 | AQ253: {=INDEX(AN$9:AN$400,MATCH(MIN(ABS($A253-AN$9:AN$400)),ABS($A253-AN$9:AN$400),0))} -> 103.1995 | AR253: =VLOOKUP(AQ253,AN$9:AP$400,3) -> 0.55545707 | AT253: =$A253*AV$4/$F$1 -> 100.73416 | AU253: -710.54111 | AV253: =(AV$4+AU253)/AV$4 -> 0.55847551 | AW253: {=INDEX(AT$9:AT$400,MATCH(MIN(ABS($A253-AT$9:AT$400)),ABS($A253-AT$9:AT$400),0))} -> 103.66134 | AX253: =VLOOKUP(AW253,AT$9:AV$400,3) -> 0.55614543 | AZ253: =$A253*BB$4/$F$1 -> 99.155896 | BF253: =$A253*BH$4/$F$1 -> 99.58857 | BG253: -560.90404 | BH253: =(BH$4+BG253)/BH$4 -> 0.64744941 | BI253: {=INDEX(BF$9:BF$400,MATCH(MIN(ABS($A253-BF$9:BF$400)),ABS($A253-BF$9:BF$400),0))} -> 103.447 | BJ253: =VLOOKUP(BI253,BF$9:BH$400,3) -> 0.64901108 | BL253: =$A253*BN$4/$F$1 -> 99.845662 | BM253: -550.59299 | BN253: =(BN$4+BM253)/BN$4 -> 0.65482141 | BO253: {=INDEX(BL$9:BL$400,MATCH(MIN(ABS($A253-BL$9:BL$400)),ABS($A253-BL$9:BL$400),0))} -> 103.71405 | BP253: =VLOOKUP(BO253,BL$9:BN$400,3) -> 0.6565237 | BR253: =$A253*BT$4/$F$1 -> 99.679347 | BS253: -545.40091 | BT253: =(BT$4+BS253)/BT$4 -> 0.65750594 | BU253: {=INDEX(BR$9:BR$400,MATCH(MIN(ABS($A253-BR$9:BR$400)),ABS($A253-BR$9:BR$400),0))} -> 103.5413 | BV253: =VLOOKUP(BU253,BR$9:BT$400,3) -> 0.65713791
A254: 104.24972 | B254: 1 | D254: =A254*$F$4/$F$1 -> 100.28633 | E254: -685.29281 | F254: =(F$4+E254)/F$4 -> 0.56812028 | G254: {=INDEX(D$9:D$400,MATCH(MIN(ABS($A254-D$9:D$400)),ABS($A254-D$9:D$400),0))} -> 104.13426 | H254: =VLOOKUP(G254,D$9:F$400,3) -> 0.56468848 | J254: =$A254*L$4/$F$1 -> 99.680815 | K254: -690.7602 | L254: =(L$4+K254)/L$4 -> 0.56203025 | M254: {=INDEX(J$9:J$400,MATCH(MIN(ABS($A254-J$9:J$400)),ABS($A254-J$9:J$400),0))} -> 104.46168 | N254: =VLOOKUP(M254,J$9:L$400,3) -> 0.55798208 | P254: =$A254*R$4/$F$1 -> 98.432663 | Q254: -726.3316 | R254: =(R$4+Q254)/R$4 -> 0.53363699 | S254: {=INDEX(P$9:P$400,MATCH(MIN(ABS($A254-P$9:P$400)),ABS($A254-P$9:P$400),0))} -> 104.09813 | T254: =VLOOKUP(S254,P$9:R$400,3) -> 0.5275116 | V254: =$A254*X$4/$F$1 -> 100.98606 | W254: -633.60697 | X254: =(X$4+W254)/X$4 -> 0.60346009 | Y254: {=INDEX(V$9:V$400,MATCH(MIN(ABS($A254-V$9:V$400)),ABS($A254-V$9:V$400),0))} -> 103.89241 | Z254: =VLOOKUP(Y254,V$9:X$400,3) -> 0.60138039 | AB254: =$A254*AD$4/$F$1 -> 98.782394 | AC254: -643.77803 | AD254: =(AD$4+AC254)/AD$4 -> 0.58810644 | AE254: {=INDEX(AB$9:AB$400,MATCH(MIN(ABS($A254-AB$9:AB$400)),ABS($A254-AB$9:AB$400),0))} -> 104.46799 | AF254: =VLOOKUP(AE254,AB$9:AD$400,3) -> 0.58358367 | AH254: =$A254*AJ$4/$F$1 -> 100.33085 | AI254: -600.92569 | AJ254: =(AJ$4+AI254)/AJ$4 -> 0.62145746 | AK254: {=INDEX(AH$9:AH$400,MATCH(MIN(ABS($A254-AH$9:AH$400)),ABS($A254-AH$9:AH$400),0))} -> 104.18048 | AL254: =VLOOKUP(AK254,AH$9:AJ$400,3) -> 0.61812919 | AN254: =$A254*AP$4/$F$1 -> 101.25665 | AO254: -709.34174 | AP254: =(AP$4+AO254)/AP$4 -> 0.55724818 | AQ254: {=INDEX(AN$9:AN$400,MATCH(MIN(ABS($A254-AN$9:AN$400)),ABS($A254-AN$9:AN$400),0))} -> 104.17079 | AR254: =VLOOKUP(AQ254,AN$9:AP$400,3) -> 0.55465686 | AT254: =$A254*AV$4/$F$1 -> 101.7098 | AU254: -710.81445 | AV254: =(AV$4+AU254)/AV$4 -> 0.55830566 | AW254: {=INDEX(AT$9:AT$400,MATCH(MIN(ABS($A254-AT$9:AT$400)),ABS($A254-AT$9:AT$400),0))} -> 104.63698 | AX254: =VLOOKUP(AW254,AT$9:AV$400,3) -> 0.55511998 | AZ254: =$A254*BB$4/$F$1 -> 100.11625 | BF254: =$A254*BH$4/$F$1 -> 100.55311 | BG254: -559.10495 | BH254: =(BH$4+BG254)/BH$4 -> 0.64858021 | BI254: {=INDEX(BF$9:BF$400,MATCH(MIN(ABS($A254-BF$9:BF$400)),ABS($A254-BF$9:BF$400),0))} -> 104.41127 | BJ254: =VLOOKUP(BI254,BF$9:BH$400,3) -> 0.64790413 | BL254: =$A254*BN$4/$F$1 -> 100.81269 | BM254: -551.02466 | BN254: =(BN$4+BM254)/BN$4 -> 0.65455079 | BO254: {=INDEX(BL$9:BL$400,MATCH(MIN(ABS($A254-BL$9:BL$400)),ABS($A254-BL$9:BL$400),0))} -> 104.68082 | BP254: =VLOOKUP(BO254,BL$9:BN$400,3) -> 0.65536657 | BR254: =$A254*BT$4/$F$1 -> 100.64477 | BS254: -549.56799 | BT254: =(BT$4+BS254)/BT$4 -> 0.65488915 | BU254: {=INDEX(BR$9:BR$400,MATCH(MIN(ABS($A254-BR$9:BR$400)),ABS($A254-BR$9:BR$400),0))} -> 104.50645 | BV254: =VLOOKUP(BU254,BR$9:BT$400,3) -> 0.65655678
... A268: 118.25 | B268: 1 | D268: =A268*$F$4/$F$1 -> 113.75435 | E268: -703.4228 | F268: =(F$4+E268)/F$4 -> 0.55669454 | G268: {=INDEX(D$9:D$400,MATCH(MIN(ABS($A268-D$9:D$400)),ABS($A268-D$9:D$400),0))} -> 118.56425 | H268: =VLOOKUP(G268,D$9:F$400,3) -> 0.55290614 | J268: =$A268*L$4/$F$1 -> 113.06751 | K268: -707.82301 | L268: =(L$4+K268)/L$4 -> 0.55121174 | M268: {=INDEX(J$9:J$400,MATCH(MIN(ABS($A268-J$9:J$400)),ABS($A268-J$9:J$400),0))} -> 117.84838 | N268: =VLOOKUP(M268,J$9:L$400,3) -> 0.54760687 | P268: =$A268*R$4/$F$1 -> 111.65173 | Q268: -748.35214 | R268: =(R$4+Q268)/R$4 -> 0.51949804 | S268: {=INDEX(P$9:P$400,MATCH(MIN(ABS($A268-P$9:P$400)),ABS($A268-P$9:P$400),0))} -> 118.26114 | T268: =VLOOKUP(S268,P$9:R$400,3) -> 0.5126554 | V268: =$A268*X$4/$F$1 -> 114.54804 | W268: -648.59092 | X268: =(X$4+W268)/X$4 -> 0.59408246 | Y268: {=INDEX(V$9:V$400,MATCH(MIN(ABS($A268-V$9:V$400)),ABS($A268-V$9:V$400),0))} -> 118.42282 | Z268: =VLOOKUP(Y268,V$9:X$400,3) -> 0.59156951 | AB268: =$A268*AD$4/$F$1 -> 112.04843 | AC268: -659.7949 | AD268: =(AD$4+AC268)/AD$4 -> 0.57785875 | AE268: {=INDEX(AB$9:AB$400,MATCH(MIN(ABS($A268-AB$9:AB$400)),ABS($A268-AB$9:AB$400),0))} -> 118.68132 | AF268: =VLOOKUP(AE268,AB$9:AD$400,3) -> 0.57318348 | AH268: =$A268*AJ$4/$F$1 -> 113.80484 | AI268: -618.84333 | AJ268: =(AJ$4+AI268)/AJ$4 -> 0.61017056 | AK268: {=INDEX(AH$9:AH$400,MATCH(MIN(ABS($A268-AH$9:AH$400)),ABS($A268-AH$9:AH$400),0))} -> 118.61688 | AL268: =VLOOKUP(AK268,AH$9:AJ$400,3) -> 0.60641216 | AN268: =$A268*AP$4/$F$1 -> 114.85497 | AO268: -726.22208 | AP268: =(AP$4+AO268)/AP$4 -> 0.54671193 | AQ268: {=INDEX(AN$9:AN$400,MATCH(MIN(ABS($A268-AN$9:AN$400)),ABS($A268-AN$9:AN$400),0))} -> 117.76884 | AR268: =VLOOKUP(AQ268,AN$9:AP$400,3) -> 0.54364183 | AT268: =$A268*AV$4/$F$1 -> 115.36898 | AU268: -733.45123 | AV268: =(AV$4+AU268)/AV$4 -> 0.54423934 | AW268: {=INDEX(AT$9:AT$400,MATCH(MIN(ABS($A268-AT$9:AT$400)),ABS($A268-AT$9:AT$400),0))} -> 118.29589 | AX268: =VLOOKUP(AW268,AT$9:AV$400,3) -> 0.54100643 | AZ268: =$A268*BB$4/$F$1 -> 113.56142 | BF268: =$A268*BH$4/$F$1 -> 114.05695 | BG268: -559.00344 | BH268: =(BH$4+BG268)/BH$4 -> 0.64864401 | BI268: {=INDEX(BF$9:BF$400,MATCH(MIN(ABS($A268-BF$9:BF$400)),ABS($A268-BF$9:BF$400),0))} -> 117.91511 | BJ268: =VLOOKUP(BI268,BF$9:BH$400,3) -> 0.64727627 | BL268: =$A268*BN$4/$F$1 -> 114.35139 | BM268: -549.27668 | BN268: =(BN$4+BM268)/BN$4 -> 0.65564664 | BO268: {=INDEX(BL$9:BL$400,MATCH(MIN(ABS($A268-BL$9:BL$400)),ABS($A268-BL$9:BL$400),0))} -> 118.21952 | BP268: =VLOOKUP(BO268,BL$9:BN$400,3) -> 0.65558143 | BR268: =$A268*BT$4/$F$1 -> 114.16092 | BS268: -547.47271 | BT268: =(BT$4+BS268)/BT$4 -> 0.65620492 | BU268: {=INDEX(BR$9:BR$400,MATCH(MIN(ABS($A268-BR$9:BR$400)),ABS($A268-BR$9:BR$400),0))} -> 118.0226 | BV268: =VLOOKUP(BU268,BR$9:BT$400,3) -> 0.65640055
A269: 119.25 | B269: 1 | D269: =A269*$F$4/$F$1 -> 114.71633 | E269: -704.71366 | F269: =(F$4+E269)/F$4 -> 0.55588103 | G269: {=INDEX(D$9:D$400,MATCH(MIN(ABS($A269-D$9:D$400)),ABS($A269-D$9:D$400),0))} -> 119.52624 | H269: =VLOOKUP(G269,D$9:F$400,3) -> 0.55217065 | J269: =$A269*L$4/$F$1 -> 114.02368 | K269: -708.98919 | L269: =(L$4+K269)/L$4 -> 0.55047234 | M269: {=INDEX(J$9:J$400,MATCH(MIN(ABS($A269-J$9:J$400)),ABS($A269-J$9:J$400),0))} -> 118.80455 | N269: =VLOOKUP(M269,J$9:L$400,3) -> 0.54687433 | P269: =$A269*R$4/$F$1 -> 112.59594 | Q269: -749.9752 | R269: =(R$4+Q269)/R$4 -> 0.51845591 | S269: {=INDEX(P$9:P$400,MATCH(MIN(ABS($A269-P$9:P$400)),ABS($A269-P$9:P$400),0))} -> 119.20534 | T269: =VLOOKUP(S269,P$9:R$400,3) -> 0.51166952 | V269: =$A269*X$4/$F$1 -> 115.51674 | W269: -649.57055 | X269: =(X$4+W269)/X$4 -> 0.59346936 | Y269: {=INDEX(V$9:V$400,MATCH(MIN(ABS($A269-V$9:V$400)),ABS($A269-V$9:V$400),0))} -> 119.39151 | Z269: =VLOOKUP(Y269,V$9:X$400,3) -> 0.59095696 | AB269: =$A269*AD$4/$F$1 -> 112.99599 | AC269: -660.82526 | AD269: =(AD$4+AC269)/AD$4 -> 0.57719952 | AE269: {=INDEX(AB$9:AB$400,MATCH(MIN(ABS($A269-AB$9:AB$400)),ABS($A269-AB$9:AB$400),0))} -> 119.62888 | AF269: =VLOOKUP(AE269,AB$9:AD$400,3) -> 0.57254345 | AH269: =$A269*AJ$4/$F$1 -> 114.76724 | AI269: -619.96374 | AJ269: =(AJ$4+AI269)/AJ$4 -> 0.60946478 | AK269: {=INDEX(AH$9:AH$400,MATCH(MIN(ABS($A269-AH$9:AH$400)),ABS($A269-AH$9:AH$400),0))} -> 119.57929 | AL269: =VLOOKUP(AK269,AH$9:AJ$400,3) -> 0.60565069 | AN269: =$A269*AP$4/$F$1 -> 115.82626 | AO269: -727.2716 | AP269: =(AP$4+AO269)/AP$4 -> 0.54605685 | AQ269: {=INDEX(AN$9:AN$400,MATCH(MIN(ABS($A269-AN$9:AN$400)),ABS($A269-AN$9:AN$400),0))} -> 119.71142 | AR269: =VLOOKUP(AQ269,AN$9:AP$400,3) -> 0.54123832 | AT269: =$A269*AV$4/$F$1 -> 116.34461 | AU269: -735.42421 | AV269: =(AV$4+AU269)/AV$4 -> 0.54301335 | AZ269: =$A269*BB$4/$F$1 -> 114.52177 | BF269: =$A269*BH$4/$F$1 -> 115.02149 | BG269: -559.55676 | BH269: =(BH$4+BG269)/BH$4 -> 0.64829623 | BI269: {=INDEX(BF$9:BF$400,MATCH(MIN(ABS($A269-BF$9:BF$400)),ABS($A269-BF$9:BF$400),0))} -> 118.87965 | BJ269: =VLOOKUP(BI269,BF$9:BH$400,3) -> 0.64824561 | BL269: =$A269*BN$4/$F$1 -> 115.31842 | BM269: -548.31677 | BN269: =(BN$4+BM269)/BN$4 -> 0.65624842 | BO269: {=INDEX(BL$9:BL$400,MATCH(MIN(ABS($A269-BL$9:BL$400)),ABS($A269-BL$9:BL$400),0))} -> 119.18655 | BP269: =VLOOKUP(BO269,BL$9:BN$400,3) -> 0.65524978 | BR269: =$A269*BT$4/$F$1 -> 115.12634 | BS269: -547.1365 | BT269: =(BT$4+BS269)/BT$4 -> 0.65641604 | BU269: {=INDEX(BR$9:BR$400,MATCH(MIN(ABS($A269-BR$9:BR$400)),ABS($A269-BR$9:BR$400),0))} -> 118.98802 | BV269: =VLOOKUP(BU269,BR$9:BT$400,3) -> 0.65528278
A270: 120.25 | B270: 1 | D270: =A270*$F$4/$F$1 -> 115.67831 | E270: -705.88203 | F270: =(F$4+E270)/F$4 -> 0.55514471 | G270: {=INDEX(D$9:D$400,MATCH(MIN(ABS($A270-D$9:D$400)),ABS($A270-D$9:D$400),0))} -> 120.48822 | H270: =VLOOKUP(G270,D$9:F$400,3) -> 0.55145966 | J270: =$A270*L$4/$F$1 -> 114.97986 | K270: -710.08981 | L270: =(L$4+K270)/L$4 -> 0.5497745 | M270: {=INDEX(J$9:J$400,MATCH(MIN(ABS($A270-J$9:J$400)),ABS($A270-J$9:J$400),0))} -> 120.7169 | N270: =VLOOKUP(M270,J$9:L$400,3) -> 0.54549637 | P270: =$A270*R$4/$F$1 -> 113.54014 | Q270: -751.39843 | R270: =(R$4+Q270)/R$4 -> 0.51754208 | S270: {=INDEX(P$9:P$400,MATCH(MIN(ABS($A270-P$9:P$400)),ABS($A270-P$9:P$400),0))} -> 120.14954 | T270: =VLOOKUP(S270,P$9:R$400,3) -> 0.51073815 | V270: =$A270*X$4/$F$1 -> 116.48543 | W270: -650.55594 | X270: =(X$4+W270)/X$4 -> 0.59285266 | Y270: {=INDEX(V$9:V$400,MATCH(MIN(ABS($A270-V$9:V$400)),ABS($A270-V$9:V$400),0))} -> 120.36021 | Z270: =VLOOKUP(Y270,V$9:X$400,3) -> 0.59041194 | AB270: =$A270*AD$4/$F$1 -> 113.94354 | AC270: -661.89087 | AD270: =(AD$4+AC270)/AD$4 -> 0.57651773 | AE270: {=INDEX(AB$9:AB$400,MATCH(MIN(ABS($A270-AB$9:AB$400)),ABS($A270-AB$9:AB$400),0))} -> 120.57643 | AF270: =VLOOKUP(AE270,AB$9:AD$400,3) -> 0.57189275 | AH270: =$A270*AJ$4/$F$1 -> 115.72965 | AI270: -621.17576 | AJ270: =(AJ$4+AI270)/AJ$4 -> 0.60870129 | AK270: {=INDEX(AH$9:AH$400,MATCH(MIN(ABS($A270-AH$9:AH$400)),ABS($A270-AH$9:AH$400),0))} -> 120.5417 | AL270: =VLOOKUP(AK270,AH$9:AJ$400,3) -> 0.60493098 | AN270: =$A270*AP$4/$F$1 -> 116.79755 | AO270: -729.31678 | AP270: =(AP$4+AO270)/AP$4 -> 0.54478031 | AQ270: {=INDEX(AN$9:AN$400,MATCH(MIN(ABS($A270-AN$9:AN$400)),ABS($A270-AN$9:AN$400),0))} -> 120.68271 | AR270: =VLOOKUP(AQ270,AN$9:AP$400,3) -> 0.53997328 | AT270: =$A270*AV$4/$F$1 -> 117.32025 | AU270: -736.97545 | AV270: =(AV$4+AU270)/AV$4 -> 0.54204943 | AZ270: =$A270*BB$4/$F$1 -> 115.48212 | BF270: =$A270*BH$4/$F$1 -> 115.98603 | BG270: -560.25541 | BH270: =(BH$4+BG270)/BH$4 -> 0.6478571 | BI270: {=INDEX(BF$9:BF$400,MATCH(MIN(ABS($A270-BF$9:BF$400)),ABS($A270-BF$9:BF$400),0))} -> 119.84419 | BJ270: =VLOOKUP(BI270,BF$9:BH$400,3) -> 0.64844867 | BL270: =$A270*BN$4/$F$1 -> 116.28545 | BM270: -549.67194 | BN270: =(BN$4+BM270)/BN$4 -> 0.65539884 | BO270: {=INDEX(BL$9:BL$400,MATCH(MIN(ABS($A270-BL$9:BL$400)),ABS($A270-BL$9:BL$400),0))} -> 120.15358 | BP270: =VLOOKUP(BO270,BL$9:BN$400,3) -> 0.65593648 | BR270: =$A270*BT$4/$F$1 -> 116.09176 | BS270: -545.33729 | BT270: =(BT$4+BS270)/BT$4 -> 0.65754589 | BU270: {=INDEX(BR$9:BR$400,MATCH(MIN(ABS($A270-BR$9:BR$400)),ABS($A270-BR$9:BR$400),0))} -> 119.95344 | BV270: =VLOOKUP(BU270,BR$9:BT$400,3) -> 0.65550024
A271: 121.25 | B271: 1 | D271: =A271*$F$4/$F$1 -> 116.64029 | E271: -707.08096 | F271: =(F$4+E271)/F$4 -> 0.55438913 | G271: {=INDEX(D$9:D$400,MATCH(MIN(ABS($A271-D$9:D$400)),ABS($A271-D$9:D$400),0))} -> 121.4502 | H271: =VLOOKUP(G271,D$9:F$400,3) -> 0.55075768 | J271: =$A271*L$4/$F$1 -> 115.93603 | K271: -711.22123 | L271: =(L$4+K271)/L$4 -> 0.54905713 | M271: {=INDEX(J$9:J$400,MATCH(MIN(ABS($A271-J$9:J$400)),ABS($A271-J$9:J$400),0))} -> 121.67307 | N271: =VLOOKUP(M271,J$9:L$400,3) -> 0.54480568 | P271: =$A271*R$4/$F$1 -> 114.48434 | Q271: -752.88717 | R271: =(R$4+Q271)/R$4 -> 0.51658619 | S271: {=INDEX(P$9:P$400,MATCH(MIN(ABS($A271-P$9:P$400)),ABS($A271-P$9:P$400),0))} -> 121.09374 | T271: =VLOOKUP(S271,P$9:R$400,3) -> 0.5098628 | V271: =$A271*X$4/$F$1 -> 117.45412 | W271: -651.59062 | X271: =(X$4+W271)/X$4 -> 0.59220511 | Y271: {=INDEX(V$9:V$400,MATCH(MIN(ABS($A271-V$9:V$400)),ABS($A271-V$9:V$400),0))} -> 121.3289 | Z271: =VLOOKUP(Y271,V$9:X$400,3) -> 0.58981553 | AB271: =$A271*AD$4/$F$1 -> 114.8911 | AC271: -662.94646 | AD271: =(AD$4+AC271)/AD$4 -> 0.57584236 | AE271: {=INDEX(AB$9:AB$400,MATCH(MIN(ABS($A271-AB$9:AB$400)),ABS($A271-AB$9:AB$400),0))} -> 121.52399 | AF271: =VLOOKUP(AE271,AB$9:AD$400,3) -> 0.57119037 | AH271: =$A271*AJ$4/$F$1 -> 116.69206 | AI271: -622.41351 | AJ271: =(AJ$4+AI271)/AJ$4 -> 0.60792159 | AK271: {=INDEX(AH$9:AH$400,MATCH(MIN(ABS($A271-AH$9:AH$400)),ABS($A271-AH$9:AH$400),0))} -> 121.50411 | AL271: =VLOOKUP(AK271,AH$9:AJ$400,3) -> 0.6041828 | AN271: =$A271*AP$4/$F$1 -> 117.76884 | AO271: -731.14076 | AP271: =(AP$4+AO271)/AP$4 -> 0.54364183 | AQ271: {=INDEX(AN$9:AN$400,MATCH(MIN(ABS($A271-AN$9:AN$400)),ABS($A271-AN$9:AN$400),0))} -> 121.654 | AR271: =VLOOKUP(AQ271,AN$9:AP$400,3) -> 0.53860957 | AT271: =$A271*AV$4/$F$1 -> 118.29589 | AU271: -738.65393 | AV271: =(AV$4+AU271)/AV$4 -> 0.54100643 | AZ271: =$A271*BB$4/$F$1 -> 116.44247 | BF271: =$A271*BH$4/$F$1 -> 116.95057 | BG271: -564.45418 | BH271: =(BH$4+BG271)/BH$4 -> 0.64521801 | BI271: {=INDEX(BF$9:BF$400,MATCH(MIN(ABS($A271-BF$9:BF$400)),ABS($A271-BF$9:BF$400),0))} -> 120.80874 | BJ271: =VLOOKUP(BI271,BF$9:BH$400,3) -> 0.64748527 | BL271: =$A271*BN$4/$F$1 -> 117.25249 | BM271: -549.46811 | BN271: =(BN$4+BM271)/BN$4 -> 0.65552662 | BO271: {=INDEX(BL$9:BL$400,MATCH(MIN(ABS($A271-BL$9:BL$400)),ABS($A271-BL$9:BL$400),0))} -> 121.12061 | BP271: =VLOOKUP(BO271,BL$9:BN$400,3) -> 0.65554378 | BR271: =$A271*BT$4/$F$1 -> 117.05718 | BS271: -546.24923 | BT271: =(BT$4+BS271)/BT$4 -> 0.65697322 | BU271: {=INDEX(BR$9:BR$400,MATCH(MIN(ABS($A271-BR$9:BR$400)),ABS($A271-BR$9:BR$400),0))} -> 120.91886 | BV271: =VLOOKUP(BU271,BR$9:BT$400,3) -> 0.6569033
A272: 122.25 | B272: 1 | D272: =A272*$F$4/$F$1 -> 117.60227 | E272: -708.21977 | F272: =(F$4+E272)/F$4 -> 0.55367143 | G272: {=INDEX(D$9:D$400,MATCH(MIN(ABS($A272-D$9:D$400)),ABS($A272-D$9:D$400),0))} -> 122.41218 | H272: =VLOOKUP(G272,D$9:F$400,3) -> 0.55002368 | J272: =$A272*L$4/$F$1 -> 116.8922 | K272: -712.29217 | L272: =(L$4+K272)/L$4 -> 0.54837812 | M272: {=INDEX(J$9:J$400,MATCH(MIN(ABS($A272-J$9:J$400)),ABS($A272-J$9:J$400),0))} -> 122.62924 | N272: =VLOOKUP(M272,J$9:L$400,3) -> 0.54415172 | P272: =$A272*R$4/$F$1 -> 115.42854 | Q272: -754.51255 | R272: =(R$4+Q272)/R$4 -> 0.51554257 | S272: {=INDEX(P$9:P$400,MATCH(MIN(ABS($A272-P$9:P$400)),ABS($A272-P$9:P$400),0))} -> 122.03794 | T272: =VLOOKUP(S272,P$9:R$400,3) -> 0.50863141 | V272: =$A272*X$4/$F$1 -> 118.42282 | W272: -652.6062 | X272: =(X$4+W272)/X$4 -> 0.59156951 | Y272: {=INDEX(V$9:V$400,MATCH(MIN(ABS($A272-V$9:V$400)),ABS($A272-V$9:V$400),0))} -> 122.29759 | Z272: =VLOOKUP(Y272,V$9:X$400,3) -> 0.5891975 | AB272: =$A272*AD$4/$F$1 -> 115.83866 | AC272: -664.02723 | AD272: =(AD$4+AC272)/AD$4 -> 0.57515087 | AE272: {=INDEX(AB$9:AB$400,MATCH(MIN(ABS($A272-AB$9:AB$400)),ABS($A272-AB$9:AB$400),0))} -> 122.47154 | AF272: =VLOOKUP(AE272,AB$9:AD$400,3) -> 0.5705904 | AH272: =$A272*AJ$4/$F$1 -> 117.65447 | AI272: -623.60086 | AJ272: =(AJ$4+AI272)/AJ$4 -> 0.60717364 | AK272: {=INDEX(AH$9:AH$400,MATCH(MIN(ABS($A272-AH$9:AH$400)),ABS($A272-AH$9:AH$400),0))} -> 122.46651 | AL272: =VLOOKUP(AK272,AH$9:AJ$400,3) -> 0.603467 | AN272: =$A272*AP$4/$F$1 -> 118.74013 | AO272: -732.96474 | AP272: =(AP$4+AO272)/AP$4 -> 0.54250335 | AQ272: {=INDEX(AN$9:AN$400,MATCH(MIN(ABS($A272-AN$9:AN$400)),ABS($A272-AN$9:AN$400),0))} -> 122.62529 | AR272: =VLOOKUP(AQ272,AN$9:AP$400,3) -> 0.53750435 | AT272: =$A272*AV$4/$F$1 -> 119.27152 | AZ272: =$A272*BB$4/$F$1 -> 117.40282 | BF272: =$A272*BH$4/$F$1 -> 117.91511 | BG272: -561.1795 | BH272: =(BH$4+BG272)/BH$4 -> 0.64727627 | BI272: {=INDEX(BF$9:BF$400,MATCH(MIN(ABS($A272-BF$9:BF$400)),ABS($A272-BF$9:BF$400),0))} -> 121.77328 | BJ272: =VLOOKUP(BI272,BF$9:BH$400,3) -> 0.64801186 | BL272: =$A272*BN$4/$F$1 -> 118.21952 | BM272: -549.38069 | BN272: =(BN$4+BM272)/BN$4 -> 0.65558143 | BO272: {=INDEX(BL$9:BL$400,MATCH(MIN(ABS($A272-BL$9:BL$400)),ABS($A272-BL$9:BL$400),0))} -> 122.08764 | BP272: =VLOOKUP(BO272,BL$9:BN$400,3) -> 0.65556616 | BR272: =$A272*BT$4/$F$1 -> 118.0226 | BS272: -547.16117 | BT272: =(BT$4+BS272)/BT$4 -> 0.65640055 | BU272: {=INDEX(BR$9:BR$400,MATCH(MIN(ABS($A272-BR$9:BR$400)),ABS($A272-BR$9:BR$400),0))} -> 121.88428 | BV272: =VLOOKUP(BU272,BR$9:BT$400,3) -> 0.65729147
A273: 123.25 | B273: 1 | D273: =A273*$F$4/$F$1 -> 118.56425 | E273: -709.43411 | F273: =(F$4+E273)/F$4 -> 0.55290614 | G273: {=INDEX(D$9:D$400,MATCH(MIN(ABS($A273-D$9:D$400)),ABS($A273-D$9:D$400),0))} -> 123.37416 | H273: =VLOOKUP(G273,D$9:F$400,3) -> 0.54934032 | J273: =$A273*L$4/$F$1 -> 117.84838 | K273: -713.50857 | L273: =(L$4+K273)/L$4 -> 0.54760687 | M273: {=INDEX(J$9:J$400,MATCH(MIN(ABS($A273-J$9:J$400)),ABS($A273-J$9:J$400),0))} -> 123.58542 | N273: =VLOOKUP(M273,J$9:L$400,3) -> 0.54344666 | P273: =$A273*R$4/$F$1 -> 116.37274 | Q273: -755.89214 | R273: =(R$4+Q273)/R$4 -> 0.51465676 | S273: {=INDEX(P$9:P$400,MATCH(MIN(ABS($A273-P$9:P$400)),ABS($A273-P$9:P$400),0))} -> 122.98214 | T273: =VLOOKUP(S273,P$9:R$400,3) -> 0.5078425 | V273: =$A273*X$4/$F$1 -> 119.39151 | W273: -653.58496 | X273: =(X$4+W273)/X$4 -> 0.59095696 | Y273: {=INDEX(V$9:V$400,MATCH(MIN(ABS($A273-V$9:V$400)),ABS($A273-V$9:V$400),0))} -> 123.26629 | Z273: =VLOOKUP(Y273,V$9:X$400,3) -> 0.58858773 | AB273: =$A273*AD$4/$F$1 -> 116.78621 | AC273: -665.09973 | AD273: =(AD$4+AC273)/AD$4 -> 0.57446468 | AE273: {=INDEX(AB$9:AB$400,MATCH(MIN(ABS($A273-AB$9:AB$400)),ABS($A273-AB$9:AB$400),0))} -> 123.4191 | AF273: =VLOOKUP(AE273,AB$9:AD$400,3) -> 0.56997793 | AH273: =$A273*AJ$4/$F$1 -> 118.61688 | AI273: -624.80968 | AJ273: =(AJ$4+AI273)/AJ$4 -> 0.60641216 | AK273: {=INDEX(AH$9:AH$400,MATCH(MIN(ABS($A273-AH$9:AH$400)),ABS($A273-AH$9:AH$400),0))} -> 123.42892 | AL273: =VLOOKUP(AK273,AH$9:AJ$400,3) -> 0.60278631 | AN273: =$A273*AP$4/$F$1 -> 119.71142 | AO273: -734.99148 | AP273: =(AP$4+AO273)/AP$4 -> 0.54123832 | AQ273: {=INDEX(AN$9:AN$400,MATCH(MIN(ABS($A273-AN$9:AN$400)),ABS($A273-AN$9:AN$400),0))} -> 123.59658 | AR273: =VLOOKUP(AQ273,AN$9:AP$400,3) -> 0.53639913 | AT273: =$A273*AV$4/$F$1 -> 120.24716 | AZ273: =$A273*BB$4/$F$1 -> 118.36317 | BF273: =$A273*BH$4/$F$1 -> 118.87965 | BG273: -559.63729 | BH273: =(BH$4+BG273)/BH$4 -> 0.64824561 | BI273: {=INDEX(BF$9:BF$400,MATCH(MIN(ABS($A273-BF$9:BF$400)),ABS($A273-BF$9:BF$400),0))} -> 123.70236 | BJ273: =VLOOKUP(BI273,BF$9:BH$400,3) -> 0.64800587 | BL273: =$A273*BN$4/$F$1 -> 119.18655 | BM273: -549.90971 | BN273: =(BN$4+BM273)/BN$4 -> 0.65524978 | BO273: {=INDEX(BL$9:BL$400,MATCH(MIN(ABS($A273-BL$9:BL$400)),ABS($A273-BL$9:BL$400),0))} -> 123.05467 | BP273: =VLOOKUP(BO273,BL$9:BN$400,3) -> 0.65558853 | BR273: =$A273*BT$4/$F$1 -> 118.98802 | BS273: -548.94116 | BT273: =(BT$4+BS273)/BT$4 -> 0.65528278 | BU273: {=INDEX(BR$9:BR$400,MATCH(MIN(ABS($A273-BR$9:BR$400)),ABS($A273-BR$9:BR$400),0))} -> 122.8497 | BV273: =VLOOKUP(BU273,BR$9:BT$400,3) -> 0.65690767
A274: 124.25 | B274: 1 | D274: =A274*$F$4/$F$1 -> 119.52624 | E274: -710.60117 | F274: =(F$4+E274)/F$4 -> 0.55217065 | G274: {=INDEX(D$9:D$400,MATCH(MIN(ABS($A274-D$9:D$400)),ABS($A274-D$9:D$400),0))} -> 124.33614 | H274: =VLOOKUP(G274,D$9:F$400,3) -> 0.54854808 | J274: =$A274*L$4/$F$1 -> 118.80455 | K274: -714.66392 | L274: =(L$4+K274)/L$4 -> 0.54687433 | M274: {=INDEX(J$9:J$400,MATCH(MIN(ABS($A274-J$9:J$400)),ABS($A274-J$9:J$400),0))} -> 124.54159 | N274: =VLOOKUP(M274,J$9:L$400,3) -> 0.54276526 | P274: =$A274*R$4/$F$1 -> 117.31694 | Q274: -757.59247 | R274: =(R$4+Q274)/R$4 -> 0.51356501 | S274: {=INDEX(P$9:P$400,MATCH(MIN(ABS($A274-P$9:P$400)),ABS($A274-P$9:P$400),0))} -> 123.92634 | T274: =VLOOKUP(S274,P$9:R$400,3) -> 0.50686973 | V274: =$A274*X$4/$F$1 -> 120.36021 | W274: -654.45582 | X274: =(X$4+W274)/X$4 -> 0.59041194 | Y274: {=INDEX(V$9:V$400,MATCH(MIN(ABS($A274-V$9:V$400)),ABS($A274-V$9:V$400),0))} -> 124.23498 | Z274: =VLOOKUP(Y274,V$9:X$400,3) -> 0.58799462 | AB274: =$A274*AD$4/$F$1 -> 117.73377 | AC274: -666.10378 | AD274: =(AD$4+AC274)/AD$4 -> 0.57382228 | AE274: {=INDEX(AB$9:AB$400,MATCH(MIN(ABS($A274-AB$9:AB$400)),ABS($A274-AB$9:AB$400),0))} -> 124.36665 | AF274: =VLOOKUP(AE274,AB$9:AD$400,3) -> 0.56936261 | AH274: =$A274*AJ$4/$F$1 -> 119.57929 | AI274: -626.01851 | AJ274: =(AJ$4+AI274)/AJ$4 -> 0.60565069 | AK274: {=INDEX(AH$9:AH$400,MATCH(MIN(ABS($A274-AH$9:AH$400)),ABS($A274-AH$9:AH$400),0))} -> 124.39133 | AL274: =VLOOKUP(AK274,AH$9:AJ$400,3) -> 0.60204779 | AN274: =$A274*AP$4/$F$1 -> 120.68271 | AO274: -737.01822 | AP274: =(AP$4+AO274)/AP$4 -> 0.53997328 | AQ274: {=INDEX(AN$9:AN$400,MATCH(MIN(ABS($A274-AN$9:AN$400)),ABS($A274-AN$9:AN$400),0))} -> 124.56786 | AR274: =VLOOKUP(AQ274,AN$9:AP$400,3) -> 0.53529392 | AT274: =$A274*AV$4/$F$1 -> 121.22279 | AZ274: =$A274*BB$4/$F$1 -> 119.32352 | BF274: =$A274*BH$4/$F$1 -> 119.84419 | BG274: -559.31423 | BH274: =(BH$4+BG274)/BH$4 -> 0.64844867 | BI274: {=INDEX(BF$9:BF$400,MATCH(MIN(ABS($A274-BF$9:BF$400)),ABS($A274-BF$9:BF$400),0))} -> 124.6669 | BJ274: =VLOOKUP(BI274,BF$9:BH$400,3) -> 0.64762078 | BL274: =$A274*BN$4/$F$1 -> 120.15358 | BM274: -548.81435 | BN274: =(BN$4+BM274)/BN$4 -> 0.65593648 | BO274: {=INDEX(BL$9:BL$400,MATCH(MIN(ABS($A274-BL$9:BL$400)),ABS($A274-BL$9:BL$400),0))} -> 124.0217 | BP274: =VLOOKUP(BO274,BL$9:BN$400,3) -> 0.65501572 | BR274: =$A274*BT$4/$F$1 -> 119.95344 | BS274: -548.59487 | BT274: =(BT$4+BS274)/BT$4 -> 0.65550024 | BU274: {=INDEX(BR$9:BR$400,MATCH(MIN(ABS($A274-BR$9:BR$400)),ABS($A274-BR$9:BR$400),0))} -> 123.81512 | BV274: =VLOOKUP(BU274,BR$9:BT$400,3) -> 0.65759084
A275: 125.25 | B275: 1 | D275: =A275*$F$4/$F$1 -> 120.48822 | E275: -711.72934 | F275: =(F$4+E275)/F$4 -> 0.55145966 | G275: {=INDEX(D$9:D$400,MATCH(MIN(ABS($A275-D$9:D$400)),ABS($A275-D$9:D$400),0))} -> 125.29813 | H275: =VLOOKUP(G275,D$9:F$400,3) -> 0.54783765 | J275: =$A275*L$4/$F$1 -> 119.76072 | K275: -715.68676 | L275: =(L$4+K275)/L$4 -> 0.54622581 | M275: {=INDEX(J$9:J$400,MATCH(MIN(ABS($A275-J$9:J$400)),ABS($A275-J$9:J$400),0))} -> 125.49776 | N275: =VLOOKUP(M275,J$9:L$400,3) -> 0.5420002 | P275: =$A275*R$4/$F$1 -> 118.26114 | Q275: -759.00913 | R275: =(R$4+Q275)/R$4 -> 0.5126554 | S275: {=INDEX(P$9:P$400,MATCH(MIN(ABS($A275-P$9:P$400)),ABS($A275-P$9:P$400),0))} -> 124.87054 | T275: =VLOOKUP(S275,P$9:R$400,3) -> 0.50589357 | V275: =$A275*X$4/$F$1 -> 121.3289 | W275: -655.40878 | X275: =(X$4+W275)/X$4 -> 0.58981553 | Y275: {=INDEX(V$9:V$400,MATCH(MIN(ABS($A275-V$9:V$400)),ABS($A275-V$9:V$400),0))} -> 125.20368 | Z275: =VLOOKUP(Y275,V$9:X$400,3) -> 0.58743133 | AB275: =$A275*AD$4/$F$1 -> 118.68132 | AC275: -667.1022 | AD275: =(AD$4+AC275)/AD$4 -> 0.57318348 | AE275: {=INDEX(AB$9:AB$400,MATCH(MIN(ABS($A275-AB$9:AB$400)),ABS($A275-AB$9:AB$400),0))} -> 125.31421 | AF275: =VLOOKUP(AE275,AB$9:AD$400,3) -> 0.5687289 | AH275: =$A275*AJ$4/$F$1 -> 120.5417 | AI275: -627.16102 | AJ275: =(AJ$4+AI275)/AJ$4 -> 0.60493098 | AK275: {=INDEX(AH$9:AH$400,MATCH(MIN(ABS($A275-AH$9:AH$400)),ABS($A275-AH$9:AH$400),0))} -> 125.35374 | AL275: =VLOOKUP(AK275,AH$9:AJ$400,3) -> 0.60136469 | AN275: =$A275*AP$4/$F$1 -> 121.654 | AO275: -739.20304 | AP275: =(AP$4+AO275)/AP$4 -> 0.53860957 | AQ275: {=INDEX(AN$9:AN$400,MATCH(MIN(ABS($A275-AN$9:AN$400)),ABS($A275-AN$9:AN$400),0))} -> 125.53915 | AR275: =VLOOKUP(AQ275,AN$9:AP$400,3) -> 0.5341887 | AT275: =$A275*AV$4/$F$1 -> 122.19843 | AZ275: =$A275*BB$4/$F$1 -> 120.28387 | BF275: =$A275*BH$4/$F$1 -> 120.80874 | BG275: -560.84699 | BH275: =(BH$4+BG275)/BH$4 -> 0.64748527 | BI275: {=INDEX(BF$9:BF$400,MATCH(MIN(ABS($A275-BF$9:BF$400)),ABS($A275-BF$9:BF$400),0))} -> 125.63144 | BJ275: =VLOOKUP(BI275,BF$9:BH$400,3) -> 0.64765373 | BL275: =$A275*BN$4/$F$1 -> 121.12061 | BM275: -549.44074 | BN275: =(BN$4+BM275)/BN$4 -> 0.65554378 | BO275: {=INDEX(BL$9:BL$400,MATCH(MIN(ABS($A275-BL$9:BL$400)),ABS($A275-BL$9:BL$400),0))} -> 124.98873 | BP275: =VLOOKUP(BO275,BL$9:BN$400,3) -> 0.65673577 | BR275: =$A275*BT$4/$F$1 -> 120.91886 | BS275: -546.36057 | BT275: =(BT$4+BS275)/BT$4 -> 0.6569033 | BU275: {=INDEX(BR$9:BR$400,MATCH(MIN(ABS($A275-BR$9:BR$400)),ABS($A275-BR$9:BR$400),0))} -> 124.78054 | BV275: =VLOOKUP(BU275,BR$9:BT$400,3) -> 0.65832298
A276: 126.25 | B276: 1 | D276: =A276*$F$4/$F$1 -> 121.4502 | E276: -712.84323 | F276: =(F$4+E276)/F$4 -> 0.55075768 | G276: {=INDEX(D$9:D$400,MATCH(MIN(ABS($A276-D$9:D$400)),ABS($A276-D$9:D$400),0))} -> 126.26011 | H276: =VLOOKUP(G276,D$9:F$400,3) -> 0.547096 | J276: =$A276*L$4/$F$1 -> 120.7169 | K276: -716.83722 | L276: =(L$4+K276)/L$4 -> 0.54549637 | M276: {=INDEX(J$9:J$400,MATCH(MIN(ABS($A276-J$9:J$400)),ABS($A276-J$9:J$400),0))} -> 126.45394 | N276: =VLOOKUP(M276,J$9:L$400,3) -> 0.54127196 | P276: =$A276*R$4/$F$1 -> 119.20534 | Q276: -760.54459 | R276: =(R$4+Q276)/R$4 -> 0.51166952 | S276: {=INDEX(P$9:P$400,MATCH(MIN(ABS($A276-P$9:P$400)),ABS($A276-P$9:P$400),0))} -> 125.81475 | T276: =VLOOKUP(S276,P$9:R$400,3) -> 0.5047853 | V276: =$A276*X$4/$F$1 -> 122.29759 | W276: -656.3963 | X276: =(X$4+W276)/X$4 -> 0.5891975 | Y276: {=INDEX(V$9:V$400,MATCH(MIN(ABS($A276-V$9:V$400)),ABS($A276-V$9:V$400),0))} -> 126.17237 | Z276: =VLOOKUP(Y276,V$9:X$400,3) -> 0.58678876 | AB276: =$A276*AD$4/$F$1 -> 119.62888 | AC276: -668.10256 | AD276: =(AD$4+AC276)/AD$4 -> 0.57254345 | AE276: {=INDEX(AB$9:AB$400,MATCH(MIN(ABS($A276-AB$9:AB$400)),ABS($A276-AB$9:AB$400),0))} -> 126.26177 | AF276: =VLOOKUP(AE276,AB$9:AD$400,3) -> 0.56808538 | AH276: =$A276*AJ$4/$F$1 -> 121.50411 | AI276: -628.34874 | AJ276: =(AJ$4+AI276)/AJ$4 -> 0.6041828 | AK276: {=INDEX(AH$9:AH$400,MATCH(MIN(ABS($A276-AH$9:AH$400)),ABS($A276-AH$9:AH$400),0))} -> 126.31615 | AL276: =VLOOKUP(AK276,AH$9:AJ$400,3) -> 0.60065134 | AN276: =$A276*AP$4/$F$1 -> 122.62529 | AO276: -740.97374 | AP276: =(AP$4+AO276)/AP$4 -> 0.53750435 | AQ276: {=INDEX(AN$9:AN$400,MATCH(MIN(ABS($A276-AN$9:AN$400)),ABS($A276-AN$9:AN$400),0))} -> 126.51044 | AR276: =VLOOKUP(AQ276,AN$9:AP$400,3) -> 0.53308348 | AT276: =$A276*AV$4/$F$1 -> 123.17407 | AZ276: =$A276*BB$4/$F$1 -> 121.24422 | BF276: =$A276*BH$4/$F$1 -> 121.77328 | BG276: -560.00919 | BH276: =(BH$4+BG276)/BH$4 -> 0.64801186 | BI276: {=INDEX(BF$9:BF$400,MATCH(MIN(ABS($A276-BF$9:BF$400)),ABS($A276-BF$9:BF$400),0))} -> 126.59598 | BJ276: =VLOOKUP(BI276,BF$9:BH$400,3) -> 0.64930407 | BL276: =$A276*BN$4/$F$1 -> 122.08764 | BM276: -549.40505 | BN276: =(BN$4+BM276)/BN$4 -> 0.65556616 | BO276: {=INDEX(BL$9:BL$400,MATCH(MIN(ABS($A276-BL$9:BL$400)),ABS($A276-BL$9:BL$400),0))} -> 125.95576 | BP276: =VLOOKUP(BO276,BL$9:BN$400,3) -> 0.65563529 | BR276: =$A276*BT$4/$F$1 -> 121.88428 | BS276: -545.74244 | BT276: =(BT$4+BS276)/BT$4 -> 0.65729147 | BU276: {=INDEX(BR$9:BR$400,MATCH(MIN(ABS($A276-BR$9:BR$400)),ABS($A276-BR$9:BR$400),0))} -> 126.71138 | BV276: =VLOOKUP(BU276,BR$9:BT$400,3) -> 0.65647888
A277: 127.25 | B277: 1 | D277: =A277*$F$4/$F$1 -> 122.41218 | E277: -714.0079 | F277: =(F$4+E277)/F$4 -> 0.55002368 | G277: {=INDEX(D$9:D$400,MATCH(MIN(ABS($A277-D$9:D$400)),ABS($A277-D$9:D$400),0))} -> 127.22209 | H277: =VLOOKUP(G277,D$9:F$400,3) -> 0.54636871 | J277: =$A277*L$4/$F$1 -> 121.67307 | K277: -717.92657 | L277: =(L$4+K277)/L$4 -> 0.54480568 | M277: {=INDEX(J$9:J$400,MATCH(MIN(ABS($A277-J$9:J$400)),ABS($A277-J$9:J$400),0))} -> 127.41011 | N277: =VLOOKUP(M277,J$9:L$400,3) -> 0.54060565 | P277: =$A277*R$4/$F$1 -> 120.14954 | Q277: -761.99513 | R277: =(R$4+Q277)/R$4 -> 0.51073815 | S277: {=INDEX(P$9:P$400,MATCH(MIN(ABS($A277-P$9:P$400)),ABS($A277-P$9:P$400),0))} -> 127.70315 | T277: =VLOOKUP(S277,P$9:R$400,3) -> 0.50276058 | V277: =$A277*X$4/$F$1 -> 123.26629 | W277: -657.37061 | X277: =(X$4+W277)/X$4 -> 0.58858773 | Y277: {=INDEX(V$9:V$400,MATCH(MIN(ABS($A277-V$9:V$400)),ABS($A277-V$9:V$400),0))} -> 127.14106 | Z277: =VLOOKUP(Y277,V$9:X$400,3) -> 0.58621708 | AB277: =$A277*AD$4/$F$1 -> 120.57643 | AC277: -669.11958 | AD277: =(AD$4+AC277)/AD$4 -> 0.57189275 | AE277: {=INDEX(AB$9:AB$400,MATCH(MIN(ABS($A277-AB$9:AB$400)),ABS($A277-AB$9:AB$400),0))} -> 127.20932 | AF277: =VLOOKUP(AE277,AB$9:AD$400,3) -> 0.56751 | AH277: =$A277*AJ$4/$F$1 -> 122.46651 | AI277: -629.48505 | AJ277: =(AJ$4+AI277)/AJ$4 -> 0.603467 | AK277: {=INDEX(AH$9:AH$400,MATCH(MIN(ABS($A277-AH$9:AH$400)),ABS($A277-AH$9:AH$400),0))} -> 127.27856 | AL277: =VLOOKUP(AK277,AH$9:AJ$400,3) -> 0.59999092 | AN277: =$A277*AP$4/$F$1 -> 123.59658 | AO277: -742.74443 | AP277: =(AP$4+AO277)/AP$4 -> 0.53639913 | AQ277: {=INDEX(AN$9:AN$400,MATCH(MIN(ABS($A277-AN$9:AN$400)),ABS($A277-AN$9:AN$400),0))} -> 127.48173 | AR277: =VLOOKUP(AQ277,AN$9:AP$400,3) -> 0.53828598 | AT277: =$A277*AV$4/$F$1 -> 124.1497 | AZ277: =$A277*BB$4/$F$1 -> 122.20457 | BF277: =$A277*BH$4/$F$1 -> 122.73782 | BG277: -558.6703 | BH277: =(BH$4+BG277)/BH$4 -> 0.6488534 | BI277: {=INDEX(BF$9:BF$400,MATCH(MIN(ABS($A277-BF$9:BF$400)),ABS($A277-BF$9:BF$400),0))} -> 127.56052 | BJ277: =VLOOKUP(BI277,BF$9:BH$400,3) -> 0.64909113 | BL277: =$A277*BN$4/$F$1 -> 123.05467 | BM277: -549.36935 | BN277: =(BN$4+BM277)/BN$4 -> 0.65558853 | BO277: {=INDEX(BL$9:BL$400,MATCH(MIN(ABS($A277-BL$9:BL$400)),ABS($A277-BL$9:BL$400),0))} -> 126.92279 | BP277: =VLOOKUP(BO277,BL$9:BN$400,3) -> 0.65581183 | BR277: =$A277*BT$4/$F$1 -> 122.8497 | BS277: -546.35362 | BT277: =(BT$4+BS277)/BT$4 -> 0.65690767 | BU277: {=INDEX(BR$9:BR$400,MATCH(MIN(ABS($A277-BR$9:BR$400)),ABS($A277-BR$9:BR$400),0))} -> 127.6768 | BV277: =VLOOKUP(BU277,BR$9:BT$400,3) -> 0.65453445
A278: 128.25 | B278: 1 | D278: =A278*$F$4/$F$1 -> 123.37416 | E278: -715.09224 | F278: =(F$4+E278)/F$4 -> 0.54934032 | G278: {=INDEX(D$9:D$400,MATCH(MIN(ABS($A278-D$9:D$400)),ABS($A278-D$9:D$400),0))} -> 128.18407 | H278: =VLOOKUP(G278,D$9:F$400,3) -> 0.54563586 | J278: =$A278*L$4/$F$1 -> 122.62924 | K278: -718.95799 | L278: =(L$4+K278)/L$4 -> 0.54415172 | M278: {=INDEX(J$9:J$400,MATCH(MIN(ABS($A278-J$9:J$400)),ABS($A278-J$9:J$400),0))} -> 128.36628 | N278: =VLOOKUP(M278,J$9:L$400,3) -> 0.53995049 | P278: =$A278*R$4/$F$1 -> 121.09374 | Q278: -763.35843 | R278: =(R$4+Q278)/R$4 -> 0.5098628 | S278: {=INDEX(P$9:P$400,MATCH(MIN(ABS($A278-P$9:P$400)),ABS($A278-P$9:P$400),0))} -> 128.64735 | T278: =VLOOKUP(S278,P$9:R$400,3) -> 0.50182612 | V278: =$A278*X$4/$F$1 -> 124.23498 | W278: -658.31831 | X278: =(X$4+W278)/X$4 -> 0.58799462 | Y278: {=INDEX(V$9:V$400,MATCH(MIN(ABS($A278-V$9:V$400)),ABS($A278-V$9:V$400),0))} -> 128.10976 | Z278: =VLOOKUP(Y278,V$9:X$400,3) -> 0.58572516 | AB278: =$A278*AD$4/$F$1 -> 121.52399 | AC278: -670.21738 | AD278: =(AD$4+AC278)/AD$4 -> 0.57119037 | AE278: {=INDEX(AB$9:AB$400,MATCH(MIN(ABS($A278-AB$9:AB$400)),ABS($A278-AB$9:AB$400),0))} -> 128.15688 | AF278: =VLOOKUP(AE278,AB$9:AD$400,3) -> 0.56688703 | AH278: =$A278*AJ$4/$F$1 -> 123.42892 | AI278: -630.56563 | AJ278: =(AJ$4+AI278)/AJ$4 -> 0.60278631 | AK278: {=INDEX(AH$9:AH$400,MATCH(MIN(ABS($A278-AH$9:AH$400)),ABS($A278-AH$9:AH$400),0))} -> 128.24097 | AL278: =VLOOKUP(AK278,AH$9:AJ$400,3) -> 0.59927394 | AN278: =$A278*AP$4/$F$1 -> 124.56786 | AO278: -744.51512 | AP278: =(AP$4+AO278)/AP$4 -> 0.53529392 | AQ278: {=INDEX(AN$9:AN$400,MATCH(MIN(ABS($A278-AN$9:AN$400)),ABS($A278-AN$9:AN$400),0))} -> 128.45302 | AR278: =VLOOKUP(AQ278,AN$9:AP$400,3) -> 0.53838758 | AT278: =$A278*AV$4/$F$1 -> 125.12534 | AZ278: =$A278*BB$4/$F$1 -> 123.16492 | BF278: =$A278*BH$4/$F$1 -> 123.70236 | BG278: -560.01871 | BH278: =(BH$4+BG278)/BH$4 -> 0.64800587 | BI278: {=INDEX(BF$9:BF$400,MATCH(MIN(ABS($A278-BF$9:BF$400)),ABS($A278-BF$9:BF$400),0))} -> 128.52506 | BJ278: =VLOOKUP(BI278,BF$9:BH$400,3) -> 0.64793959 | BL278: =$A278*BN$4/$F$1 -> 124.0217 | BM278: -550.28305 | BN278: =(BN$4+BM278)/BN$4 -> 0.65501572 | BO278: {=INDEX(BL$9:BL$400,MATCH(MIN(ABS($A278-BL$9:BL$400)),ABS($A278-BL$9:BL$400),0))} -> 127.88982 | BP278: =VLOOKUP(BO278,BL$9:BN$400,3) -> 0.65614411 | BR278: =$A278*BT$4/$F$1 -> 123.81512 | BS278: -545.26571 | BT278: =(BT$4+BS278)/BT$4 -> 0.65759084 | BU278: {=INDEX(BR$9:BR$400,MATCH(MIN(ABS($A278-BR$9:BR$400)),ABS($A278-BR$9:BR$400),0))} -> 128.64222 | BV278: =VLOOKUP(BU278,BR$9:BT$400,3) -> 0.6576094
A279: 129.25 | B279: 1 | D279: =A279*$F$4/$F$1 -> 124.33614 | E279: -716.34934 | F279: =(F$4+E279)/F$4 -> 0.54854808 | G279: {=INDEX(D$9:D$400,MATCH(MIN(ABS($A279-D$9:D$400)),ABS($A279-D$9:D$400),0))} -> 129.14605 | H279: =VLOOKUP(G279,D$9:F$400,3) -> 0.54496935 | J279: =$A279*L$4/$F$1 -> 123.58542 | K279: -720.07 | L279: =(L$4+K279)/L$4 -> 0.54344666 | M279: {=INDEX(J$9:J$400,MATCH(MIN(ABS($A279-J$9:J$400)),ABS($A279-J$9:J$400),0))} -> 129.32246 | N279: =VLOOKUP(M279,J$9:L$400,3) -> 0.53935978 | P279: =$A279*R$4/$F$1 -> 122.03794 | Q279: -765.27625 | R279: =(R$4+Q279)/R$4 -> 0.50863141 | S279: {=INDEX(P$9:P$400,MATCH(MIN(ABS($A279-P$9:P$400)),ABS($A279-P$9:P$400),0))} -> 129.59155 | T279: =VLOOKUP(S279,P$9:R$400,3) -> 0.50078837 | V279: =$A279*X$4/$F$1 -> 125.20368 | W279: -659.21835 | X279: =(X$4+W279)/X$4 -> 0.58743133 | Y279: {=INDEX(V$9:V$400,MATCH(MIN(ABS($A279-V$9:V$400)),ABS($A279-V$9:V$400),0))} -> 129.07845 | Z279: =VLOOKUP(Y279,V$9:X$400,3) -> 0.58519515 | AB279: =$A279*AD$4/$F$1 -> 122.47154 | AC279: -671.15512 | AD279: =(AD$4+AC279)/AD$4 -> 0.5705904 | AE279: {=INDEX(AB$9:AB$400,MATCH(MIN(ABS($A279-AB$9:AB$400)),ABS($A279-AB$9:AB$400),0))} -> 129.10443 | AF279: =VLOOKUP(AE279,AB$9:AD$400,3) -> 0.56626527 | AH279: =$A279*AJ$4/$F$1 -> 124.39133 | AI279: -631.73801 | AJ279: =(AJ$4+AI279)/AJ$4 -> 0.60204779 | AK279: {=INDEX(AH$9:AH$400,MATCH(MIN(ABS($A279-AH$9:AH$400)),ABS($A279-AH$9:AH$400),0))} -> 129.20338 | AL279: =VLOOKUP(AK279,AH$9:AJ$400,3) -> 0.59849365 | AN279: =$A279*AP$4/$F$1 -> 125.53915 | AO279: -746.28582 | AP279: =(AP$4+AO279)/AP$4 -> 0.5341887 | AQ279: {=INDEX(AN$9:AN$400,MATCH(MIN(ABS($A279-AN$9:AN$400)),ABS($A279-AN$9:AN$400),0))} -> 129.42431 | AR279: =VLOOKUP(AQ279,AN$9:AP$400,3) -> 0.53848919 | AT279: =$A279*AV$4/$F$1 -> 126.10098 | AZ279: =$A279*BB$4/$F$1 -> 124.12527 | BF279: =$A279*BH$4/$F$1 -> 124.6669 | BG279: -560.63139 | BH279: =(BH$4+BG279)/BH$4 -> 0.64762078 | BI279: {=INDEX(BF$9:BF$400,MATCH(MIN(ABS($A279-BF$9:BF$400)),ABS($A279-BF$9:BF$400),0))} -> 129.4896 | BJ279: =VLOOKUP(BI279,BF$9:BH$400,3) -> 0.64897668 | BL279: =$A279*BN$4/$F$1 -> 124.98873 | BM279: -547.5394 | BN279: =(BN$4+BM279)/BN$4 -> 0.65673577 | BO279: {=INDEX(BL$9:BL$400,MATCH(MIN(ABS($A279-BL$9:BL$400)),ABS($A279-BL$9:BL$400),0))} -> 128.85686 | BP279: =VLOOKUP(BO279,BL$9:BN$400,3) -> 0.65717111 | BR279: =$A279*BT$4/$F$1 -> 124.78054 | BS279: -544.09981 | BT279: =(BT$4+BS279)/BT$4 -> 0.65832298 | BU279: {=INDEX(BR$9:BR$400,MATCH(MIN(ABS($A279-BR$9:BR$400)),ABS($A279-BR$9:BR$400),0))} -> 129.60764 | BV279: =VLOOKUP(BU279,BR$9:BT$400,3) -> 0.65701156
A280: 130.25 | B280: 1 | D280: =A280*$F$4/$F$1 -> 125.29813 | E280: -717.47664 | F280: =(F$4+E280)/F$4 -> 0.54783765 | G280: {=INDEX(D$9:D$400,MATCH(MIN(ABS($A280-D$9:D$400)),ABS($A280-D$9:D$400),0))} -> 130.10804 | H280: =VLOOKUP(G280,D$9:F$400,3) -> 0.54431985 | J280: =$A280*L$4/$F$1 -> 124.54159 | K280: -721.14469 | L280: =(L$4+K280)/L$4 -> 0.54276526 | M280: {=INDEX(J$9:J$400,MATCH(MIN(ABS($A280-J$9:J$400)),ABS($A280-J$9:J$400),0))} -> 130.27863 | N280: =VLOOKUP(M280,J$9:L$400,3) -> 0.53866178 | P280: =$A280*R$4/$F$1 -> 122.98214 | Q280: -766.50492 | R280: =(R$4+Q280)/R$4 -> 0.5078425 | S280: {=INDEX(P$9:P$400,MATCH(MIN(ABS($A280-P$9:P$400)),ABS($A280-P$9:P$400),0))} -> 130.53575 | T280: =VLOOKUP(S280,P$9:R$400,3) -> 0.49986613 | V280: =$A280*X$4/$F$1 -> 126.17237 | W280: -660.24508 | X280: =(X$4+W280)/X$4 -> 0.58678876 | Y280: {=INDEX(V$9:V$400,MATCH(MIN(ABS($A280-V$9:V$400)),ABS($A280-V$9:V$400),0))} -> 130.04714 | Z280: =VLOOKUP(Y280,V$9:X$400,3) -> 0.58449951 | AB280: =$A280*AD$4/$F$1 -> 123.4191 | AC280: -672.1124 | AD280: =(AD$4+AC280)/AD$4 -> 0.56997793 | AE280: {=INDEX(AB$9:AB$400,MATCH(MIN(ABS($A280-AB$9:AB$400)),ABS($A280-AB$9:AB$400),0))} -> 130.05199 | AF280: =VLOOKUP(AE280,AB$9:AD$400,3) -> 0.56564342 | AH280: =$A280*AJ$4/$F$1 -> 125.35374 | AI280: -632.8224 | AJ280: =(AJ$4+AI280)/AJ$4 -> 0.60136469 | AK280: {=INDEX(AH$9:AH$400,MATCH(MIN(ABS($A280-AH$9:AH$400)),ABS($A280-AH$9:AH$400),0))} -> 130.16578 | AL280: =VLOOKUP(AK280,AH$9:AJ$400,3) -> 0.59783635 | AN280: =$A280*AP$4/$F$1 -> 126.51044 | AO280: -748.05651 | AP280: =(AP$4+AO280)/AP$4 -> 0.53308348 | AQ280: {=INDEX(AN$9:AN$400,MATCH(MIN(ABS($A280-AN$9:AN$400)),ABS($A280-AN$9:AN$400),0))} -> 130.3956 | AR280: =VLOOKUP(AQ280,AN$9:AP$400,3) -> 0.53801105 | AT280: =$A280*AV$4/$F$1 -> 127.07661 | AZ280: =$A280*BB$4/$F$1 -> 125.08562 | BF280: =$A280*BH$4/$F$1 -> 125.63144 | BG280: -560.57897 | BH280: =(BH$4+BG280)/BH$4 -> 0.64765373 | BI280: {=INDEX(BF$9:BF$400,MATCH(MIN(ABS($A280-BF$9:BF$400)),ABS($A280-BF$9:BF$400),0))} -> 130.45414 | BJ280: =VLOOKUP(BI280,BF$9:BH$400,3) -> 0.64827856 | BL280: =$A280*BN$4/$F$1 -> 125.95576 | BM280: -549.29477 | BN280: =(BN$4+BM280)/BN$4 -> 0.65563529 | BO280: {=INDEX(BL$9:BL$400,MATCH(MIN(ABS($A280-BL$9:BL$400)),ABS($A280-BL$9:BL$400),0))} -> 129.82389 | BP280: =VLOOKUP(BO280,BL$9:BN$400,3) -> 0.65612315 | BR280: =$A280*BT$4/$F$1 -> 125.74596 | BS280: -542.93392 | BT280: =(BT$4+BS280)/BT$4 -> 0.65905513 | BU280: {=INDEX(BR$9:BR$400,MATCH(MIN(ABS($A280-BR$9:BR$400)),ABS($A280-BR$9:BR$400),0))} -> 130.57306 | BV280: =VLOOKUP(BU280,BR$9:BT$400,3) -> 0.65641372
A281: 131.25 | B281: 1 | D281: =A281*$F$4/$F$1 -> 126.26011 | E281: -718.65346 | F281: =(F$4+E281)/F$4 -> 0.547096 | G281: {=INDEX(D$9:D$400,MATCH(MIN(ABS($A281-D$9:D$400)),ABS($A281-D$9:D$400),0))} -> 131.07002 | H281: =VLOOKUP(G281,D$9:F$400,3) -> 0.54361238 | J281: =$A281*L$4/$F$1 -> 125.49776 | K281: -722.35132 | L281: =(L$4+K281)/L$4 -> 0.5420002 | M281: {=INDEX(J$9:J$400,MATCH(MIN(ABS($A281-J$9:J$400)),ABS($A281-J$9:J$400),0))} -> 131.2348 | N281: =VLOOKUP(M281,J$9:L$400,3) -> 0.53794465 | P281: =$A281*R$4/$F$1 -> 123.92634 | Q281: -768.01996 | R281: =(R$4+Q281)/R$4 -> 0.50686973 | S281: {=INDEX(P$9:P$400,MATCH(MIN(ABS($A281-P$9:P$400)),ABS($A281-P$9:P$400),0))} -> 131.47995 | T281: =VLOOKUP(S281,P$9:R$400,3) -> 0.49885488 | V281: =$A281*X$4/$F$1 -> 127.14106 | W281: -661.15852 | X281: =(X$4+W281)/X$4 -> 0.58621708 | Y281: {=INDEX(V$9:V$400,MATCH(MIN(ABS($A281-V$9:V$400)),ABS($A281-V$9:V$400),0))} -> 131.01584 | Z281: =VLOOKUP(Y281,V$9:X$400,3) -> 0.58397001 | AB281: =$A281*AD$4/$F$1 -> 124.36665 | AC281: -673.07412 | AD281: =(AD$4+AC281)/AD$4 -> 0.56936261 | AE281: {=INDEX(AB$9:AB$400,MATCH(MIN(ABS($A281-AB$9:AB$400)),ABS($A281-AB$9:AB$400),0))} -> 130.99954 | AF281: =VLOOKUP(AE281,AB$9:AD$400,3) -> 0.56508651 | AH281: =$A281*AJ$4/$F$1 -> 126.31615 | AI281: -633.95483 | AJ281: =(AJ$4+AI281)/AJ$4 -> 0.60065134 | AK281: {=INDEX(AH$9:AH$400,MATCH(MIN(ABS($A281-AH$9:AH$400)),ABS($A281-AH$9:AH$400),0))} -> 131.12819 | AL281: =VLOOKUP(AK281,AH$9:AJ$400,3) -> 0.59719258 | AN281: =$A281*AP$4/$F$1 -> 127.48173 | AO281: -739.72148 | AP281: =(AP$4+AO281)/AP$4 -> 0.53828598 | AQ281: {=INDEX(AN$9:AN$400,MATCH(MIN(ABS($A281-AN$9:AN$400)),ABS($A281-AN$9:AN$400),0))} -> 131.36689 | AR281: =VLOOKUP(AQ281,AN$9:AP$400,3) -> 0.53898464 | AT281: =$A281*AV$4/$F$1 -> 128.05225 | AZ281: =$A281*BB$4/$F$1 -> 126.04597 | BF281: =$A281*BH$4/$F$1 -> 126.59598 | BG281: -557.9533 | BH281: =(BH$4+BG281)/BH$4 -> 0.64930407 | BI281: {=INDEX(BF$9:BF$400,MATCH(MIN(ABS($A281-BF$9:BF$400)),ABS($A281-BF$9:BF$400),0))} -> 131.41868 | BJ281: =VLOOKUP(BI281,BF$9:BH$400,3) -> 0.64829438 | BL281: =$A281*BN$4/$F$1 -> 126.92279 | BM281: -549.01317 | BN281: =(BN$4+BM281)/BN$4 -> 0.65581183 | BO281: {=INDEX(BL$9:BL$400,MATCH(MIN(ABS($A281-BL$9:BL$400)),ABS($A281-BL$9:BL$400),0))} -> 130.79092 | BP281: =VLOOKUP(BO281,BL$9:BN$400,3) -> 0.65615982 | BR281: =$A281*BT$4/$F$1 -> 126.71138 | BS281: -547.03643 | BT281: =(BT$4+BS281)/BT$4 -> 0.65647888 | BU281: {=INDEX(BR$9:BR$400,MATCH(MIN(ABS($A281-BR$9:BR$400)),ABS($A281-BR$9:BR$400),0))} -> 131.53848 | BV281: =VLOOKUP(BU281,BR$9:BT$400,3) -> 0.65697275
A282: 132.25 | B282: 1 | D282: =A282*$F$4/$F$1 -> 127.22209 | E282: -719.8075 | F282: =(F$4+E282)/F$4 -> 0.54636871 | G282: {=INDEX(D$9:D$400,MATCH(MIN(ABS($A282-D$9:D$400)),ABS($A282-D$9:D$400),0))} -> 132.032 | H282: =VLOOKUP(G282,D$9:F$400,3) -> 0.54298731 | J282: =$A282*L$4/$F$1 -> 126.45394 | K282: -723.49991 | L282: =(L$4+K282)/L$4 -> 0.54127196 | M282: {=INDEX(J$9:J$400,MATCH(MIN(ABS($A282-J$9:J$400)),ABS($A282-J$9:J$400),0))} -> 132.19098 | N282: =VLOOKUP(M282,J$9:L$400,3) -> 0.53725956 | P282: =$A282*R$4/$F$1 -> 124.87054 | Q282: -769.54026 | R282: =(R$4+Q282)/R$4 -> 0.50589357 | S282: {=INDEX(P$9:P$400,MATCH(MIN(ABS($A282-P$9:P$400)),ABS($A282-P$9:P$400),0))} -> 132.42415 | T282: =VLOOKUP(S282,P$9:R$400,3) -> 0.49801238 | V282: =$A282*X$4/$F$1 -> 128.10976 | W282: -661.94453 | X282: =(X$4+W282)/X$4 -> 0.58572516 | Y282: {=INDEX(V$9:V$400,MATCH(MIN(ABS($A282-V$9:V$400)),ABS($A282-V$9:V$400),0))} -> 131.98453 | Z282: =VLOOKUP(Y282,V$9:X$400,3) -> 0.58344117 | AB282: =$A282*AD$4/$F$1 -> 125.31421 | AC282: -674.06459 | AD282: =(AD$4+AC282)/AD$4 -> 0.5687289 | AE282: {=INDEX(AB$9:AB$400,MATCH(MIN(ABS($A282-AB$9:AB$400)),ABS($A282-AB$9:AB$400),0))} -> 131.9471 | AF282: =VLOOKUP(AE282,AB$9:AD$400,3) -> 0.56452112 | AH282: =$A282*AJ$4/$F$1 -> 127.27856 | AI282: -635.00322 | AJ282: =(AJ$4+AI282)/AJ$4 -> 0.59999092 | AK282: {=INDEX(AH$9:AH$400,MATCH(MIN(ABS($A282-AH$9:AH$400)),ABS($A282-AH$9:AH$400),0))} -> 132.0906 | AL282: =VLOOKUP(AK282,AH$9:AJ$400,3) -> 0.59650786 | AN282: =$A282*AP$4/$F$1 -> 128.45302 | AO282: -739.5587 | AP282: =(AP$4+AO282)/AP$4 -> 0.53838758 | AQ282: {=INDEX(AN$9:AN$400,MATCH(MIN(ABS($A282-AN$9:AN$400)),ABS($A282-AN$9:AN$400),0))} -> 132.33818 | AR282: =VLOOKUP(AQ282,AN$9:AP$400,3) -> 0.53573101 | AT282: =$A282*AV$4/$F$1 -> 129.02788 | AZ282: =$A282*BB$4/$F$1 -> 127.00632 | BF282: =$A282*BH$4/$F$1 -> 127.56052 | BG282: -558.29208 | BH282: =(BH$4+BG282)/BH$4 -> 0.64909113 | BI282: {=INDEX(BF$9:BF$400,MATCH(MIN(ABS($A282-BF$9:BF$400)),ABS($A282-BF$9:BF$400),0))} -> 132.38322 | BJ282: =VLOOKUP(BI282,BF$9:BH$400,3) -> 0.64937771 | BL282: =$A282*BN$4/$F$1 -> 127.88982 | BM282: -548.48315 | BN282: =(BN$4+BM282)/BN$4 -> 0.65614411 | BO282: {=INDEX(BL$9:BL$400,MATCH(MIN(ABS($A282-BL$9:BL$400)),ABS($A282-BL$9:BL$400),0))} -> 132.72498 | BP282: =VLOOKUP(BO282,BL$9:BN$400,3) -> 0.65456139 | BR282: =$A282*BT$4/$F$1 -> 127.6768 | BS282: -550.13282 | BT282: =(BT$4+BS282)/BT$4 -> 0.65453445 | BU282: {=INDEX(BR$9:BR$400,MATCH(MIN(ABS($A282-BR$9:BR$400)),ABS($A282-BR$9:BR$400),0))} -> 132.5039 | BV282: =VLOOKUP(BU282,BR$9:BT$400,3) -> 0.65633315
A283: 133.25 | B283: 1 | D283: =A283*$F$4/$F$1 -> 128.18407 | E283: -720.97036 | F283: =(F$4+E283)/F$4 -> 0.54563586 | G283: {=INDEX(D$9:D$400,MATCH(MIN(ABS($A283-D$9:D$400)),ABS($A283-D$9:D$400),0))} -> 132.99398 | H283: =VLOOKUP(G283,D$9:F$400,3) -> 0.54234771 | J283: =$A283*L$4/$F$1 -> 127.41011 | K283: -724.5508 | L283: =(L$4+K283)/L$4 -> 0.54060565 | M283: {=INDEX(J$9:J$400,MATCH(MIN(ABS($A283-J$9:J$400)),ABS($A283-J$9:J$400),0))} -> 133.14715 | N283: =VLOOKUP(M283,J$9:L$400,3) -> 0.53662446 | P283: =$A283*R$4/$F$1 -> 125.81475 | Q283: -771.26633 | R283: =(R$4+Q283)/R$4 -> 0.5047853 | S283: {=INDEX(P$9:P$400,MATCH(MIN(ABS($A283-P$9:P$400)),ABS($A283-P$9:P$400),0))} -> 133.36835 | T283: =VLOOKUP(S283,P$9:R$400,3) -> 0.49701688 | V283: =$A283*X$4/$F$1 -> 129.07845 | W283: -662.79141 | X283: =(X$4+W283)/X$4 -> 0.58519515 | Y283: {=INDEX(V$9:V$400,MATCH(MIN(ABS($A283-V$9:V$400)),ABS($A283-V$9:V$400),0))} -> 132.95323 | Z283: =VLOOKUP(Y283,V$9:X$400,3) -> 0.58287137 | AB283: =$A283*AD$4/$F$1 -> 126.26177 | AC283: -675.0704 | AD283: =(AD$4+AC283)/AD$4 -> 0.56808538 | AE283: {=INDEX(AB$9:AB$400,MATCH(MIN(ABS($A283-AB$9:AB$400)),ABS($A283-AB$9:AB$400),0))} -> 132.89465 | AF283: =VLOOKUP(AE283,AB$9:AD$400,3) -> 0.56390944 | AH283: =$A283*AJ$4/$F$1 -> 128.24097 | AI283: -636.14141 | AJ283: =(AJ$4+AI283)/AJ$4 -> 0.59927394 | AK283: {=INDEX(AH$9:AH$400,MATCH(MIN(ABS($A283-AH$9:AH$400)),ABS($A283-AH$9:AH$400),0))} -> 133.05301 | AL283: =VLOOKUP(AK283,AH$9:AJ$400,3) -> 0.59584421 | AN283: =$A283*AP$4/$F$1 -> 129.42431 | AO283: -739.39592 | AP283: =(AP$4+AO283)/AP$4 -> 0.53848919 | AQ283: {=INDEX(AN$9:AN$400,MATCH(MIN(ABS($A283-AN$9:AN$400)),ABS($A283-AN$9:AN$400),0))} -> 133.30947 | AR283: =VLOOKUP(AQ283,AN$9:AP$400,3) -> 0.5351659 | AT283: =$A283*AV$4/$F$1 -> 130.00352 | AZ283: =$A283*BB$4/$F$1 -> 127.96667 | BF283: =$A283*BH$4/$F$1 -> 128.52506 | BG283: -560.12416 | BH283: =(BH$4+BG283)/BH$4 -> 0.64793959 | BI283: {=INDEX(BF$9:BF$400,MATCH(MIN(ABS($A283-BF$9:BF$400)),ABS($A283-BF$9:BF$400),0))} -> 133.34777 | BJ283: =VLOOKUP(BI283,BF$9:BH$400,3) -> 0.64655591 | BL283: =$A283*BN$4/$F$1 -> 128.85686 | BM283: -546.845 | BN283: =(BN$4+BM283)/BN$4 -> 0.65717111 | BO283: {=INDEX(BL$9:BL$400,MATCH(MIN(ABS($A283-BL$9:BL$400)),ABS($A283-BL$9:BL$400),0))} -> 133.69201 | BP283: =VLOOKUP(BO283,BL$9:BN$400,3) -> 0.65581026 | BR283: =$A283*BT$4/$F$1 -> 128.64222 | BS283: -545.23616 | BT283: =(BT$4+BS283)/BT$4 -> 0.6576094 | BU283: {=INDEX(BR$9:BR$400,MATCH(MIN(ABS($A283-BR$9:BR$400)),ABS($A283-BR$9:BR$400),0))} -> 133.46932 | BV283: =VLOOKUP(BU283,BR$9:BT$400,3) -> 0.65569355
... A286: 136.25 | B286: 1 | D286: =A286*$F$4/$F$1 -> 131.07002 | E286: -724.18116 | F286: =(F$4+E286)/F$4 -> 0.54361238 | G286: {=INDEX(D$9:D$400,MATCH(MIN(ABS($A286-D$9:D$400)),ABS($A286-D$9:D$400),0))} -> 135.87993 | H286: =VLOOKUP(G286,D$9:F$400,3) -> 0.54031661 | J286: =$A286*L$4/$F$1 -> 130.27863 | K286: -727.61664 | L286: =(L$4+K286)/L$4 -> 0.53866178 | M286: {=INDEX(J$9:J$400,MATCH(MIN(ABS($A286-J$9:J$400)),ABS($A286-J$9:J$400),0))} -> 136.01567 | N286: =VLOOKUP(M286,J$9:L$400,3) -> 0.53476394 | P286: =$A286*R$4/$F$1 -> 128.64735 | Q286: -775.87507 | R286: =(R$4+Q286)/R$4 -> 0.50182612 | S286: {=INDEX(P$9:P$400,MATCH(MIN(ABS($A286-P$9:P$400)),ABS($A286-P$9:P$400),0))} -> 134.31255 | T286: =VLOOKUP(S286,P$9:R$400,3) -> 0.49606232 | V286: =$A286*X$4/$F$1 -> 131.98453 | W286: -665.59399 | X286: =(X$4+W286)/X$4 -> 0.58344117 | Y286: {=INDEX(V$9:V$400,MATCH(MIN(ABS($A286-V$9:V$400)),ABS($A286-V$9:V$400),0))} -> 135.85931 | Z286: =VLOOKUP(Y286,V$9:X$400,3) -> 0.58130567 | AB286: =$A286*AD$4/$F$1 -> 129.10443 | AC286: -677.91518 | AD286: =(AD$4+AC286)/AD$4 -> 0.56626527 | AE286: {=INDEX(AB$9:AB$400,MATCH(MIN(ABS($A286-AB$9:AB$400)),ABS($A286-AB$9:AB$400),0))} -> 135.73732 | AF286: =VLOOKUP(AE286,AB$9:AD$400,3) -> 0.5622171 | AH286: =$A286*AJ$4/$F$1 -> 131.12819 | AI286: -639.44552 | AJ286: =(AJ$4+AI286)/AJ$4 -> 0.59719258 | AK286: {=INDEX(AH$9:AH$400,MATCH(MIN(ABS($A286-AH$9:AH$400)),ABS($A286-AH$9:AH$400),0))} -> 135.94024 | AL286: =VLOOKUP(AK286,AH$9:AJ$400,3) -> 0.59383551 | AN286: =$A286*AP$4/$F$1 -> 132.33818 | AO286: -743.81485 | AP286: =(AP$4+AO286)/AP$4 -> 0.53573101 | AQ286: {=INDEX(AN$9:AN$400,MATCH(MIN(ABS($A286-AN$9:AN$400)),ABS($A286-AN$9:AN$400),0))} -> 136.22334 | AR286: =VLOOKUP(AQ286,AN$9:AP$400,3) -> 0.53700353 | AT286: =$A286*AV$4/$F$1 -> 132.93043 | AZ286: =$A286*BB$4/$F$1 -> 130.84772 | BF286: =$A286*BH$4/$F$1 -> 131.41868 | BG286: -559.5597 | BH286: =(BH$4+BG286)/BH$4 -> 0.64829438 | BI286: {=INDEX(BF$9:BF$400,MATCH(MIN(ABS($A286-BF$9:BF$400)),ABS($A286-BF$9:BF$400),0))} -> 136.24139 | BJ286: =VLOOKUP(BI286,BF$9:BH$400,3) -> 0.64859709 | BL286: =$A286*BN$4/$F$1 -> 131.75795 | BM286: -548.75135 | BN286: =(BN$4+BM286)/BN$4 -> 0.65597597 | BO286: {=INDEX(BL$9:BL$400,MATCH(MIN(ABS($A286-BL$9:BL$400)),ABS($A286-BL$9:BL$400),0))} -> 136.5931 | BP286: =VLOOKUP(BO286,BL$9:BN$400,3) -> 0.65546385 | BR286: =$A286*BT$4/$F$1 -> 131.53848 | BS286: -546.24998 | BT286: =(BT$4+BS286)/BT$4 -> 0.65697275 | BU286: {=INDEX(BR$9:BR$400,MATCH(MIN(ABS($A286-BR$9:BR$400)),ABS($A286-BR$9:BR$400),0))} -> 136.36558 | BV286: =VLOOKUP(BU286,BR$9:BT$400,3) -> 0.65502969
A287: 137.25 | B287: 1 | D287: =A287*$F$4/$F$1 -> 132.032 | E287: -725.173 | F287: =(F$4+E287)/F$4 -> 0.54298731 | G287: {=INDEX(D$9:D$400,MATCH(MIN(ABS($A287-D$9:D$400)),ABS($A287-D$9:D$400),0))} -> 136.84191 | H287: =VLOOKUP(G287,D$9:F$400,3) -> 0.53965334 | J287: =$A287*L$4/$F$1 -> 131.2348 | K287: -728.74769 | L287: =(L$4+K287)/L$4 -> 0.53794465 | M287: {=INDEX(J$9:J$400,MATCH(MIN(ABS($A287-J$9:J$400)),ABS($A287-J$9:J$400),0))} -> 136.01567 | N287: =VLOOKUP(M287,J$9:L$400,3) -> 0.53476394 | P287: =$A287*R$4/$F$1 -> 129.59155 | Q287: -777.4913 | R287: =(R$4+Q287)/R$4 -> 0.50078837 | S287: {=INDEX(P$9:P$400,MATCH(MIN(ABS($A287-P$9:P$400)),ABS($A287-P$9:P$400),0))} -> 134.31255 | T287: =VLOOKUP(S287,P$9:R$400,3) -> 0.49606232 | V287: =$A287*X$4/$F$1 -> 132.95323 | W287: -666.50443 | X287: =(X$4+W287)/X$4 -> 0.58287137 | Y287: {=INDEX(V$9:V$400,MATCH(MIN(ABS($A287-V$9:V$400)),ABS($A287-V$9:V$400),0))} -> 136.828 | Z287: =VLOOKUP(Y287,V$9:X$400,3) -> 0.58069841 | AB287: =$A287*AD$4/$F$1 -> 130.05199 | AC287: -678.88711 | AD287: =(AD$4+AC287)/AD$4 -> 0.56564342 | AE287: {=INDEX(AB$9:AB$400,MATCH(MIN(ABS($A287-AB$9:AB$400)),ABS($A287-AB$9:AB$400),0))} -> 136.9215 | AF287: =VLOOKUP(AE287,AB$9:AD$400,3) -> 0.56158479 | AH287: =$A287*AJ$4/$F$1 -> 132.0906 | AI287: -640.53248 | AJ287: =(AJ$4+AI287)/AJ$4 -> 0.59650786 | AK287: {=INDEX(AH$9:AH$400,MATCH(MIN(ABS($A287-AH$9:AH$400)),ABS($A287-AH$9:AH$400),0))} -> 136.90265 | AL287: =VLOOKUP(AK287,AH$9:AJ$400,3) -> 0.59318934 | AN287: =$A287*AP$4/$F$1 -> 133.30947 | AO287: -744.72022 | AP287: =(AP$4+AO287)/AP$4 -> 0.5351659 | AQ287: {=INDEX(AN$9:AN$400,MATCH(MIN(ABS($A287-AN$9:AN$400)),ABS($A287-AN$9:AN$400),0))} -> 137.19463 | AR287: =VLOOKUP(AQ287,AN$9:AP$400,3) -> 0.53577214 | AT287: =$A287*AV$4/$F$1 -> 133.90606 | AZ287: =$A287*BB$4/$F$1 -> 131.80807 | BF287: =$A287*BH$4/$F$1 -> 132.38322 | BG287: -557.83614 | BH287: =(BH$4+BG287)/BH$4 -> 0.64937771 | BI287: {=INDEX(BF$9:BF$400,MATCH(MIN(ABS($A287-BF$9:BF$400)),ABS($A287-BF$9:BF$400),0))} -> 137.20593 | BJ287: =VLOOKUP(BI287,BF$9:BH$400,3) -> 0.64832288 | BL287: =$A287*BN$4/$F$1 -> 132.72498 | BM287: -551.00776 | BN287: =(BN$4+BM287)/BN$4 -> 0.65456139 | BO287: {=INDEX(BL$9:BL$400,MATCH(MIN(ABS($A287-BL$9:BL$400)),ABS($A287-BL$9:BL$400),0))} -> 137.56013 | BP287: =VLOOKUP(BO287,BL$9:BN$400,3) -> 0.65603961 | BR287: =$A287*BT$4/$F$1 -> 132.5039 | BS287: -547.2685 | BT287: =(BT$4+BS287)/BT$4 -> 0.65633315
A288: 138.25 | B288: 1 | D288: =A288*$F$4/$F$1 -> 132.99398 | E288: -726.18789 | F288: =(F$4+E288)/F$4 -> 0.54234771 | J288: =$A288*L$4/$F$1 -> 132.19098 | K288: -729.8282 | L288: =(L$4+K288)/L$4 -> 0.53725956 | P288: =$A288*R$4/$F$1 -> 130.53575 | Q288: -778.92763 | R288: =(R$4+Q288)/R$4 -> 0.49986613 | V288: =$A288*X$4/$F$1 -> 133.92192 | W288: -667.45889 | X288: =(X$4+W288)/X$4 -> 0.58227403 | AB288: =$A288*AD$4/$F$1 -> 130.99954 | AC288: -679.75754 | AD288: =(AD$4+AC288)/AD$4 -> 0.56508651 | AH288: =$A288*AJ$4/$F$1 -> 133.05301 | AI288: -641.58601 | AJ288: =(AJ$4+AI288)/AJ$4 -> 0.59584421 | AN288: =$A288*AP$4/$F$1 -> 134.28076 | AO288: -742.30996 | AP288: =(AP$4+AO288)/AP$4 -> 0.53667032 | AT288: =$A288*AV$4/$F$1 -> 134.8817 | AZ288: =$A288*BB$4/$F$1 -> 132.76842 | BF288: =$A288*BH$4/$F$1 -> 133.34777 | BG288: -562.32558 | BH288: =(BH$4+BG288)/BH$4 -> 0.64655591 | BL288: =$A288*BN$4/$F$1 -> 133.69201 | BM288: -549.01567 | BN288: =(BN$4+BM288)/BN$4 -> 0.65581026 | BR288: =$A288*BT$4/$F$1 -> 133.46932 | BS288: -548.28702 | BT288: =(BT$4+BS288)/BT$4 -> 0.65569355
A289: 139.25 | B289: 1 | D289: =A289*$F$4/$F$1 -> 133.95596 | E289: -727.44105 | F289: =(F$4+E289)/F$4 -> 0.54155795 | J289: =$A289*L$4/$F$1 -> 133.14715 | K289: -730.82988 | L289: =(L$4+K289)/L$4 -> 0.53662446 | P289: =$A289*R$4/$F$1 -> 131.47995 | Q289: -780.50259 | R289: =(R$4+Q289)/R$4 -> 0.49885488 | V289: =$A289*X$4/$F$1 -> 134.89061 | W289: -668.26387 | X289: =(X$4+W289)/X$4 -> 0.58177023 | AB289: =$A289*AD$4/$F$1 -> 131.9471 | AC289: -680.64124 | AD289: =(AD$4+AC289)/AD$4 -> 0.56452112 | AH289: =$A289*AJ$4/$F$1 -> 134.01542 | AI289: -642.57522 | AJ289: =(AJ$4+AI289)/AJ$4 -> 0.59522108 | AN289: =$A289*AP$4/$F$1 -> 135.25205 | AO289: -744.45965 | AP289: =(AP$4+AO289)/AP$4 -> 0.53532854 | AT289: =$A289*AV$4/$F$1 -> 135.85734 | AZ289: =$A289*BB$4/$F$1 -> 133.72877 | BF289: =$A289*BH$4/$F$1 -> 134.31231 | BG289: -560.54948 | BH289: =(BH$4+BG289)/BH$4 -> 0.64767226 | BL289: =$A289*BN$4/$F$1 -> 134.65904 | BM289: -549.52973 | BN289: =(BN$4+BM289)/BN$4 -> 0.65548799 | BR289: =$A289*BT$4/$F$1 -> 134.43474 | BS289: -544.75987 | BT289: =(BT$4+BS289)/BT$4 -> 0.65790849
A290: 140.25 | B290: 1 | D290: =A290*$F$4/$F$1 -> 134.91794 | E290: -728.46803 | F290: =(F$4+E290)/F$4 -> 0.54091074 | J290: =$A290*L$4/$F$1 -> 134.10332 | K290: -731.87126 | L290: =(L$4+K290)/L$4 -> 0.53596418 | P290: =$A290*R$4/$F$1 -> 132.42415 | Q290: -781.81474 | R290: =(R$4+Q290)/R$4 -> 0.49801238 | V290: =$A290*X$4/$F$1 -> 135.85931 | W290: -669.00618 | X290: =(X$4+W290)/X$4 -> 0.58130567 | AB290: =$A290*AD$4/$F$1 -> 132.89465 | AC290: -681.59726 | AD290: =(AD$4+AC290)/AD$4 -> 0.56390944 | AH290: =$A290*AJ$4/$F$1 -> 134.97783 | AI290: -643.726 | AJ290: =(AJ$4+AI290)/AJ$4 -> 0.59449617 | AN290: =$A290*AP$4/$F$1 -> 136.22334 | AO290: -741.77612 | AP290: =(AP$4+AO290)/AP$4 -> 0.53700353 | AT290: =$A290*AV$4/$F$1 -> 136.83297 | AZ290: =$A290*BB$4/$F$1 -> 134.68912 | BF290: =$A290*BH$4/$F$1 -> 135.27685 | BG290: -561.36755 | BH290: =(BH$4+BG290)/BH$4 -> 0.64715807 | BL290: =$A290*BN$4/$F$1 -> 135.62607 | BM290: -548.22403 | BN290: =(BN$4+BM290)/BN$4 -> 0.65630656 | BR290: =$A290*BT$4/$F$1 -> 135.40016 | BS290: -547.05202 | BT290: =(BT$4+BS290)/BT$4 -> 0.65646909
