Workbook

Sheet Marine Impeller
A1: Marine Impeller | G1: 27 | H1: 24 | I1: 25
G2: 46 | H2: 50 | I2: 56
B4: 15 minutes mixing | O4: 30 minutes mixing | AB4: 45 minutes mixing
B5: Series 1 | E5: Series 2 | H5: Series 3 | K5: Across Series | O5: Series 1 | R5: Series 2 | U5: Series 3 | X5: Across Series | AB5: Series 1 | AE5: Series 2 | AH5: Series 3 | AK5: Across Series
B6: Time | C6: Average | D6: St. Dev. | E6: Time | F6: Average | G6: St. Dev. | H6: Time | I6: Average | J6: St. Dev. | K6: Time | L6: Average | M6: St. Dev. | O6: Time | P6: Average | Q6: St. Dev. | R6: Time | S6: Average | T6: St. Dev. | U6: Time | V6: Average | W6: St. Dev. | X6: Time | Y6: Average | Z6: St. Dev. | AB6: Time | AC6: Average | AD6: St. Dev. | AE6: Time | AF6: Average | AG6: St. Dev. | AH6: Time | AI6: Average | AJ6: St. Dev. | AK6: Time | AL6: Average | AM6: St. Dev.
A7: Settlement | D7: =AVERAGE(D15:D26) -> 0.011131965 | G7: =AVERAGE(G15:G26) -> 0.0050781379 | J7: =AVERAGE(J15:J26) -> 0.00072806497 | M7: =AVERAGE(M15:M26) -> 0.012504824 | Q7: =AVERAGE(Q15:Q23) -> 0.0019105889 | T7: =AVERAGE(T15:T23) -> 0.0004224556 | W7: =AVERAGE(W15:W23) -> 0.0025264763 | Z7: =AVERAGE(Z15:Z23) -> 0.0077638601 | AD7: =AVERAGE(AD15:AD24) -> 0.0030582171 | AG7: =AVERAGE(AG15:AG24) -> 0.0043521615 | AJ7: =AVERAGE(AJ15:AJ24) -> 0.0014737049 | AM7: =AVERAGE(AM15:AM24) -> 0.0041203561
A8: Hindered Settling | D8: =AVERAGE(D27:D45) -> 0.0078654711 | G8: =AVERAGE(G27:G45) -> 0.0054964058 | J8: =AVERAGE(J27:J45) -> 0.003530669 | M8: =AVERAGE(M27:M45) -> 0.019089054 | Q8: =AVERAGE(Q24:Q49) -> 0.019179601 | T8: =AVERAGE(T24:T49) -> 0.020396921 | W8: =AVERAGE(W24:W49) -> 0.0042009176 | Z8: =AVERAGE(Z24:Z49) -> 0.018837773 | AD8: =AVERAGE(AD25:AD55) -> 0.0065345494 | AG8: =AVERAGE(AG25:AG55) -> 0.0095623918 | AJ8: =AVERAGE(AJ25:AJ55) -> 0.0066774361 | AM8: =AVERAGE(AM25:AM55) -> 0.012593483
A9: Consolidation | D9: =AVERAGE(D46:D178) -> 0.0086541146 | G9: =AVERAGE(G46:G178) -> 0.0069906713 | J9: =AVERAGE(J46:J178) -> 0.0042197479 | M9: =AVERAGE(M46:M178) -> 0.021619244 | Q9: =AVERAGE(Q50:Q178) -> 0.019638814 | T9: =AVERAGE(T50:T178) -> 0.02153587 | W9: =AVERAGE(W50:W178) -> 0.0034411541 | Z9: =AVERAGE(Z50:Z178) -> 0.018414779 | AD9: =AVERAGE(AD56:AD178) -> 0.0086482941 | AG9: =AVERAGE(AG56:AG178) -> 0.0094988656 | AJ9: =AVERAGE(AJ56:AJ178) -> 0.0068728438 | AM9: =AVERAGE(AM56:AM178) -> 0.013338061
M11: ='[1]MA 15'!$BU$4 -> 1665.8502 | Z11: ='[1]MA 30'!$BU$4 -> 1661.4437 | AM11: ='[1]MA 45'!$BU$4 -> 1655.5838 | BB11: Settling Phase | BK11: Consolidation Phase
B12: 15 minutes mixing | O12: 30 minutes mixing | AB12: 45 minutes mixing | BB12: 15 min | BE12: 30 min | BH12: 45 min | BK12: 15 min - Power law | BO12: 30 min - Power law | BS12: 45 min - Power law
A13: Time | B13: Series 1 | E13: Series 2 | H13: Series 3 | K13: Across Series | O13: Series 1 | R13: Series 2 | U13: Series 3 | X13: Across Series | AB13: Series 1 | AE13: Series 2 | AH13: Series 3 | AK13: Across Series | BB13: Settle | BC13: Delta | BE13: Settle | BF13: Delta | BH13: Settle | BI13: Delta | BK13: Data | BL13: EQ | BM13: Delta | BO13: Data | BP13: EQ | BQ13: Delta | BS13: Data | BT13: EQ | BU13: Delta
A14: [hrs] | B14: Time | C14: Average | D14: St. Dev. | E14: Time | F14: Average | G14: St. Dev. | H14: Time | I14: Average | J14: St. Dev. | K14: Time | L14: Average | M14: St. Dev. | O14: Time | P14: Average | Q14: St. Dev. | R14: Time | S14: Average | T14: St. Dev. | U14: Time | V14: Average | W14: St. Dev. | X14: Time | Y14: Average | Z14: St. Dev. | AB14: Time | AC14: Average | AD14: St. Dev. | AE14: Time | AF14: Average | AG14: St. Dev. | AH14: Time | AI14: Average | AJ14: St. Dev. | AK14: Time | AL14: Average | AM14: St. Dev.
A15: 0.24972222 | B15: ='[1]MA 15'!BX9 -> 0.25263648 | C15: ='[1]MA 15'!BY9 -> 0.97909086 | D15: ='[1]MA 15'!BZ9 -> 0.0088174765 | E15: ='[1]MA 15'!CC9 -> 0.25167384 | F15: ='[1]MA 15'!CD9 -> 0.99012297 | G15: ='[1]MA 15'!CE9 -> 0.0044220341 | H15: ='[1]MA 15'!CH9 -> 0.25229233 | I15: ='[1]MA 15'!CI9 -> 0.98765479 | J15: ='[1]MA 15'!CJ9 -> 0.00042771893 | K15: ='[1]MA 15'!BS9 -> 0.25220089 | L15: ='[1]MA 15'!BT9 -> 0.98562287 | M15: ='[1]MA 15'!BU9 -> 0.0074056728 | O15: ='[1]MA 30'!BX9 -> 0.25123201 | P15: ='[1]MA 30'!BY9 -> 0.98590941 | Q15: ='[1]MA 30'!BZ9 -> 0.0011289204 | R15: ='[1]MA 30'!CC9 -> 0.25319956 | S15: ='[1]MA 30'!CD9 -> 0.9831127 | T15: ='[1]MA 30'!CE9 -> 0.00014244551 | U15: ='[1]MA 30'!CH9 -> 0.25016976 | V15: ='[1]MA 30'!CI9 -> 0.9906167 | W15: ='[1]MA 30'!CJ9 -> 0.0016486052 | X15: ='[1]MA 30'!BS9 -> 0.25153378 | Y15: ='[1]MA 30'!BT9 -> 0.98654627 | Z15: ='[1]MA 30'!BU9 -> 0.0033053515 | AB15: ='[1]MA 45'!BX9 -> 0.25144741 | AC15: ='[1]MA 45'!BY9 -> 0.98683452 | AD15: ='[1]MA 45'!BZ9 -> 0.00057581037 | AE15: ='[1]MA 45'!CC9 -> 0.25134697 | AF15: ='[1]MA 45'!CD9 -> 0.99001855 | AG15: ='[1]MA 45'!CE9 -> 0.0035784932 | AH15: ='[1]MA 45'!CH9 -> 0.24914546 | AI15: ='[1]MA 45'!CI9 -> 0.99045016 | AJ15: ='[1]MA 45'!CJ9 -> 0.00084011206 | AK15: ='[1]MA 45'!BS9 -> 0.25064662 | AL15: ='[1]MA 45'!BT9 -> 0.98910108 | AM15: ='[1]MA 45'!BU9 -> 0.0026858891 | BB15: =-0.0628*A15 + 1.0018 -> 0.98611744 | BC15: =(BB15-L15)*100 -> 0.04945711 | BE15: =-0.0657*A15 + 1.0023 -> 0.98589325 | BF15: =(BE15-Y15)*100 -> -0.065301852 | BH15: =-0.0645*A15 + 1.0053 -> 0.98919292 | BI15: =(BH15-AL15)*100 -> 0.0091840965 | BK15: =L15 -> 0.98562287 | BL15: =0.8243*A15^(-0.083) -> 0.92490335 | BM15: =(BK15-BL15)*100 -> 6.0719522 | BO15: =Y15 -> 0.98654627 | BP15: =0.8574*A15^(-0.085) -> 0.9647163 | BQ15: =(BO15-BP15)*100 -> 2.1829965 | BS15: =AL15 -> 0.98910108 | BT15: =0.8819*A15^(-0.087) -> 0.99504006 | BU15: =(BS15-BT15)*100 -> -0.59389874
A16: 0.5 | B16: ='[1]MA 15'!BX10 -> 0.505835 | C16: ='[1]MA 15'!BY10 -> 0.96444698 | D16: ='[1]MA 15'!BZ10 -> 0.009770666 | E16: ='[1]MA 15'!CC10 -> 0.50390759 | F16: ='[1]MA 15'!CD10 -> 0.97358277 | G16: ='[1]MA 15'!CE10 -> 0.0057474586 | H16: ='[1]MA 15'!CH10 -> 0.50514593 | I16: ='[1]MA 15'!CI10 -> 0.97467717 | J16: ='[1]MA 15'!CJ10 -> 0.00065049397 | K16: ='[1]MA 15'!BS10 -> 0.50496284 | L16: ='[1]MA 15'!BT10 -> 0.97090231 | M16: ='[1]MA 15'!BU10 -> 0.0080005845 | O16: ='[1]MA 30'!BX10 -> 0.50302294 | P16: ='[1]MA 30'!BY10 -> 0.96901253 | Q16: ='[1]MA 30'!BZ10 -> 0.0014428325 | R16: ='[1]MA 30'!CC10 -> 0.50696241 | S16: ='[1]MA 30'!CD10 -> 0.96492174 | T16: ='[1]MA 30'!CE10 -> 0.00038544791 | U16: ='[1]MA 30'!CH10 -> 0.50089607 | V16: ='[1]MA 30'!CI10 -> 0.97680472 | W16: ='[1]MA 30'!CJ10 -> 0.0023309398 | X16: ='[1]MA 30'!BS10 -> 0.50362714 | Y16: ='[1]MA 30'!BT10 -> 0.97024633 | Z16: ='[1]MA 30'!BU10 -> 0.0051816855 | AB16: ='[1]MA 45'!BX10 -> 0.50345422 | AC16: ='[1]MA 45'!BY10 -> 0.97011383 | AD16: ='[1]MA 45'!BZ10 -> 0.0013545503 | AE16: ='[1]MA 45'!CC10 -> 0.50325312 | AF16: ='[1]MA 45'!CD10 -> 0.9763445 | AG16: ='[1]MA 45'!CE10 -> 0.0060986863 | AH16: ='[1]MA 45'!CH10 -> 0.49884519 | AI16: ='[1]MA 45'!CI10 -> 0.97670617 | AJ16: ='[1]MA 45'!CJ10 -> 0.00136155 | AK16: ='[1]MA 45'!BS10 -> 0.50185084 | AL16: ='[1]MA 45'!BT10 -> 0.97438817 | AM16: ='[1]MA 45'!BU10 -> 0.0047732925 | BB16: =-0.0628*A16 + 1.0018 -> 0.9704 | BC16: =(BB16-L16)*100 -> -0.050231159 | BE16: =-0.0657*A16 + 1.0023 -> 0.96945 | BF16: =(BE16-Y16)*100 -> -0.079633126 | BH16: =-0.0645*A16 + 1.0053 -> 0.97305 | BI16: =(BH16-AL16)*100 -> -0.13381658 | BK16: =L16 -> 0.97090231 | BL16: =0.8243*A16^(-0.083) -> 0.87311367 | BM16: =(BK16-BL16)*100 -> 9.7788638 | BO16: =Y16 -> 0.97024633 | BP16: =0.8574*A16^(-0.085) -> 0.90943367 | BQ16: =(BO16-BP16)*100 -> 6.0812662 | BS16: =AL16 -> 0.97438817 | BT16: =0.8819*A16^(-0.087) -> 0.93671819 | BU16: =(BS16-BT16)*100 -> 3.7669979
A17: 0.75 | B17: ='[1]MA 15'!BX11 -> 0.7587525 | C17: ='[1]MA 15'!BY11 -> 0.94939963 | D17: ='[1]MA 15'!BZ11 -> 0.010738338 | E17: ='[1]MA 15'!CC11 -> 0.75586138 | F17: ='[1]MA 15'!CD11 -> 0.95515429 | G17: ='[1]MA 15'!CE11 -> 0.0061228176 | H17: ='[1]MA 15'!CH11 -> 0.7577189 | I17: ='[1]MA 15'!CI11 -> 0.96174219 | J17: ='[1]MA 15'!CJ11 -> 0.00053531268 | K17: ='[1]MA 15'!BS11 -> 0.75744426 | L17: ='[1]MA 15'!BT11 -> 0.95543203 | M17: ='[1]MA 15'!BU11 -> 0.0087439989 | O17: ='[1]MA 30'!BX11 -> 0.75453441 | P17: ='[1]MA 30'!BY11 -> 0.95278998 | Q17: ='[1]MA 30'!BZ11 -> 0.0021595896 | R17: ='[1]MA 30'!CC11 -> 0.76044361 | S17: ='[1]MA 30'!CD11 -> 0.94616043 | T17: ='[1]MA 30'!CE11 -> 0.00046858207 | U17: ='[1]MA 30'!CH11 -> 0.75134411 | V17: ='[1]MA 30'!CI11 -> 0.96047986 | W17: ='[1]MA 30'!CJ11 -> 0.0027492757 | X17: ='[1]MA 30'!BS11 -> 0.75544071 | Y17: ='[1]MA 30'!BT11 -> 0.95314342 | Z17: ='[1]MA 30'!BU11 -> 0.0061954927 | AB17: ='[1]MA 45'!BX11 -> 0.75518134 | AC17: ='[1]MA 45'!BY11 -> 0.95326893 | AD17: ='[1]MA 45'!BZ11 -> 0.0020872559 | AE17: ='[1]MA 45'!CC11 -> 0.75487967 | AF17: ='[1]MA 45'!CD11 -> 0.9589823 | AG17: ='[1]MA 45'!CE11 -> 0.0057034844 | AH17: ='[1]MA 45'!CH11 -> 0.74826779 | AI17: ='[1]MA 45'!CI11 -> 0.96063089 | AJ17: ='[1]MA 45'!CJ11 -> 0.0017173037 | AK17: ='[1]MA 45'!BS11 -> 0.75277627 | AL17: ='[1]MA 45'!BT11 -> 0.95762737 | AM17: ='[1]MA 45'!BU11 -> 0.0048196974 | BB17: =-0.0628*A17 + 1.0018 -> 0.9547 | BC17: =(BB17-L17)*100 -> -0.073203442 | BE17: =-0.0657*A17 + 1.0023 -> 0.953025 | BF17: =(BE17-Y17)*100 -> -0.011842476 | BH17: =-0.0645*A17 + 1.0053 -> 0.956925 | BI17: =(BH17-AL17)*100 -> -0.070237143 | BK17: =L17 -> 0.95543203 | BL17: =0.8243*A17^(-0.083) -> 0.84421918 | BM17: =(BK17-BL17)*100 -> 11.121285 | BO17: =Y17 -> 0.95314342 | BP17: =0.8574*A17^(-0.085) -> 0.87862442 | BQ17: =(BO17-BP17)*100 -> 7.4519 | BS17: =AL17 -> 0.95762737 | BT17: =0.8819*A17^(-0.087) -> 0.90425103 | BU17: =(BS17-BT17)*100 -> 5.337634
A18: 1 | B18: ='[1]MA 15'!BX12 -> 1.01167 | C18: ='[1]MA 15'!BY12 -> 0.93363683 | D18: ='[1]MA 15'!BZ12 -> 0.011584852 | E18: ='[1]MA 15'!CC12 -> 1.0078152 | F18: ='[1]MA 15'!CD12 -> 0.93624419 | G18: ='[1]MA 15'!CE12 -> 0.0053513158 | H18: ='[1]MA 15'!CH12 -> 1.0102919 | I18: ='[1]MA 15'!CI12 -> 0.9483189 | J18: ='[1]MA 15'!CJ12 -> 0.00058728631 | K18: ='[1]MA 15'!BS12 -> 1.0099257 | L18: ='[1]MA 15'!BT12 -> 0.93939997 | M18: ='[1]MA 15'!BU12 -> 0.0097623473 | O18: ='[1]MA 30'!BX12 -> 1.0060459 | P18: ='[1]MA 30'!BY12 -> 0.93740435 | Q18: ='[1]MA 30'!BZ12 -> 0.0022232707 | R18: ='[1]MA 30'!CC12 -> 1.0139248 | S18: ='[1]MA 30'!CD12 -> 0.92720383 | T18: ='[1]MA 30'!CE12 -> 0.00045980663 | U18: ='[1]MA 30'!CH12 -> 1.0017921 | V18: ='[1]MA 30'!CI12 -> 0.94386844 | W18: ='[1]MA 30'!CJ12 -> 0.0027098013 | X18: ='[1]MA 30'!BS12 -> 1.0072543 | Y18: ='[1]MA 30'!BT12 -> 0.93615887 | Z18: ='[1]MA 30'!BU12 -> 0.0071572535 | AB18: ='[1]MA 45'!BX12 -> 1.0069084 | AC18: ='[1]MA 45'!BY12 -> 0.93665945 | AD18: ='[1]MA 45'!BZ12 -> 0.0025329616 | AE18: ='[1]MA 45'!CC12 -> 1.0065062 | AF18: ='[1]MA 45'!CD12 -> 0.94099568 | AG18: ='[1]MA 45'!CE12 -> 0.0054879398 | AH18: ='[1]MA 45'!CH12 -> 0.99769038 | AI18: ='[1]MA 45'!CI12 -> 0.94388873 | AJ18: ='[1]MA 45'!CJ12 -> 0.0018935652 | AK18: ='[1]MA 45'!BS12 -> 1.0037017 | AL18: ='[1]MA 45'!BT12 -> 0.94051462 | AM18: ='[1]MA 45'!BU12 -> 0.0047115929 | BB18: =-0.0628*A18 + 1.0018 -> 0.939 | BC18: =(BB18-L18)*100 -> -0.03999722 | BE18: =-0.0657*A18 + 1.0023 -> 0.9366 | BF18: =(BE18-Y18)*100 -> 0.044112798 | BH18: =-0.0645*A18 + 1.0053 -> 0.9408 | BI18: =(BH18-AL18)*100 -> 0.028537803 | BK18: =L18 -> 0.93939997 | BL18: =0.8243*A18^(-0.083) -> 0.8243 | BM18: =(BK18-BL18)*100 -> 11.509997 | BO18: =Y18 -> 0.93615887 | BP18: =0.8574*A18^(-0.085) -> 0.8574 | BQ18: =(BO18-BP18)*100 -> 7.8758872 | BS18: =AL18 -> 0.94051462 | BT18: =0.8819*A18^(-0.087) -> 0.8819 | BU18: =(BS18-BT18)*100 -> 5.8614622
A19: 1.2497222 | B19: ='[1]MA 15'!BX13 -> 1.2643065 | C19: ='[1]MA 15'!BY13 -> 0.91749692 | D19: ='[1]MA 15'!BZ13 -> 0.012181489 | E19: ='[1]MA 15'!CC13 -> 1.259489 | F19: ='[1]MA 15'!CD13 -> 0.91684736 | G19: ='[1]MA 15'!CE13 -> 0.0044184136 | H19: ='[1]MA 15'!CH13 -> 1.2625842 | I19: ='[1]MA 15'!CI13 -> 0.93477151 | J19: ='[1]MA 15'!CJ13 -> 0.00061594906 | K19: ='[1]MA 15'!BS13 -> 1.2621266 | L19: ='[1]MA 15'!BT13 -> 0.92303859 | M19: ='[1]MA 15'!BU13 -> 0.011180239 | O19: ='[1]MA 30'!BX13 -> 1.2572779 | P19: ='[1]MA 30'!BY13 -> 0.92214531 | Q19: ='[1]MA 30'!BZ13 -> 0.0014159913 | R19: ='[1]MA 30'!CC13 -> 1.2671244 | S19: ='[1]MA 30'!CD13 -> 0.90869776 | T19: ='[1]MA 30'!CE13 -> 0.00055370984 | U19: ='[1]MA 30'!CH13 -> 1.2519619 | V19: ='[1]MA 30'!CI13 -> 0.92751055 | W19: ='[1]MA 30'!CJ13 -> 0.0027483739 | X19: ='[1]MA 30'!BS13 -> 1.2587881 | Y19: ='[1]MA 30'!BT13 -> 0.91945121 | Z19: ='[1]MA 30'!BU13 -> 0.0081181479 | AB19: ='[1]MA 45'!BX13 -> 1.2583559 | AC19: ='[1]MA 45'!BY13 -> 0.9209678 | AD19: ='[1]MA 45'!BZ13 -> 0.0026309464 | AE19: ='[1]MA 45'!CC13 -> 1.2578532 | AF19: ='[1]MA 45'!CD13 -> 0.92335517 | AG19: ='[1]MA 45'!CE13 -> 0.0048126044 | AH19: ='[1]MA 45'!CH13 -> 1.2468358 | AI19: ='[1]MA 45'!CI13 -> 0.92705452 | AJ19: ='[1]MA 45'!CJ13 -> 0.0019493155 | AK19: ='[1]MA 45'!BS13 -> 1.2543483 | AL19: ='[1]MA 45'!BT13 -> 0.9237925 | AM19: ='[1]MA 45'!BU13 -> 0.0041910135 | BB19: =-0.0628*A19 + 1.0018 -> 0.92331744 | BC19: =(BB19-L19)*100 -> 0.027885022 | BE19: =-0.0657*A19 + 1.0023 -> 0.92019325 | BF19: =(BE19-Y19)*100 -> 0.07420429 | BH19: =-0.0645*A19 + 1.0053 -> 0.92469292 | BI19: =(BH19-AL19)*100 -> 0.090041895 | BK19: =L19 -> 0.92303859 | BL19: =0.8243*A19^(-0.083) -> 0.80918865 | BM19: =(BK19-BL19)*100 -> 11.384995 | BO19: =Y19 -> 0.91945121 | BP19: =0.8574*A19^(-0.085) -> 0.84130667 | BQ19: =(BO19-BP19)*100 -> 7.8144537 | BS19: =AL19 -> 0.9237925 | BT19: =0.8819*A19^(-0.087) -> 0.86496108 | BU19: =(BS19-BT19)*100 -> 5.8831413
A20: 1.5 | B20: ='[1]MA 15'!BX14 -> 1.517505 | C20: ='[1]MA 15'!BY14 -> 0.90140159 | D20: ='[1]MA 15'!BZ14 -> 0.01275348 | E20: ='[1]MA 15'!CC14 -> 1.5117228 | F20: ='[1]MA 15'!CD14 -> 0.89815025 | G20: ='[1]MA 15'!CE14 -> 0.0035237206 | H20: ='[1]MA 15'!CH14 -> 1.5154378 | I20: ='[1]MA 15'!CI14 -> 0.92081227 | J20: ='[1]MA 15'!CJ14 -> 0.00067351562 | K20: ='[1]MA 15'!BS14 -> 1.5148885 | L20: ='[1]MA 15'!BT14 -> 0.90678804 | M20: ='[1]MA 15'!BU14 -> 0.012593989 | O20: ='[1]MA 30'!BX14 -> 1.5090688 | P20: ='[1]MA 30'!BY14 -> 0.9069966 | Q20: ='[1]MA 30'!BZ14 -> 0.0018651918 | R20: ='[1]MA 30'!CC14 -> 1.5208872 | S20: ='[1]MA 30'!CD14 -> 0.89069921 | T20: ='[1]MA 30'!CE14 -> 0.0004782989 | U20: ='[1]MA 30'!CH14 -> 1.5026882 | V20: ='[1]MA 30'!CI14 -> 0.91127809 | W20: ='[1]MA 30'!CJ14 -> 0.0026086321 | X20: ='[1]MA 30'!BS14 -> 1.5108814 | Y20: ='[1]MA 30'!BT14 -> 0.9029913 | Z20: ='[1]MA 30'!BU14 -> 0.009061299 | AB20: ='[1]MA 45'!BX14 -> 1.5103627 | AC20: ='[1]MA 45'!BY14 -> 0.90599795 | AD20: ='[1]MA 45'!BZ14 -> 0.0032662339 | AE20: ='[1]MA 45'!CC14 -> 1.5097593 | AF20: ='[1]MA 45'!CD14 -> 0.90653632 | AG20: ='[1]MA 45'!CE14 -> 0.0043237926 | AH20: ='[1]MA 45'!CH14 -> 1.4965356 | AI20: ='[1]MA 45'!CI14 -> 0.91041241 | AJ20: ='[1]MA 45'!CJ14 -> 0.0018338416 | AK20: ='[1]MA 45'!BS14 -> 1.5055525 | AL20: ='[1]MA 45'!BT14 -> 0.90764889 | AM20: ='[1]MA 45'!BU14 -> 0.0038439074 | BB20: =-0.0628*A20 + 1.0018 -> 0.9076 | BC20: =(BB20-L20)*100 -> 0.081196444 | BE20: =-0.0657*A20 + 1.0023 -> 0.90375 | BF20: =(BE20-Y20)*100 -> 0.075869917 | BH20: =-0.0645*A20 + 1.0053 -> 0.90855 | BI20: =(BH20-AL20)*100 -> 0.090110697 | BK20: =L20 -> 0.90678804 | BL20: =0.8243*A20^(-0.083) -> 0.79702093 | BM20: =(BK20-BL20)*100 -> 10.976711 | BO20: =Y20 -> 0.9029913 | BP20: =0.8574*A20^(-0.085) -> 0.82835352 | BQ20: =(BO20-BP20)*100 -> 7.4637781 | BS20: =AL20 -> 0.90764889 | BT20: =0.8819*A20^(-0.087) -> 0.85133287 | BU20: =(BS20-BT20)*100 -> 5.6316021
A21: 1.75 | B21: ='[1]MA 15'!BX15 -> 1.7704225 | C21: ='[1]MA 15'!BY15 -> 0.8846409 | D21: ='[1]MA 15'!BZ15 -> 0.012819679 | E21: ='[1]MA 15'!CC15 -> 1.7636766 | F21: ='[1]MA 15'!CD15 -> 0.88254213 | G21: ='[1]MA 15'!CE15 -> 0.00506295 | H21: ='[1]MA 15'!CH15 -> 1.7680108 | I21: ='[1]MA 15'!CI15 -> 0.90669502 | J21: ='[1]MA 15'!CJ15 -> 0.00072845484 | K21: ='[1]MA 15'!BS15 -> 1.7673699 | L21: ='[1]MA 15'!BT15 -> 0.89129268 | M21: ='[1]MA 15'!BU15 -> 0.013522308 | O21: ='[1]MA 30'!BX15 -> 1.7605803 | P21: ='[1]MA 30'!BY15 -> 0.89098969 | Q21: ='[1]MA 30'!BZ15 -> 0.0024397779 | R21: ='[1]MA 30'!CC15 -> 1.7743684 | S21: ='[1]MA 30'!CD15 -> 0.8732963 | T21: ='[1]MA 30'!CE15 -> 0.00041487883 | U21: ='[1]MA 30'!CH15 -> 1.7531363 | V21: ='[1]MA 30'!CI15 -> 0.8953165 | W21: ='[1]MA 30'!CJ15 -> 0.0025915152 | X21: ='[1]MA 30'!BS15 -> 1.762695 | Y21: ='[1]MA 30'!BT15 -> 0.88653416 | Z21: ='[1]MA 30'!BU15 -> 0.0097478682 | AB21: ='[1]MA 45'!BX15 -> 1.7620898 | AC21: ='[1]MA 45'!BY15 -> 0.89064644 | AD21: ='[1]MA 45'!BZ15 -> 0.0036916355 | AE21: ='[1]MA 45'!CC15 -> 1.7613859 | AF21: ='[1]MA 45'!CD15 -> 0.89033774 | AG21: ='[1]MA 45'!CE15 -> 0.0039225941 | AH21: ='[1]MA 45'!CH15 -> 1.7459582 | AI21: ='[1]MA 45'!CI15 -> 0.8940453 | AJ21: ='[1]MA 45'!CJ15 -> 0.0017594686 | AK21: ='[1]MA 45'!BS15 -> 1.756478 | AL21: ='[1]MA 45'!BT15 -> 0.89167649 | AM21: ='[1]MA 45'!BU15 -> 0.0036776433 | BB21: =-0.0628*A21 + 1.0018 -> 0.8919 | BC21: =(BB21-L21)*100 -> 0.060731758 | BE21: =-0.0657*A21 + 1.0023 -> 0.887325 | BF21: =(BE21-Y21)*100 -> 0.07908382 | BH21: =-0.0645*A21 + 1.0053 -> 0.892425 | BI21: =(BH21-AL21)*100 -> 0.074850865 | BK21: =L21 -> 0.89129268 | BL21: =0.8243*A21^(-0.083) -> 0.7868884 | BM21: =(BK21-BL21)*100 -> 10.440428 | BO21: =Y21 -> 0.88653416 | BP21: =0.8574*A21^(-0.085) -> 0.81757056 | BQ21: =(BO21-BP21)*100 -> 6.8963601 | BS21: =AL21 -> 0.89167649 | BT21: =0.8819*A21^(-0.087) -> 0.83999177 | BU21: =(BS21-BT21)*100 -> 5.1684719
A22: 2 | B22: ='[1]MA 15'!BX16 -> 2.02334 | C22: ='[1]MA 15'!BY16 -> 0.86732582 | D22: ='[1]MA 15'!BZ16 -> 0.012384461 | E22: ='[1]MA 15'!CC16 -> 2.0156303 | F22: ='[1]MA 15'!CD16 -> 0.86810122 | G22: ='[1]MA 15'!CE16 -> 0.0044094201 | H22: ='[1]MA 15'!CH16 -> 2.0205837 | I22: ='[1]MA 15'!CI16 -> 0.89248935 | J22: ='[1]MA 15'!CJ16 -> 0.00070965931 | K22: ='[1]MA 15'!BS16 -> 2.0198514 | L22: ='[1]MA 15'!BT16 -> 0.87597213 | M22: ='[1]MA 15'!BU16 -> 0.013938555 | O22: ='[1]MA 30'!BX16 -> 2.0120918 | P22: ='[1]MA 30'!BY16 -> 0.87473579 | Q22: ='[1]MA 30'!BZ16 -> 0.0023242977 | R22: ='[1]MA 30'!CC16 -> 2.0278496 | S22: ='[1]MA 30'!CD16 -> 0.85613153 | T22: ='[1]MA 30'!CE16 -> 0.00033276601 | U22: ='[1]MA 30'!CH16 -> 2.0035843 | V22: ='[1]MA 30'!CI16 -> 0.87974952 | W22: ='[1]MA 30'!CJ16 -> 0.002566577 | X22: ='[1]MA 30'!BS16 -> 2.0145086 | Y22: ='[1]MA 30'!BT16 -> 0.87020561 | Z22: ='[1]MA 30'!BU16 -> 0.010356782 | AB22: ='[1]MA 45'!BX16 -> 2.0138169 | AC22: ='[1]MA 45'!BY16 -> 0.87481478 | AD22: ='[1]MA 45'!BZ16 -> 0.0043419784 | AE22: ='[1]MA 45'!CC16 -> 2.0130125 | AF22: ='[1]MA 45'!CD16 -> 0.87448815 | AG22: ='[1]MA 45'!CE16 -> 0.0035048047 | AH22: ='[1]MA 45'!CH16 -> 1.9953808 | AI22: ='[1]MA 45'!CI16 -> 0.87841122 | AJ22: ='[1]MA 45'!CJ16 -> 0.0012626304 | AK22: ='[1]MA 45'!BS16 -> 2.0074034 | AL22: ='[1]MA 45'!BT16 -> 0.87590472 | AM22: ='[1]MA 45'!BU16 -> 0.0037509043 | BB22: =-0.0628*A22 + 1.0018 -> 0.8762 | BC22: =(BB22-L22)*100 -> 0.022787186 | BE22: =-0.0657*A22 + 1.0023 -> 0.8709 | BF22: =(BE22-Y22)*100 -> 0.069438682 | BH22: =-0.0645*A22 + 1.0053 -> 0.8763 | BI22: =(BH22-AL22)*100 -> 0.039528325 | BK22: =L22 -> 0.87597213 | BL22: =0.8243*A22^(-0.083) -> 0.77821538 | BM22: =(BK22-BL22)*100 -> 9.7756747 | BO22: =Y22 -> 0.87020561 | BP22: =0.8574*A22^(-0.085) -> 0.80834346 | BQ22: =(BO22-BP22)*100 -> 6.1862152 | BS22: =AL22 -> 0.87590472 | BT22: =0.8819*A22^(-0.087) -> 0.83028986 | BU22: =(BS22-BT22)*100 -> 4.5614859
A23: 2.2497222 | B23: ='[1]MA 15'!BX17 -> 2.2759765 | C23: ='[1]MA 15'!BY17 -> 0.84936442 | D23: ='[1]MA 15'!BZ17 -> 0.011608416 | E23: ='[1]MA 15'!CC17 -> 2.2673042 | F23: ='[1]MA 15'!CD17 -> 0.85283003 | G23: ='[1]MA 15'!CE17 -> 0.0047112988 | H23: ='[1]MA 15'!CH17 -> 2.2728761 | I23: ='[1]MA 15'!CI17 -> 0.87840017 | J23: ='[1]MA 15'!CJ17 -> 0.00066431554 | K23: ='[1]MA 15'!BS17 -> 2.2720522 | L23: ='[1]MA 15'!BT17 -> 0.86019821 | M23: ='[1]MA 15'!BU17 -> 0.014836502 | O23: ='[1]MA 30'!BX17 -> 2.2633238 | P23: ='[1]MA 30'!BY17 -> 0.85806479 | Q23: ='[1]MA 30'!BZ17 -> 0.002195428 | R23: ='[1]MA 30'!CC17 -> 2.2810492 | S23: ='[1]MA 30'!CD17 -> 0.83964099 | T23: ='[1]MA 30'!CE17 -> 0.00056616467 | U23: ='[1]MA 30'!CH17 -> 2.253754 | V23: ='[1]MA 30'!CI17 -> 0.86454353 | W23: ='[1]MA 30'!CJ17 -> 0.0027845664 | X23: ='[1]MA 30'!BS17 -> 2.2660423 | Y23: ='[1]MA 30'!BT17 -> 0.8540831 | Z23: ='[1]MA 30'!BU17 -> 0.010750861 | AB23: ='[1]MA 45'!BX17 -> 2.2652643 | AC23: ='[1]MA 45'!BY17 -> 0.85861804 | AD23: ='[1]MA 45'!BZ17 -> 0.0047753421 | AE23: ='[1]MA 45'!CC17 -> 2.2643594 | AF23: ='[1]MA 45'!CD17 -> 0.85888911 | AG23: ='[1]MA 45'!CE17 -> 0.0031628781 | AH23: ='[1]MA 45'!CH17 -> 2.2445262 | AI23: ='[1]MA 45'!CI17 -> 0.86371551 | AJ23: ='[1]MA 45'!CJ17 -> 0.0012925236 | AK23: ='[1]MA 45'!BS17 -> 2.25805 | AL23: ='[1]MA 45'!BT17 -> 0.86040755 | AM23: ='[1]MA 45'!BU17 -> 0.0041202304 | BB23: =-0.0628*A23 + 1.0018 -> 0.86051744 | BC23: =(BB23-L23)*100 -> 0.031923464 | BE23: =-0.0657*A23 + 1.0023 -> 0.85449325 | BF23: =(BE23-Y23)*100 -> 0.041014721 | BH23: =-0.0645*A23 + 1.0053 -> 0.86019292 | BI23: =(BH23-AL23)*100 -> -0.021463636 | BK23: =L23 -> 0.86019821 | BL23: =0.8243*A23^(-0.083) -> 0.77065252 | BM23: =(BK23-BL23)*100 -> 8.9545693 | BO23: =Y23 -> 0.8540831 | BP23: =0.8574*A23^(-0.085) -> 0.80029946 | BQ23: =(BO23-BP23)*100 -> 5.3783645 | BS23: =AL23 -> 0.86040755 | BT23: =0.8819*A23^(-0.087) -> 0.82183405 | BU23: =(BS23-BT23)*100 -> 3.8573508
A24: 2.5 | B24: ='[1]MA 15'!BX18 -> 2.529175 | C24: ='[1]MA 15'!BY18 -> 0.83143648 | D24: ='[1]MA 15'!BZ18 -> 0.010953158 | E24: ='[1]MA 15'!CC18 -> 2.5195379 | F24: ='[1]MA 15'!CD18 -> 0.83918459 | G24: ='[1]MA 15'!CE18 -> 0.0050478608 | H24: ='[1]MA 15'!CH18 -> 2.5257297 | I24: ='[1]MA 15'!CI18 -> 0.86413896 | J24: ='[1]MA 15'!CJ18 -> 0.00082041362 | K24: ='[1]MA 15'!BS18 -> 2.5248142 | L24: ='[1]MA 15'!BT18 -> 0.84492001 | M24: ='[1]MA 15'!BU18 -> 0.015601224 | O24: ='[1]MA 30'!BX18 -> 2.5151147 | P24: ='[1]MA 30'!BY18 -> 0.84130634 | Q24: ='[1]MA 30'!BZ18 -> 0.0021148189 | R24: ='[1]MA 30'!CC18 -> 2.534812 | S24: ='[1]MA 30'!CD18 -> 0.8234544 | T24: ='[1]MA 30'!CE18 -> 0.00088429908 | U24: ='[1]MA 30'!CH18 -> 2.5044804 | V24: ='[1]MA 30'!CI18 -> 0.84971938 | W24: ='[1]MA 30'!CJ18 -> 0.0029927714 | X24: ='[1]MA 30'!BS18 -> 2.5181357 | Y24: ='[1]MA 30'!BT18 -> 0.83816004 | Z24: ='[1]MA 30'!BU18 -> 0.011165195 | AB24: ='[1]MA 45'!BX18 -> 2.5172711 | AC24: ='[1]MA 45'!BY18 -> 0.84203277 | AD24: ='[1]MA 45'!BZ18 -> 0.0053254562 | AE24: ='[1]MA 45'!CC18 -> 2.5162656 | AF24: ='[1]MA 45'!CD18 -> 0.8433562 | AG24: ='[1]MA 45'!CE18 -> 0.0029263376 | AH24: ='[1]MA 45'!CH18 -> 2.494226 | AI24: ='[1]MA 45'!CI18 -> 0.84891669 | AJ24: ='[1]MA 45'!CJ18 -> 0.00082673804 | AK24: ='[1]MA 45'!BS18 -> 2.5092542 | AL24: ='[1]MA 45'!BT18 -> 0.84476855 | AM24: ='[1]MA 45'!BU18 -> 0.0046293898 | BB24: =-0.0628*A24 + 1.0018 -> 0.8448 | BC24: =(BB24-L24)*100 -> -0.012001167 | BE24: =-0.0657*A24 + 1.0023 -> 0.83805 | BF24: =(BE24-Y24)*100 -> -0.011003855 | BH24: =-0.0645*A24 + 1.0053 -> 0.84405 | BI24: =(BH24-AL24)*100 -> -0.071855323 | BK24: =L24 -> 0.84492001 | BL24: =0.8243*A24^(-0.083) -> 0.76393477 | BM24: =(BK24-BL24)*100 -> 8.0985238 | BO24: =Y24 -> 0.83816004 | BP24: =0.8574*A24^(-0.085) -> 0.79315594 | BQ24: =(BO24-BP24)*100 -> 4.5004103 | BS24: =AL24 -> 0.84476855 | BT24: =0.8819*A24^(-0.087) -> 0.81432649 | BU24: =(BS24-BT24)*100 -> 3.0442065
A25: 2.75 | B25: ='[1]MA 15'!BX19 -> 2.7820925 | C25: ='[1]MA 15'!BY19 -> 0.81364751 | D25: ='[1]MA 15'!BZ19 -> 0.010386909 | E25: ='[1]MA 15'!CC19 -> 2.7714917 | F25: ='[1]MA 15'!CD19 -> 0.82493363 | G25: ='[1]MA 15'!CE19 -> 0.0061605604 | H25: ='[1]MA 15'!CH19 -> 2.7783026 | I25: ='[1]MA 15'!CI19 -> 0.84986953 | J25: ='[1]MA 15'!CJ19 -> 0.0010183141 | K25: ='[1]MA 15'!BS19 -> 2.7772956 | L25: ='[1]MA 15'!BT19 -> 0.82948356 | M25: ='[1]MA 15'!BU19 -> 0.016672806 | O25: ='[1]MA 30'!BX19 -> 2.7666262 | P25: ='[1]MA 30'!BY19 -> 0.82534866 | Q25: ='[1]MA 30'!BZ19 -> 0.0033712883 | R25: ='[1]MA 30'!CC19 -> 2.7882932 | S25: ='[1]MA 30'!CD19 -> 0.80892823 | T25: ='[1]MA 30'!CE19 -> 0.0019855151 | U25: ='[1]MA 30'!CH19 -> 2.7549284 | V25: ='[1]MA 30'!CI19 -> 0.83531815 | W25: ='[1]MA 30'!CJ19 -> 0.0029120134 | X25: ='[1]MA 30'!BS19 -> 2.7699493 | Y25: ='[1]MA 30'!BT19 -> 0.82319835 | Z25: ='[1]MA 30'!BU19 -> 0.011238881 | AB25: ='[1]MA 45'!BX19 -> 2.7689982 | AC25: ='[1]MA 45'!BY19 -> 0.82531703 | AD25: ='[1]MA 45'!BZ19 -> 0.0056571333 | AE25: ='[1]MA 45'!CC19 -> 2.7678921 | AF25: ='[1]MA 45'!CD19 -> 0.82749493 | AG25: ='[1]MA 45'!CE19 -> 0.0014835686 | AH25: ='[1]MA 45'!CH19 -> 2.7436486 | AI25: ='[1]MA 45'!CI19 -> 0.83281037 | AJ25: ='[1]MA 45'!CJ19 -> 0.00072028973 | AK25: ='[1]MA 45'!BS19 -> 2.7601796 | AL25: ='[1]MA 45'!BT19 -> 0.82854078 | AM25: ='[1]MA 45'!BU19 -> 0.0046346053 | BB25: =-0.0628*A25 + 1.0018 -> 0.8291 | BC25: =(BB25-L25)*100 -> -0.038355721 | BE25: =-0.0657*A25 + 1.0023 -> 0.821625 | BF25: =(BE25-Y25)*100 -> -0.1573349 | BH25: =-0.0645*A25 + 1.0053 -> 0.827925 | BI25: =(BH25-AL25)*100 -> -0.061577634 | BK25: =L25 -> 0.82948356 | BL25: =0.8243*A25^(-0.083) -> 0.75791532 | BM25: =(BK25-BL25)*100 -> 7.1568236 | BO25: =Y25 -> 0.82319835 | BP25: =0.8574*A25^(-0.085) -> 0.78675625 | BQ25: =(BO25-BP25)*100 -> 3.6442102 | BS25: =AL25 -> 0.82854078 | BT25: =0.8819*A25^(-0.087) -> 0.80760202 | BU25: =(BS25-BT25)*100 -> 2.0938753
A26: 3 | B26: ='[1]MA 15'!BX20 -> 3.03501 | C26: ='[1]MA 15'!BY20 -> 0.79599318 | D26: ='[1]MA 15'!BZ20 -> 0.0095846503 | E26: ='[1]MA 15'!CC20 -> 3.0234455 | F26: ='[1]MA 15'!CD20 -> 0.80926622 | G26: ='[1]MA 15'!CE20 -> 0.0059598044 | H26: ='[1]MA 15'!CH20 -> 3.0308756 | I26: ='[1]MA 15'!CI20 -> 0.83579539 | J26: ='[1]MA 15'!CJ20 -> 0.0013053456 | K26: ='[1]MA 15'!BS20 -> 3.029777 | L26: ='[1]MA 15'!BT20 -> 0.81368493 | M26: ='[1]MA 15'!BU20 -> 0.017799665 | O26: ='[1]MA 30'!BX20 -> 3.0181377 | P26: ='[1]MA 30'!BY20 -> 0.81063771 | Q26: ='[1]MA 30'!BZ20 -> 0.0069348689 | R26: ='[1]MA 30'!CC20 -> 3.0417744 | S26: ='[1]MA 30'!CD20 -> 0.79532808 | T26: ='[1]MA 30'!CE20 -> 0.0043274397 | U26: ='[1]MA 30'!CH20 -> 3.0053764 | V26: ='[1]MA 30'!CI20 -> 0.82131072 | W26: ='[1]MA 30'!CJ20 -> 0.0029617682 | X26: ='[1]MA 30'!BS20 -> 3.0217628 | Y26: ='[1]MA 30'!BT20 -> 0.80909217 | Z26: ='[1]MA 30'!BU20 -> 0.011785908 | AB26: ='[1]MA 45'!BX20 -> 3.0207253 | AC26: ='[1]MA 45'!BY20 -> 0.80883385 | AD26: ='[1]MA 45'!BZ20 -> 0.0058668578 | AE26: ='[1]MA 45'!CC20 -> 3.0195187 | AF26: ='[1]MA 45'!CD20 -> 0.8167372 | AG26: ='[1]MA 45'!CE20 -> 0.0077140398 | AH26: ='[1]MA 45'!CH20 -> 2.9930712 | AI26: ='[1]MA 45'!CI20 -> 0.81592127 | AJ26: ='[1]MA 45'!CJ20 -> 0.0012399799 | AK26: ='[1]MA 45'!BS20 -> 3.0111051 | AL26: ='[1]MA 45'!BT20 -> 0.81383077 | AM26: ='[1]MA 45'!BU20 -> 0.0066646005 | BB26: =-0.0628*A26 + 1.0018 -> 0.8134 | BC26: =(BB26-L26)*100 -> -0.028492762 | BE26: =-0.0657*A26 + 1.0023 -> 0.8052 | BF26: =(BE26-Y26)*100 -> -0.38921699 | BH26: =-0.0645*A26 + 1.0053 -> 0.8118 | BI26: =(BH26-AL26)*100 -> -0.20307699 | BK26: =L26 -> 0.81368493 | BL26: =0.8243*A26^(-0.083) -> 0.75246142 | BM26: =(BK26-BL26)*100 -> 6.1223511 | BO26: =Y26 -> 0.80909217 | BP26: =0.8574*A26^(-0.085) -> 0.78095889 | BQ26: =(BO26-BP26)*100 -> 2.8133281 | BS26: =AL26 -> 0.81383077 | BT26: =0.8819*A26^(-0.087) -> 0.80151157 | BU26: =(BS26-BT26)*100 -> 1.2319204
... A37: 5.75 | B37: ='[1]MA 15'!BX31 -> 5.8171025 | C37: ='[1]MA 15'!BY31 -> 0.71527812 | D37: ='[1]MA 15'!BZ31 -> 0.008394945 | E37: ='[1]MA 15'!CC31 -> 5.7949372 | F37: ='[1]MA 15'!CD31 -> 0.69681862 | G37: ='[1]MA 15'!CE31 -> 0.0050002921 | H37: ='[1]MA 15'!CH31 -> 5.8091782 | I37: ='[1]MA 15'!CI31 -> 0.7420663 | J37: ='[1]MA 15'!CJ31 -> 0.0036196989 | K37: ='[1]MA 15'!BS31 -> 5.8070727 | L37: ='[1]MA 15'!BT31 -> 0.71805435 | M37: ='[1]MA 15'!BU31 -> 0.019526204 | O37: ='[1]MA 30'!BX31 -> 5.7847638 | P37: ='[1]MA 30'!BY31 -> 0.74677842 | Q37: ='[1]MA 30'!BZ31 -> 0.022174876 | R37: ='[1]MA 30'!CC31 -> 5.8300677 | S37: ='[1]MA 30'!CD31 -> 0.72710087 | T37: ='[1]MA 30'!CE31 -> 0.024610411 | U37: ='[1]MA 30'!CH31 -> 5.7603048 | V37: ='[1]MA 30'!CI31 -> 0.73495047 | W37: ='[1]MA 30'!CJ31 -> 0.0042288205 | X37: ='[1]MA 30'!BS31 -> 5.7917121 | Y37: ='[1]MA 30'!BT31 -> 0.73627659 | Z37: ='[1]MA 30'!BU31 -> 0.0209087 | AB37: ='[1]MA 45'!BX31 -> 5.7897236 | AC37: ='[1]MA 45'!BY31 -> 0.73897149 | AD37: ='[1]MA 45'!BZ31 -> 0.0066169055 | AE37: ='[1]MA 45'!CC31 -> 5.7874108 | AF37: ='[1]MA 45'!CD31 -> 0.76466283 | AG37: ='[1]MA 45'!CE31 -> 0.0096750213 | AH37: ='[1]MA 45'!CH31 -> 5.7367197 | AI37: ='[1]MA 45'!CI31 -> 0.75485854 | AJ37: ='[1]MA 45'!CJ31 -> 0.0074851177 | AK37: ='[1]MA 45'!BS31 -> 5.7712847 | AL37: ='[1]MA 45'!BT31 -> 0.75283095 | AM37: ='[1]MA 45'!BU31 -> 0.013286656 | BB37: =-0.0628*A37 + 1.0018 -> 0.6407 | BC37: =(BB37-L37)*100 -> -7.7354345 | BE37: =-0.0657*A37 + 1.0023 -> 0.624525 | BF37: =(BE37-Y37)*100 -> -11.175159 | BH37: =-0.0645*A37 + 1.0053 -> 0.634425 | BI37: =(BH37-AL37)*100 -> -11.840595 | BK37: =L37 -> 0.71805435 | BL37: =0.8243*A37^(-0.083) -> 0.71290698 | BM37: =(BK37-BL37)*100 -> 0.51473622 | BO37: =Y37 -> 0.73627659 | BP37: =0.8574*A37^(-0.085) -> 0.73894432 | BQ37: =(BO37-BP37)*100 -> -0.26677296 | BS37: =AL37 -> 0.75283095 | BT37: =0.8819*A37^(-0.087) -> 0.75740513 | BU37: =(BS37-BT37)*100 -> -0.45741737
A38: 6 | B38: ='[1]MA 15'!BX32 -> 6.07002 | C38: ='[1]MA 15'!BY32 -> 0.7124698 | D38: ='[1]MA 15'!BZ32 -> 0.0084106804 | E38: ='[1]MA 15'!CC32 -> 6.046891 | F38: ='[1]MA 15'!CD32 -> 0.69288708 | G38: ='[1]MA 15'!CE32 -> 0.0052015883 | H38: ='[1]MA 15'!CH32 -> 6.0617512 | I38: ='[1]MA 15'!CI32 -> 0.73836604 | J38: ='[1]MA 15'!CJ32 -> 0.0038525392 | K38: ='[1]MA 15'!BS32 -> 6.0595541 | L38: ='[1]MA 15'!BT32 -> 0.71457431 | M38: ='[1]MA 15'!BU32 -> 0.019608242 | O38: ='[1]MA 30'!BX32 -> 6.0362753 | P38: ='[1]MA 30'!BY32 -> 0.74420252 | Q38: ='[1]MA 30'!BZ32 -> 0.022359316 | R38: ='[1]MA 30'!CC32 -> 6.0835489 | S38: ='[1]MA 30'!CD32 -> 0.72458749 | T38: ='[1]MA 30'!CE32 -> 0.024742279 | U38: ='[1]MA 30'!CH32 -> 6.0107529 | V38: ='[1]MA 30'!CI32 -> 0.73228694 | W38: ='[1]MA 30'!CJ32 -> 0.004225182 | X38: ='[1]MA 30'!BS32 -> 6.0435257 | Y38: ='[1]MA 30'!BT32 -> 0.73369232 | Z38: ='[1]MA 30'!BU32 -> 0.021018317 | AB38: ='[1]MA 45'!BX32 -> 6.0414507 | AC38: ='[1]MA 45'!BY32 -> 0.73638237 | AD38: ='[1]MA 45'!BZ32 -> 0.0067024061 | AE38: ='[1]MA 45'!CC32 -> 6.0390374 | AF38: ='[1]MA 45'!CD32 -> 0.76232673 | AG38: ='[1]MA 45'!CE32 -> 0.0098384079 | AH38: ='[1]MA 45'!CH32 -> 5.9861423 | AI38: ='[1]MA 45'!CI32 -> 0.75246884 | AJ38: ='[1]MA 45'!CJ32 -> 0.0075337661 | AK38: ='[1]MA 45'!BS32 -> 6.0222101 | AL38: ='[1]MA 45'!BT32 -> 0.75039265 | AM38: ='[1]MA 45'!BU32 -> 0.013434968 | BB38: =-0.0628*A38 + 1.0018 -> 0.625 | BC38: =(BB38-L38)*100 -> -8.957431 | BE38: =-0.0657*A38 + 1.0023 -> 0.6081 | BF38: =(BE38-Y38)*100 -> -12.559232 | BH38: =-0.0645*A38 + 1.0053 -> 0.6183 | BI38: =(BH38-AL38)*100 -> -13.209265 | BJ38: =A38 -> 6 | BK38: =L38 -> 0.71457431 | BL38: =0.8243*A38^(-0.083) -> 0.71039312 | BM38: =(BK38-BL38)*100 -> 0.41811911 | BO38: =Y38 -> 0.73369232 | BP38: =0.8574*A38^(-0.085) -> 0.73627596 | BQ38: =(BO38-BP38)*100 -> -0.25836454 | BS38: =AL38 -> 0.75039265 | BT38: =0.8819*A38^(-0.087) -> 0.75460588 | BU38: =(BS38-BT38)*100 -> -0.42132294
A39: 6.2497222 | B39: ='[1]MA 15'!BX33 -> 6.3226565 | C39: ='[1]MA 15'!BY33 -> 0.70988364 | D39: ='[1]MA 15'!BZ33 -> 0.0085198692 | E39: ='[1]MA 15'!CC33 -> 6.2985649 | F39: ='[1]MA 15'!CD33 -> 0.68936275 | G39: ='[1]MA 15'!CE33 -> 0.0051624564 | H39: ='[1]MA 15'!CH33 -> 6.3140435 | I39: ='[1]MA 15'!CI33 -> 0.73453244 | J39: ='[1]MA 15'!CJ33 -> 0.0045118694 | K39: ='[1]MA 15'!BS33 -> 6.311755 | L39: ='[1]MA 15'!BT33 -> 0.71125961 | M39: ='[1]MA 15'!BU33 -> 0.019515687 | O39: ='[1]MA 30'!BX33 -> 6.2875073 | P39: ='[1]MA 30'!BY33 -> 0.7417663 | Q39: ='[1]MA 30'!BZ33 -> 0.022473952 | R39: ='[1]MA 30'!CC33 -> 6.3367484 | S39: ='[1]MA 30'!CD33 -> 0.72236844 | T39: ='[1]MA 30'!CE33 -> 0.025020058 | U39: ='[1]MA 30'!CH33 -> 6.2609226 | V39: ='[1]MA 30'!CI33 -> 0.72984539 | W39: ='[1]MA 30'!CJ33 -> 0.0042185601 | X39: ='[1]MA 30'!BS33 -> 6.2950595 | Y39: ='[1]MA 30'!BT33 -> 0.73132671 | Z39: ='[1]MA 30'!BU33 -> 0.021136919 | AB39: ='[1]MA 45'!BX33 -> 6.2928981 | AC39: ='[1]MA 45'!BY33 -> 0.73391136 | AD39: ='[1]MA 45'!BZ33 -> 0.0067874308 | AE39: ='[1]MA 45'!CC33 -> 6.2903844 | AF39: ='[1]MA 45'!CD33 -> 0.75986863 | AG39: ='[1]MA 45'!CE33 -> 0.0097304486 | AH39: ='[1]MA 45'!CH33 -> 6.2352878 | AI39: ='[1]MA 45'!CI33 -> 0.7501782 | AJ39: ='[1]MA 45'!CJ33 -> 0.0075679205 | AK39: ='[1]MA 45'!BS33 -> 6.2728567 | AL39: ='[1]MA 45'!BT33 -> 0.74798606 | AM39: ='[1]MA 45'!BU33 -> 0.013442747 | BB39: =-0.0628*A39 + 1.0018 -> 0.60931744 | BC39: =(BB39-L39)*100 -> -10.194216 | BE39: =-0.0657*A39 + 1.0023 -> 0.59169325 | BF39: =(BE39-Y39)*100 -> -13.963346 | BH39: =-0.0645*A39 + 1.0053 -> 0.60219292 | BI39: =(BH39-AL39)*100 -> -14.579315 | BJ39: =A39 -> 6.2497222 | BK39: =L39 -> 0.71125961 | BL39: =0.8243*A39^(-0.083) -> 0.70799283 | BM39: =(BK39-BL39)*100 -> 0.32667771 | BO39: =Y39 -> 0.73132671 | BP39: =0.8574*A39^(-0.085) -> 0.73372838 | BQ39: =(BO39-BP39)*100 -> -0.24016715 | BS39: =AL39 -> 0.74798606 | BT39: =0.8819*A39^(-0.087) -> 0.75193355 | BU39: =(BS39-BT39)*100 -> -0.39474825
A40: 6.5 | B40: ='[1]MA 15'!BX34 -> 6.575855 | C40: ='[1]MA 15'!BY34 -> 0.70754463 | D40: ='[1]MA 15'!BZ34 -> 0.008625653 | E40: ='[1]MA 15'!CC34 -> 6.5507986 | F40: ='[1]MA 15'!CD34 -> 0.68623367 | G40: ='[1]MA 15'!CE34 -> 0.0052788171 | H40: ='[1]MA 15'!CH34 -> 6.5668971 | I40: ='[1]MA 15'!CI34 -> 0.73134577 | J40: ='[1]MA 15'!CJ34 -> 0.0048638446 | K40: ='[1]MA 15'!BS34 -> 6.5645169 | L40: ='[1]MA 15'!BT34 -> 0.70837469 | M40: ='[1]MA 15'!BU34 -> 0.0195321 | O40: ='[1]MA 30'!BX34 -> 6.5392982 | P40: ='[1]MA 30'!BY34 -> 0.7395047 | Q40: ='[1]MA 30'!BZ34 -> 0.022540156 | R40: ='[1]MA 30'!CC34 -> 6.5905113 | S40: ='[1]MA 30'!CD34 -> 0.72027083 | T40: ='[1]MA 30'!CE34 -> 0.025241372 | U40: ='[1]MA 30'!CH34 -> 6.5116489 | V40: ='[1]MA 30'!CI34 -> 0.72755103 | W40: ='[1]MA 30'!CJ34 -> 0.0041990747 | X40: ='[1]MA 30'!BS34 -> 6.5471528 | Y40: ='[1]MA 30'!BT34 -> 0.72910885 | Z40: ='[1]MA 30'!BU34 -> 0.021224426 | AB40: ='[1]MA 45'!BX34 -> 6.5449049 | AC40: ='[1]MA 45'!BY34 -> 0.73154743 | AD40: ='[1]MA 45'!BZ34 -> 0.0068394061 | AE40: ='[1]MA 45'!CC34 -> 6.5422905 | AF40: ='[1]MA 45'!CD34 -> 0.75763155 | AG40: ='[1]MA 45'!CE34 -> 0.0098191422 | AH40: ='[1]MA 45'!CH34 -> 6.4849875 | AI40: ='[1]MA 45'!CI34 -> 0.74796401 | AJ40: ='[1]MA 45'!CJ34 -> 0.0075626226 | AK40: ='[1]MA 45'!BS34 -> 6.524061 | AL40: ='[1]MA 45'!BT34 -> 0.74571433 | AM40: ='[1]MA 45'!BU34 -> 0.013517501 | BB40: =-0.0628*A40 + 1.0018 -> 0.5936 | BC40: =(BB40-L40)*100 -> -11.477469 | BE40: =-0.0657*A40 + 1.0023 -> 0.57525 | BF40: =(BE40-Y40)*100 -> -15.385885 | BH40: =-0.0645*A40 + 1.0053 -> 0.58605 | BI40: =(BH40-AL40)*100 -> -15.966433 | BJ40: =A40 -> 6.5 | BK40: =L40 -> 0.70837469 | BL40: =0.8243*A40^(-0.083) -> 0.70568923 | BM40: =(BK40-BL40)*100 -> 0.26854589 | BO40: =Y40 -> 0.72910885 | BP40: =0.8574*A40^(-0.085) -> 0.73128362 | BQ40: =(BO40-BP40)*100 -> -0.21747632 | BS40: =AL40 -> 0.74571433 | BT40: =0.8819*A40^(-0.087) -> 0.74936927 | BU40: =(BS40-BT40)*100 -> -0.36549404
A41: 6.75 | B41: ='[1]MA 15'!BX35 -> 6.8287725 | C41: ='[1]MA 15'!BY35 -> 0.70538451 | D41: ='[1]MA 15'!BZ35 -> 0.0086729775 | E41: ='[1]MA 15'!CC35 -> 6.8027524 | F41: ='[1]MA 15'!CD35 -> 0.68314799 | G41: ='[1]MA 15'!CE35 -> 0.0054552946 | H41: ='[1]MA 15'!CH35 -> 6.8194701 | I41: ='[1]MA 15'!CI35 -> 0.72881018 | J41: ='[1]MA 15'!CJ35 -> 0.0055624619 | K41: ='[1]MA 15'!BS35 -> 6.8169984 | L41: ='[1]MA 15'!BT35 -> 0.70578089 | M41: ='[1]MA 15'!BU35 -> 0.019821497 | O41: ='[1]MA 30'!BX35 -> 6.7908097 | P41: ='[1]MA 30'!BY35 -> 0.73735762 | Q41: ='[1]MA 30'!BZ35 -> 0.022574502 | R41: ='[1]MA 30'!CC35 -> 6.8439925 | S41: ='[1]MA 30'!CD35 -> 0.71810356 | T41: ='[1]MA 30'!CE35 -> 0.025304203 | U41: ='[1]MA 30'!CH35 -> 6.762097 | V41: ='[1]MA 30'!CI35 -> 0.72533814 | W41: ='[1]MA 30'!CJ35 -> 0.0041853082 | X41: ='[1]MA 30'!BS35 -> 6.7989664 | Y41: ='[1]MA 30'!BT35 -> 0.72693311 | Z41: ='[1]MA 30'!BU35 -> 0.021265019 | AB41: ='[1]MA 45'!BX35 -> 6.796632 | AC41: ='[1]MA 45'!BY35 -> 0.72929363 | AD41: ='[1]MA 45'!BZ35 -> 0.0069047512 | AE41: ='[1]MA 45'!CC35 -> 6.7939171 | AF41: ='[1]MA 45'!CD35 -> 0.75543047 | AG41: ='[1]MA 45'!CE35 -> 0.0098021263 | AH41: ='[1]MA 45'!CH35 -> 6.7344101 | AI41: ='[1]MA 45'!CI35 -> 0.74587233 | AJ41: ='[1]MA 45'!CJ35 -> 0.0075741397 | AK41: ='[1]MA 45'!BS35 -> 6.7749864 | AL41: ='[1]MA 45'!BT35 -> 0.74353214 | AM41: ='[1]MA 45'!BU35 -> 0.013551222 | BJ41: =A41 -> 6.75 | BK41: =L41 -> 0.70578089 | BL41: =0.8243*A41^(-0.083) -> 0.70348216 | BM41: =(BK41-BL41)*100 -> 0.2298735 | BO41: =Y41 -> 0.72693311 | BP41: =0.8574*A41^(-0.085) -> 0.72894147 | BQ41: =(BO41-BP41)*100 -> -0.20083653 | BS41: =AL41 -> 0.74353214 | BT41: =0.8819*A41^(-0.087) -> 0.74691282 | BU41: =(BS41-BT41)*100 -> -0.33806795
A42: 7 | B42: ='[1]MA 15'!BX36 -> 7.08169 | C42: ='[1]MA 15'!BY36 -> 0.70332464 | D42: ='[1]MA 15'!BZ36 -> 0.0086847725 | E42: ='[1]MA 15'!CC36 -> 7.0547062 | F42: ='[1]MA 15'!CD36 -> 0.68025345 | G42: ='[1]MA 15'!CE36 -> 0.005589296 | H42: ='[1]MA 15'!CH36 -> 7.0720431 | I42: ='[1]MA 15'!CI36 -> 0.72586711 | J42: ='[1]MA 15'!CJ36 -> 0.0050851091 | K42: ='[1]MA 15'!BS36 -> 7.0694798 | L42: ='[1]MA 15'!BT36 -> 0.7031484 | M42: ='[1]MA 15'!BU36 -> 0.019772654 | O42: ='[1]MA 30'!BX36 -> 7.0423212 | P42: ='[1]MA 30'!BY36 -> 0.73529376 | Q42: ='[1]MA 30'!BZ36 -> 0.022573191 | R42: ='[1]MA 30'!CC36 -> 7.0974737 | S42: ='[1]MA 30'!CD36 -> 0.71607894 | T42: ='[1]MA 30'!CE36 -> 0.025424237 | U42: ='[1]MA 30'!CH36 -> 7.012545 | V42: ='[1]MA 30'!CI36 -> 0.72319274 | W42: ='[1]MA 30'!CJ36 -> 0.0041596383 | X42: ='[1]MA 30'!BS36 -> 7.05078 | Y42: ='[1]MA 30'!BT36 -> 0.72485514 | Z42: ='[1]MA 30'!BU36 -> 0.021307224 | AB42: ='[1]MA 45'!BX36 -> 7.0483591 | AC42: ='[1]MA 45'!BY36 -> 0.72713608 | AD42: ='[1]MA 45'!BZ36 -> 0.0069293946 | AE42: ='[1]MA 45'!CC36 -> 7.0455436 | AF42: ='[1]MA 45'!CD36 -> 0.75349184 | AG42: ='[1]MA 45'!CE36 -> 0.010033487 | AH42: ='[1]MA 45'!CH36 -> 6.9838327 | AI42: ='[1]MA 45'!CI36 -> 0.74383594 | AJ42: ='[1]MA 45'!CJ36 -> 0.0076096739 | AK42: ='[1]MA 45'!BS36 -> 7.0259118 | AL42: ='[1]MA 45'!BT36 -> 0.74148795 | AM42: ='[1]MA 45'!BU36 -> 0.013689132 | BJ42: =A42 -> 7 | BK42: =L42 -> 0.7031484 | BL42: =0.8243*A42^(-0.083) -> 0.70136189 | BM42: =(BK42-BL42)*100 -> 0.17865112 | BO42: =Y42 -> 0.72485514 | BP42: =0.8574*A42^(-0.085) -> 0.72669161 | BQ42: =(BO42-BP42)*100 -> -0.18364664 | BS42: =AL42 -> 0.74148795 | BT42: =0.8819*A42^(-0.087) -> 0.74455333 | BU42: =(BS42-BT42)*100 -> -0.30653842
A43: 7.25 | B43: ='[1]MA 15'!BX37 -> 7.2497983 | C43: ='[1]MA 15'!BY37 -> 0.70199226 | D43: ='[1]MA 15'!BZ37 -> 0.0094212538 | E43: ='[1]MA 15'!CC37 -> 7.30666 | F43: ='[1]MA 15'!CD37 -> 0.67747298 | G43: ='[1]MA 15'!CE37 -> 0.0058357103 | H43: ='[1]MA 15'!CH37 -> 7.324616 | I43: ='[1]MA 15'!CI37 -> 0.72355358 | J43: ='[1]MA 15'!CJ37 -> 0.0050323325 | K43: ='[1]MA 15'!BS37 -> 7.2936914 | L43: ='[1]MA 15'!BT37 -> 0.70100627 | M43: ='[1]MA 15'!BU37 -> 0.020094022 | O43: ='[1]MA 30'!BX37 -> 7.2938327 | P43: ='[1]MA 30'!BY37 -> 0.73330247 | Q43: ='[1]MA 30'!BZ37 -> 0.022641036 | R43: ='[1]MA 30'!CC37 -> 7.3509549 | S43: ='[1]MA 30'!CD37 -> 0.71412228 | T43: ='[1]MA 30'!CE37 -> 0.025589138 | U43: ='[1]MA 30'!CH37 -> 7.262993 | V43: ='[1]MA 30'!CI37 -> 0.72115542 | W43: ='[1]MA 30'!CJ37 -> 0.0041336774 | X43: ='[1]MA 30'!BS37 -> 7.3025935 | Y43: ='[1]MA 30'!BT37 -> 0.72286006 | Z43: ='[1]MA 30'!BU37 -> 0.021391636 | AB43: ='[1]MA 45'!BX37 -> 7.3000862 | AC43: ='[1]MA 45'!BY37 -> 0.72506254 | AD43: ='[1]MA 45'!BZ37 -> 0.006988007 | AE43: ='[1]MA 45'!CC37 -> 7.2971702 | AF43: ='[1]MA 45'!CD37 -> 0.75155482 | AG43: ='[1]MA 45'!CE37 -> 0.010120447 | AH43: ='[1]MA 45'!CH37 -> 7.2332553 | AI43: ='[1]MA 45'!CI37 -> 0.73992942 | AJ43: ='[1]MA 45'!CJ37 -> 0.007627463 | AK43: ='[1]MA 45'!BS37 -> 7.2768372 | AL43: ='[1]MA 45'!BT37 -> 0.73884893 | AM43: ='[1]MA 45'!BU37 -> 0.01368826 | BJ43: =A43 -> 7.25 | BK43: =L43 -> 0.70100627 | BL43: =0.8243*A43^(-0.083) -> 0.69932209 | BM43: =(BK43-BL43)*100 -> 0.16841862 | BO43: =Y43 -> 0.72286006 | BP43: =0.8574*A43^(-0.085) -> 0.72452729 | BQ43: =(BO43-BP43)*100 -> -0.16672341 | BS43: =AL43 -> 0.73884893 | BT43: =0.8819*A43^(-0.087) -> 0.74228372 | BU43: =(BS43-BT43)*100 -> -0.34347937
A44: 7.5 | B44: ='[1]MA 15'!BX38 -> 7.4179409 | C44: ='[1]MA 15'!BY38 -> 0.70072358 | D44: ='[1]MA 15'!BZ38 -> 0.0086772962 | E44: ='[1]MA 15'!CC38 -> 7.5586138 | F44: ='[1]MA 15'!CD38 -> 0.67478737 | G44: ='[1]MA 15'!CE38 -> 0.0060650789 | H44: ='[1]MA 15'!CH38 -> 7.577189 | I44: ='[1]MA 15'!CI38 -> 0.72145999 | J44: ='[1]MA 15'!CJ38 -> 0.004964164 | K44: ='[1]MA 15'!BS38 -> 7.5179146 | L44: ='[1]MA 15'!BT38 -> 0.69899032 | M44: ='[1]MA 15'!BU38 -> 0.020251723 | O44: ='[1]MA 30'!BX38 -> 7.5453441 | P44: ='[1]MA 30'!BY38 -> 0.73140027 | Q44: ='[1]MA 30'!BZ38 -> 0.022652214 | R44: ='[1]MA 30'!CC38 -> 7.6044361 | S44: ='[1]MA 30'!CD38 -> 0.71227083 | T44: ='[1]MA 30'!CE38 -> 0.025684604 | U44: ='[1]MA 30'!CH38 -> 7.5134411 | V44: ='[1]MA 30'!CI38 -> 0.71852161 | W44: ='[1]MA 30'!CJ38 -> 0.0049122341 | X44: ='[1]MA 30'!BS38 -> 7.5544071 | Y44: ='[1]MA 30'!BT38 -> 0.7207309 | Z44: ='[1]MA 30'!BU38 -> 0.021503806 | AB44: ='[1]MA 45'!BX38 -> 7.5518134 | AC44: ='[1]MA 45'!BY38 -> 0.72308311 | AD44: ='[1]MA 45'!BZ38 -> 0.0070270806 | AE44: ='[1]MA 45'!CC38 -> 7.5487967 | AF44: ='[1]MA 45'!CD38 -> 0.74960843 | AG44: ='[1]MA 45'!CE38 -> 0.010161681 | AH44: ='[1]MA 45'!CH38 -> 7.4826779 | AI44: ='[1]MA 45'!CI38 -> 0.73807367 | AJ44: ='[1]MA 45'!CJ38 -> 0.00767015 | AK44: ='[1]MA 45'!BS38 -> 7.5277627 | AL44: ='[1]MA 45'!BT38 -> 0.73692174 | AM44: ='[1]MA 45'!BU38 -> 0.013726588 | BJ44: =A44 -> 7.5 | BK44: =L44 -> 0.69899032 | BL44: =0.8243*A44^(-0.083) -> 0.69735708 | BM44: =(BK44-BL44)*100 -> 0.16332354 | BO44: =Y44 -> 0.7207309 | BP44: =0.8574*A44^(-0.085) -> 0.72244247 | BQ44: =(BO44-BP44)*100 -> -0.17115714 | BS44: =AL44 -> 0.73692174 | BT44: =0.8819*A44^(-0.087) -> 0.74009763 | BU44: =(BS44-BT44)*100 -> -0.31758893
A45: 7.75 | B45: ='[1]MA 15'!BX39 -> 7.6708584 | C45: ='[1]MA 15'!BY39 -> 0.69889684 | D45: ='[1]MA 15'!BZ39 -> 0.008696452 | E45: ='[1]MA 15'!CC39 -> 7.8105676 | F45: ='[1]MA 15'!CD39 -> 0.67231747 | G45: ='[1]MA 15'!CE39 -> 0.0062886159 | H45: ='[1]MA 15'!CH39 -> 7.829762 | I45: ='[1]MA 15'!CI39 -> 0.71888601 | J45: ='[1]MA 15'!CJ39 -> 0.0053574601 | K45: ='[1]MA 15'!BS39 -> 7.770396 | L45: ='[1]MA 15'!BT39 -> 0.69670011 | M45: ='[1]MA 15'!BU39 -> 0.020293104 | O45: ='[1]MA 30'!BX39 -> 7.7968556 | P45: ='[1]MA 30'!BY39 -> 0.72956517 | Q45: ='[1]MA 30'!BZ39 -> 0.022662475 | R45: ='[1]MA 30'!CC39 -> 7.8579173 | S45: ='[1]MA 30'!CD39 -> 0.71048908 | T45: ='[1]MA 30'!CE39 -> 0.025826287 | U45: ='[1]MA 30'!CH39 -> 7.7638891 | V45: ='[1]MA 30'!CI39 -> 0.71544745 | W45: ='[1]MA 30'!CJ39 -> 0.0040946948 | X45: ='[1]MA 30'!BS39 -> 7.8062207 | Y45: ='[1]MA 30'!BT39 -> 0.71850057 | Z45: ='[1]MA 30'!BU39 -> 0.021550578 | AB45: ='[1]MA 45'!BX39 -> 7.8035405 | AC45: ='[1]MA 45'!BY39 -> 0.72116801 | AD45: ='[1]MA 45'!BZ39 -> 0.007068747 | AE45: ='[1]MA 45'!CC39 -> 7.8004233 | AF45: ='[1]MA 45'!CD39 -> 0.74773339 | AG45: ='[1]MA 45'!CE39 -> 0.010212642 | AH45: ='[1]MA 45'!CH39 -> 7.7321005 | AI45: ='[1]MA 45'!CI39 -> 0.73632742 | AJ45: ='[1]MA 45'!CJ39 -> 0.0076771255 | AK45: ='[1]MA 45'!BS39 -> 7.7786881 | AL45: ='[1]MA 45'!BT39 -> 0.73507627 | AM45: ='[1]MA 45'!BU39 -> 0.013764826 | BJ45: =A45 -> 7.75 | BK45: =L45 -> 0.69670011 | BL45: =0.8243*A45^(-0.083) -> 0.69546177 | BM45: =(BK45-BL45)*100 -> 0.1238343 | BO45: =Y45 -> 0.71850057 | BP45: =0.8574*A45^(-0.085) -> 0.72043173 | BQ45: =(BO45-BP45)*100 -> -0.19311653 | BS45: =AL45 -> 0.73507627 | BT45: =0.8819*A45^(-0.087) -> 0.73798935 | BU45: =(BS45-BT45)*100 -> -0.29130753
A46: 8 | B46: ='[1]MA 15'!BX40 -> 7.9237759 | C46: ='[1]MA 15'!BY40 -> 0.69716633 | D46: ='[1]MA 15'!BZ40 -> 0.0086090976 | E46: ='[1]MA 15'!CC40 -> 8.0625214 | F46: ='[1]MA 15'!CD40 -> 0.66978867 | G46: ='[1]MA 15'!CE40 -> 0.0065446271 | H46: ='[1]MA 15'!CH40 -> 8.0823349 | I46: ='[1]MA 15'!CI40 -> 0.71596014 | J46: ='[1]MA 15'!CJ40 -> 0.0048857614 | K46: ='[1]MA 15'!BS40 -> 8.0228774 | L46: ='[1]MA 15'!BT40 -> 0.69430505 | M46: ='[1]MA 15'!BU40 -> 0.020157728 | O46: ='[1]MA 30'!BX40 -> 8.0483671 | P46: ='[1]MA 30'!BY40 -> 0.7277536 | Q46: ='[1]MA 30'!BZ40 -> 0.022672325 | R46: ='[1]MA 30'!CC40 -> 8.1113985 | S46: ='[1]MA 30'!CD40 -> 0.70880629 | T46: ='[1]MA 30'!CE40 -> 0.025960157 | U46: ='[1]MA 30'!CH40 -> 8.0143371 | V46: ='[1]MA 30'!CI40 -> 0.71366874 | W46: ='[1]MA 30'!CJ40 -> 0.0040235408 | X46: ='[1]MA 30'!BS40 -> 8.0580342 | Y46: ='[1]MA 30'!BT40 -> 0.71674288 | Z46: ='[1]MA 30'!BU40 -> 0.021585711 | AB46: ='[1]MA 45'!BX40 -> 8.0552676 | AC46: ='[1]MA 45'!BY40 -> 0.71933799 | AD46: ='[1]MA 45'!BZ40 -> 0.0071194641 | AE46: ='[1]MA 45'!CC40 -> 8.0520499 | AF46: ='[1]MA 45'!CD40 -> 0.74592203 | AG46: ='[1]MA 45'!CE40 -> 0.010235684 | AH46: ='[1]MA 45'!CH40 -> 7.9815231 | AI46: ='[1]MA 45'!CI40 -> 0.73454808 | AJ46: ='[1]MA 45'!CJ40 -> 0.0076399507 | AK46: ='[1]MA 45'!BS40 -> 8.0296135 | AL46: ='[1]MA 45'!BT40 -> 0.73326937 | AM46: ='[1]MA 45'!BU40 -> 0.013779613 | BJ46: =A46 -> 8 | BK46: =L46 -> 0.69430505 | BL46: =0.8243*A46^(-0.083) -> 0.69363154 | BM46: =(BK46-BL46)*100 -> 0.067351119 | BO46: =Y46 -> 0.71674288 | BP46: =0.8574*A46^(-0.085) -> 0.71849017 | BQ46: =(BO46-BP46)*100 -> -0.17472932 | BS46: =AL46 -> 0.73326937 | BT46: =0.8819*A46^(-0.087) -> 0.73595374 | BU46: =(BS46-BT46)*100 -> -0.26843672 | BX46: 15 min | CA46: 30 min | CD46: 45 min
A47: 8.25 | B47: ='[1]MA 15'!BX41 -> 8.1766934 | C47: ='[1]MA 15'!BY41 -> 0.69494361 | D47: ='[1]MA 15'!BZ41 -> 0.0086991228 | E47: ='[1]MA 15'!CC41 -> 8.3144752 | F47: ='[1]MA 15'!CD41 -> 0.66728815 | G47: ='[1]MA 15'!CE41 -> 0.0068117995 | H47: ='[1]MA 15'!CH41 -> 8.3349079 | I47: ='[1]MA 15'!CI41 -> 0.71427147 | J47: ='[1]MA 15'!CJ41 -> 0.0048596709 | K47: ='[1]MA 15'!BS41 -> 8.2753588 | L47: ='[1]MA 15'!BT41 -> 0.69216774 | M47: ='[1]MA 15'!BU41 -> 0.020501755 | O47: ='[1]MA 30'!BX41 -> 8.2998785 | P47: ='[1]MA 30'!BY41 -> 0.72604089 | Q47: ='[1]MA 30'!BZ41 -> 0.022707341 | R47: ='[1]MA 30'!CC41 -> 8.2802352 | S47: ='[1]MA 30'!CD41 -> 0.70767921 | T47: ='[1]MA 30'!CE41 -> 0.026162187 | U47: ='[1]MA 30'!CH41 -> 8.2647852 | V47: ='[1]MA 30'!CI41 -> 0.71198076 | W47: ='[1]MA 30'!CJ41 -> 0.0039705217 | X47: ='[1]MA 30'!BS41 -> 8.281633 | Y47: ='[1]MA 30'!BT41 -> 0.71523362 | Z47: ='[1]MA 30'!BU41 -> 0.02160475 | AB47: ='[1]MA 45'!BX41 -> 8.3069947 | AC47: ='[1]MA 45'!BY41 -> 0.71756695 | AD47: ='[1]MA 45'!BZ41 -> 0.0071730766 | AE47: ='[1]MA 45'!CC41 -> 8.3036764 | AF47: ='[1]MA 45'!CD41 -> 0.74422232 | AG47: ='[1]MA 45'!CE41 -> 0.010377435 | AH47: ='[1]MA 45'!CH41 -> 8.2309457 | AI47: ='[1]MA 45'!CI41 -> 0.73285609 | AJ47: ='[1]MA 45'!CJ41 -> 0.0076688075 | AK47: ='[1]MA 45'!BS41 -> 8.2805389 | AL47: ='[1]MA 45'!BT41 -> 0.73154845 | AM47: ='[1]MA 45'!BU41 -> 0.013853686 | BJ47: =A47 -> 8.25 | BK47: =L47 -> 0.69216774 | BL47: =0.8243*A47^(-0.083) -> 0.69186223 | BM47: =(BK47-BL47)*100 -> 0.030551205 | BO47: =Y47 -> 0.71523362 | BP47: =0.8574*A47^(-0.085) -> 0.71661335 | BQ47: =(BO47-BP47)*100 -> -0.13797259 | BS47: =AL47 -> 0.73154845 | BT47: =0.8819*A47^(-0.087) -> 0.73398612 | BU47: =(BS47-BT47)*100 -> -0.24376701 | BX47: mm | BY47: hrs | CA47: mm | CB47: hrs | CD47: mm | CE47: hrs
A48: 8.5 | B48: ='[1]MA 15'!BX42 -> 8.4296109 | C48: ='[1]MA 15'!BY42 -> 0.6938124 | D48: ='[1]MA 15'!BZ42 -> 0.0085247999 | E48: ='[1]MA 15'!CC42 -> 8.566429 | F48: ='[1]MA 15'!CD42 -> 0.66506657 | G48: ='[1]MA 15'!CE42 -> 0.0069724096 | H48: ='[1]MA 15'!CH42 -> 8.5874809 | I48: ='[1]MA 15'!CI42 -> 0.71268707 | J48: ='[1]MA 15'!CJ42 -> 0.0048395188 | K48: ='[1]MA 15'!BS42 -> 8.5278402 | L48: ='[1]MA 15'!BT42 -> 0.69052201 | M48: ='[1]MA 15'!BU42 -> 0.020775015 | O48: ='[1]MA 30'!BX42 -> 8.55139 | P48: ='[1]MA 30'!BY42 -> 0.72436792 | Q48: ='[1]MA 30'!BZ42 -> 0.022696112 | R48: ='[1]MA 30'!CC42 -> 8.5337164 | S48: ='[1]MA 30'!CD42 -> 0.70605353 | T48: ='[1]MA 30'!CE42 -> 0.026249937 | U48: ='[1]MA 30'!CH42 -> 8.5152332 | V48: ='[1]MA 30'!CI42 -> 0.71030873 | W48: ='[1]MA 30'!CJ42 -> 0.0039235967 | X48: ='[1]MA 30'!BS42 -> 8.5334465 | Y48: ='[1]MA 30'!BT42 -> 0.71357673 | Z48: ='[1]MA 30'!BU42 -> 0.021627878 | AB48: ='[1]MA 45'!BX42 -> 8.5587218 | AC48: ='[1]MA 45'!BY42 -> 0.71581298 | AD48: ='[1]MA 45'!BZ42 -> 0.0072076849 | AE48: ='[1]MA 45'!CC42 -> 8.555303 | AF48: ='[1]MA 45'!CD42 -> 0.74242691 | AG48: ='[1]MA 45'!CE42 -> 0.010266543 | AH48: ='[1]MA 45'!CH42 -> 8.4803683 | AI48: ='[1]MA 45'!CI42 -> 0.73122666 | AJ48: ='[1]MA 45'!CJ42 -> 0.0076673533 | AK48: ='[1]MA 45'!BS42 -> 8.5314643 | AL48: ='[1]MA 45'!BT42 -> 0.72982218 | AM48: ='[1]MA 45'!BU42 -> 0.013823294 | BJ48: =A48 -> 8.5 | BK48: =L48 -> 0.69052201 | BL48: =0.8243*A48^(-0.083) -> 0.69015006 | BM48: =(BK48-BL48)*100 -> 0.037195549 | BO48: =Y48 -> 0.71357673 | BP48: =0.8574*A48^(-0.085) -> 0.71479725 | BQ48: =(BO48-BP48)*100 -> -0.12205193 | BS48: =AL48 -> 0.72982218 | BT48: =0.8819*A48^(-0.087) -> 0.73208228 | BU48: =(BS48-BT48)*100 -> -0.2260099 | BW48: Start | BX48: =BB27 -> 0.7977 | BY48: =A27 -> 3.25 | CA48: =BE24 -> 0.83805 | CB48: =A24 -> 2.5 | CD48: =BH25 -> 0.827925 | CE48: =A25 -> 2.75
A49: 8.75 | B49: ='[1]MA 15'!BX43 -> 8.6825284 | C49: ='[1]MA 15'!BY43 -> 0.69116661 | D49: ='[1]MA 15'!BZ43 -> 0.0088455483 | E49: ='[1]MA 15'!CC43 -> 8.8183828 | F49: ='[1]MA 15'!CD43 -> 0.66290687 | G49: ='[1]MA 15'!CE43 -> 0.0071609732 | H49: ='[1]MA 15'!CH43 -> 8.8400538 | I49: ='[1]MA 15'!CI43 -> 0.71112901 | J49: ='[1]MA 15'!CJ43 -> 0.0048100001 | K49: ='[1]MA 15'!BS43 -> 8.7803217 | L49: ='[1]MA 15'!BT43 -> 0.68840083 | M49: ='[1]MA 15'!BU43 -> 0.021030304 | O49: ='[1]MA 30'!BX43 -> 8.8029015 | P49: ='[1]MA 30'!BY43 -> 0.72272546 | Q49: ='[1]MA 30'!BZ43 -> 0.022694405 | R49: ='[1]MA 30'!CC43 -> 8.7871976 | S49: ='[1]MA 30'!CD43 -> 0.70451314 | T49: ='[1]MA 30'!CE43 -> 0.026304573 | U49: ='[1]MA 30'!CH43 -> 8.7656813 | V49: ='[1]MA 30'!CI43 -> 0.70870666 | W49: ='[1]MA 30'!CJ43 -> 0.0038491578 | X49: ='[1]MA 30'!BS43 -> 8.7852601 | Y49: ='[1]MA 30'!BT43 -> 0.71198176 | Z49: ='[1]MA 30'!BU43 -> 0.021631122 | AB49: ='[1]MA 45'!BX43 -> 8.8104489 | AC49: ='[1]MA 45'!BY43 -> 0.71414635 | AD49: ='[1]MA 45'!BZ43 -> 0.0072576166 | AE49: ='[1]MA 45'!CC43 -> 8.8069295 | AF49: ='[1]MA 45'!CD43 -> 0.74089498 | AG49: ='[1]MA 45'!CE43 -> 0.010421739 | AH49: ='[1]MA 45'!CH43 -> 8.7297909 | AI49: ='[1]MA 45'!CI43 -> 0.72964809 | AJ49: ='[1]MA 45'!CJ43 -> 0.0076553197 | AK49: ='[1]MA 45'!BS43 -> 8.7823898 | AL49: ='[1]MA 45'!BT43 -> 0.72822981 | AM49: ='[1]MA 45'!BU43 -> 0.013912243 | BJ49: =A49 -> 8.75 | BK49: =L49 -> 0.68840083 | BL49: =0.8243*A49^(-0.083) -> 0.68849158 | BM49: =(BK49-BL49)*100 -> -0.0090748497 | BO49: =Y49 -> 0.71198176 | BP49: =0.8574*A49^(-0.085) -> 0.7130382 | BQ49: =(BO49-BP49)*100 -> -0.10564398 | BS49: =AL49 -> 0.72822981 | BT49: =0.8819*A49^(-0.087) -> 0.73023836 | BU49: =(BS49-BT49)*100 -> -0.20085509 | BW49: End | BX49: =BK46 -> 0.69430505 | BY49: =A46 -> 8 | CA49: =BO50 -> 0.71057922 | CB49: =A50 -> 9 | CD49: =BS56 -> 0.71806496 | CE49: =A56 -> 10.5
A50: 9 | B50: ='[1]MA 15'!BX44 -> 8.9354459 | C50: ='[1]MA 15'!BY44 -> 0.68943168 | D50: ='[1]MA 15'!BZ44 -> 0.0089317463 | E50: ='[1]MA 15'!CC44 -> 9.0703366 | F50: ='[1]MA 15'!CD44 -> 0.66085179 | G50: ='[1]MA 15'!CE44 -> 0.0073445383 | H50: ='[1]MA 15'!CH44 -> 9.0926268 | I50: ='[1]MA 15'!CI44 -> 0.70968806 | J50: ='[1]MA 15'!CJ44 -> 0.004786406 | K50: ='[1]MA 15'!BS44 -> 9.0328031 | L50: ='[1]MA 15'!BT44 -> 0.68665717 | M50: ='[1]MA 15'!BU44 -> 0.021296833 | O50: ='[1]MA 30'!BX44 -> 9.054413 | P50: ='[1]MA 30'!BY44 -> 0.7211641 | Q50: ='[1]MA 30'!BZ44 -> 0.022680193 | R50: ='[1]MA 30'!CC44 -> 8.9561472 | S50: ='[1]MA 30'!CD44 -> 0.70343337 | T50: ='[1]MA 30'!CE44 -> 0.026884504 | U50: ='[1]MA 30'!CH44 -> 9.0161293 | V50: ='[1]MA 30'!CI44 -> 0.70714018 | W50: ='[1]MA 30'!CJ44 -> 0.003792678 | X50: ='[1]MA 30'!BS44 -> 9.0088965 | Y50: ='[1]MA 30'!BT44 -> 0.71057922 | Z50: ='[1]MA 30'!BU44 -> 0.021805825 | AB50: ='[1]MA 45'!BX44 -> 9.062176 | AC50: ='[1]MA 45'!BY44 -> 0.71252321 | AD50: ='[1]MA 45'!BZ44 -> 0.0073053951 | AE50: ='[1]MA 45'!CC44 -> 9.0585561 | AF50: ='[1]MA 45'!CD44 -> 0.73942842 | AG50: ='[1]MA 45'!CE44 -> 0.010570952 | AH50: ='[1]MA 45'!CH44 -> 8.9792135 | AI50: ='[1]MA 45'!CI44 -> 0.7281107 | AJ50: ='[1]MA 45'!CJ44 -> 0.0076563616 | AK50: ='[1]MA 45'!BS44 -> 9.0333152 | AL50: ='[1]MA 45'!BT44 -> 0.72668745 | AM50: ='[1]MA 45'!BU44 -> 0.014008537 | BJ50: =A50 -> 9 | BK50: =L50 -> 0.68665717 | BL50: =0.8243*A50^(-0.083) -> 0.68688364 | BM50: =(BK50-BL50)*100 -> -0.022646452 | BO50: =Y50 -> 0.71057922 | BP50: =0.8574*A50^(-0.085) -> 0.71133285 | BQ50: =(BO50-BP50)*100 -> -0.075363567 | BS50: =AL50 -> 0.72668745 | BT50: =0.8819*A50^(-0.087) -> 0.72845083 | BU50: =(BS50-BT50)*100 -> -0.17633879
A51: 9.25 | B51: ='[1]MA 15'!BX45 -> 9.1883634 | C51: ='[1]MA 15'!BY45 -> 0.68770148 | D51: ='[1]MA 15'!BZ45 -> 0.0090194412 | E51: ='[1]MA 15'!CC45 -> 9.3222904 | F51: ='[1]MA 15'!CD45 -> 0.65884859 | G51: ='[1]MA 15'!CE45 -> 0.007510317 | H51: ='[1]MA 15'!CH45 -> 9.2607163 | I51: ='[1]MA 15'!CI45 -> 0.70871055 | J51: ='[1]MA 15'!CJ45 -> 0.0045476446 | K51: ='[1]MA 15'!BS45 -> 9.2571233 | L51: ='[1]MA 15'!BT45 -> 0.68508687 | M51: ='[1]MA 15'!BU45 -> 0.021693303 | O51: ='[1]MA 30'!BX45 -> 9.3059244 | P51: ='[1]MA 30'!BY45 -> 0.71963072 | Q51: ='[1]MA 30'!BZ45 -> 0.02268036 | R51: ='[1]MA 30'!CC45 -> 9.2096284 | S51: ='[1]MA 30'!CD45 -> 0.70193308 | T51: ='[1]MA 30'!CE45 -> 0.026916094 | U51: ='[1]MA 30'!CH45 -> 9.2665773 | V51: ='[1]MA 30'!CI45 -> 0.7056146 | W51: ='[1]MA 30'!CJ45 -> 0.0037397319 | X51: ='[1]MA 30'!BS45 -> 9.2607101 | Y51: ='[1]MA 30'!BT45 -> 0.70905947 | Z51: ='[1]MA 30'!BU45 -> 0.021811804 | AB51: ='[1]MA 45'!BX45 -> 9.3139031 | AC51: ='[1]MA 45'!BY45 -> 0.71094706 | AD51: ='[1]MA 45'!BZ45 -> 0.007338141 | AE51: ='[1]MA 45'!CC45 -> 9.3101827 | AF51: ='[1]MA 45'!CD45 -> 0.73791934 | AG51: ='[1]MA 45'!CE45 -> 0.010636394 | AH51: ='[1]MA 45'!CH45 -> 9.2286361 | AI51: ='[1]MA 45'!CI45 -> 0.72664104 | AJ51: ='[1]MA 45'!CJ45 -> 0.0076074277 | AK51: ='[1]MA 45'!BS45 -> 9.2842406 | AL51: ='[1]MA 45'!BT45 -> 0.72516915 | AM51: ='[1]MA 45'!BU45 -> 0.014045827 | BJ51: =A51 -> 9.25 | BK51: =L51 -> 0.68508687 | BL51: =0.8243*A51^(-0.083) -> 0.68532336 | BM51: =(BK51-BL51)*100 -> -0.02364862 | BO51: =Y51 -> 0.70905947 | BP51: =0.8574*A51^(-0.085) -> 0.70967815 | BQ51: =(BO51-BP51)*100 -> -0.061868037 | BS51: =AL51 -> 0.72516915 | BT51: =0.8819*A51^(-0.087) -> 0.72671648 | BU51: =(BS51-BT51)*100 -> -0.15473375 | BW51: Delta | BX51: =BX49-BX48 -> -0.10339495 | BY51: =BY49-BY48 -> 4.75 | CA51: =CA49-CA48 -> -0.12747078 | CB51: =CB49-CB48 -> 6.5 | CD51: =CD49-CD48 -> -0.10986004 | CE51: =CE49-CE48 -> 7.75
A52: 9.5 | B52: ='[1]MA 15'!BX46 -> 9.4412809 | C52: ='[1]MA 15'!BY46 -> 0.68680622 | D52: ='[1]MA 15'!BZ46 -> 0.0086954658 | E52: ='[1]MA 15'!CC46 -> 9.5742442 | F52: ='[1]MA 15'!CD46 -> 0.65700347 | G52: ='[1]MA 15'!CE46 -> 0.0076459105 | H52: ='[1]MA 15'!CH46 -> 9.5132893 | I52: ='[1]MA 15'!CI46 -> 0.70734082 | J52: ='[1]MA 15'!CJ46 -> 0.0045066981 | K52: ='[1]MA 15'!BS46 -> 9.5096048 | L52: ='[1]MA 15'!BT46 -> 0.68371684 | M52: ='[1]MA 15'!BU46 -> 0.021875574 | O52: ='[1]MA 30'!BX46 -> 9.5574359 | P52: ='[1]MA 30'!BY46 -> 0.71816147 | Q52: ='[1]MA 30'!BZ46 -> 0.02265898 | R52: ='[1]MA 30'!CC46 -> 9.4631096 | S52: ='[1]MA 30'!CD46 -> 0.7004178 | T52: ='[1]MA 30'!CE46 -> 0.026912873 | U52: ='[1]MA 30'!CH46 -> 9.5170254 | V52: ='[1]MA 30'!CI46 -> 0.70407943 | W52: ='[1]MA 30'!CJ46 -> 0.0037527313 | X52: ='[1]MA 30'!BS46 -> 9.5125236 | Y52: ='[1]MA 30'!BT46 -> 0.7075529 | Z52: ='[1]MA 30'!BU46 -> 0.021812318 | AB52: ='[1]MA 45'!BX46 -> 9.5656302 | AC52: ='[1]MA 45'!BY46 -> 0.70940656 | AD52: ='[1]MA 45'!BZ46 -> 0.0073728969 | AE52: ='[1]MA 45'!CC46 -> 9.5618092 | AF52: ='[1]MA 45'!CD46 -> 0.7363711 | AG52: ='[1]MA 45'!CE46 -> 0.010596477 | AH52: ='[1]MA 45'!CH46 -> 9.4780587 | AI52: ='[1]MA 45'!CI46 -> 0.72517641 | AJ52: ='[1]MA 45'!CJ46 -> 0.0075696336 | AK52: ='[1]MA 45'!BS46 -> 9.535166 | AL52: ='[1]MA 45'!BT46 -> 0.72365136 | AM52: ='[1]MA 45'!BU46 -> 0.014035383 | BJ52: =A52 -> 9.5 | BK52: =L52 -> 0.68371684 | BL52: =0.8243*A52^(-0.083) -> 0.6838081 | BM52: =(BK52-BL52)*100 -> -0.0091263345 | BO52: =Y52 -> 0.7075529 | BP52: =0.8574*A52^(-0.085) -> 0.70807127 | BQ52: =(BO52-BP52)*100 -> -0.051836947 | BS52: =AL52 -> 0.72365136 | BT52: =0.8819*A52^(-0.087) -> 0.72503236 | BU52: =(BS52-BT52)*100 -> -0.13810013
A53: 9.75 | B53: ='[1]MA 15'!BX47 -> 9.6941984 | C53: ='[1]MA 15'!BY47 -> 0.68480389 | D53: ='[1]MA 15'!BZ47 -> 0.008998352 | E53: ='[1]MA 15'!CC47 -> 9.8261979 | F53: ='[1]MA 15'!CD47 -> 0.65527446 | G53: ='[1]MA 15'!CE47 -> 0.0077424402 | H53: ='[1]MA 15'!CH47 -> 9.7658622 | I53: ='[1]MA 15'!CI47 -> 0.70599107 | J53: ='[1]MA 15'!CJ47 -> 0.0045132174 | K53: ='[1]MA 15'!BS47 -> 9.7620862 | L53: ='[1]MA 15'!BT47 -> 0.68202314 | M53: ='[1]MA 15'!BU47 -> 0.022052749 | O53: ='[1]MA 30'!BX47 -> 9.8089474 | P53: ='[1]MA 30'!BY47 -> 0.71665877 | Q53: ='[1]MA 30'!BZ47 -> 0.022675362 | R53: ='[1]MA 30'!CC47 -> 9.7165908 | S53: ='[1]MA 30'!CD47 -> 0.69899869 | T53: ='[1]MA 30'!CE47 -> 0.026937608 | U53: ='[1]MA 30'!CH47 -> 9.7674734 | V53: ='[1]MA 30'!CI47 -> 0.70260169 | W53: ='[1]MA 30'!CJ47 -> 0.0037266556 | X53: ='[1]MA 30'!BS47 -> 9.7643372 | Y53: ='[1]MA 30'!BT47 -> 0.70608638 | Z53: ='[1]MA 30'!BU47 -> 0.021816267 | AB53: ='[1]MA 45'!BX47 -> 9.8173574 | AC53: ='[1]MA 45'!BY47 -> 0.70792769 | AD53: ='[1]MA 45'!BZ47 -> 0.0074143583 | AE53: ='[1]MA 45'!CC47 -> 9.8134358 | AF53: ='[1]MA 45'!CD47 -> 0.73502433 | AG53: ='[1]MA 45'!CE47 -> 0.010697289 | AH53: ='[1]MA 45'!CH47 -> 9.7274813 | AI53: ='[1]MA 45'!CI47 -> 0.72374876 | AJ53: ='[1]MA 45'!CJ47 -> 0.0075798708 | AK53: ='[1]MA 45'!BS47 -> 9.7860915 | AL53: ='[1]MA 45'!BT47 -> 0.72223359 | AM53: ='[1]MA 45'!BU47 -> 0.01411166 | BJ53: =A53 -> 9.75 | BK53: =L53 -> 0.68202314 | BL53: =0.8243*A53^(-0.083) -> 0.68233542 | BM53: =(BK53-BL53)*100 -> -0.031228134 | BO53: =Y53 -> 0.70608638 | BP53: =0.8574*A53^(-0.085) -> 0.70650963 | BQ53: =(BO53-BP53)*100 -> -0.042324711 | BS53: =AL53 -> 0.72223359 | BT53: =0.8819*A53^(-0.087) -> 0.72339573 | BU53: =(BS53-BT53)*100 -> -0.11621383
A54: 10 | B54: ='[1]MA 15'!BX48 -> 9.9471159 | C54: ='[1]MA 15'!BY48 -> 0.68337626 | D54: ='[1]MA 15'!BZ48 -> 0.0090217545 | E54: ='[1]MA 15'!CC48 -> 10.078152 | F54: ='[1]MA 15'!CD48 -> 0.65364272 | G54: ='[1]MA 15'!CE48 -> 0.0077807075 | H54: ='[1]MA 15'!CH48 -> 10.018435 | I54: ='[1]MA 15'!CI48 -> 0.70466285 | J54: ='[1]MA 15'!CJ48 -> 0.0044834844 | K54: ='[1]MA 15'!BS48 -> 10.014568 | L54: ='[1]MA 15'!BT48 -> 0.68056061 | M54: ='[1]MA 15'!BU48 -> 0.022176955 | O54: ='[1]MA 30'!BX48 -> 10.060459 | P54: ='[1]MA 30'!BY48 -> 0.71522941 | Q54: ='[1]MA 30'!BZ48 -> 0.022639453 | R54: ='[1]MA 30'!CC48 -> 9.970072 | S54: ='[1]MA 30'!CD48 -> 0.69758873 | T54: ='[1]MA 30'!CE48 -> 0.026973859 | U54: ='[1]MA 30'!CH48 -> 10.017921 | V54: ='[1]MA 30'!CI48 -> 0.70118364 | W54: ='[1]MA 30'!CJ48 -> 0.003694414 | X54: ='[1]MA 30'!BS48 -> 10.016151 | Y54: ='[1]MA 30'!BT48 -> 0.70466726 | Z54: ='[1]MA 30'!BU48 -> 0.021814237 | AB54: ='[1]MA 45'!BX48 -> 10.069084 | AC54: ='[1]MA 45'!BY48 -> 0.7064484 | AD54: ='[1]MA 45'!BZ48 -> 0.0074326393 | AE54: ='[1]MA 45'!CC48 -> 10.065062 | AF54: ='[1]MA 45'!CD48 -> 0.73362176 | AG54: ='[1]MA 45'!CE48 -> 0.010733463 | AH54: ='[1]MA 45'!CH48 -> 9.9769038 | AI54: ='[1]MA 45'!CI48 -> 0.72234494 | AJ54: ='[1]MA 45'!CJ48 -> 0.0075537827 | AK54: ='[1]MA 45'!BS48 -> 10.037017 | AL54: ='[1]MA 45'!BT48 -> 0.72080503 | AM54: ='[1]MA 45'!BU48 -> 0.014145244 | BJ54: =A54 -> 10 | BK54: =L54 -> 0.68056061 | BL54: =0.8243*A54^(-0.083) -> 0.68090308 | BM54: =(BK54-BL54)*100 -> -0.034247128 | BO54: =Y54 -> 0.70466726 | BP54: =0.8574*A54^(-0.085) -> 0.70499085 | BQ54: =(BO54-BP54)*100 -> -0.032358489 | BS54: =AL54 -> 0.72080503 | BT54: =0.8819*A54^(-0.087) -> 0.7218041 | BU54: =(BS54-BT54)*100 -> -0.099906415 | BY54: 27 | BZ54: 24 | CA54: 25
A55: 10.25 | B55: ='[1]MA 15'!BX49 -> 10.200033 | C55: ='[1]MA 15'!BY49 -> 0.68192341 | D55: ='[1]MA 15'!BZ49 -> 0.0090786737 | E55: ='[1]MA 15'!CC49 -> 10.330106 | F55: ='[1]MA 15'!CD49 -> 0.65212896 | G55: ='[1]MA 15'!CE49 -> 0.0077846261 | H55: ='[1]MA 15'!CH49 -> 10.271008 | I55: ='[1]MA 15'!CI49 -> 0.70336101 | J55: ='[1]MA 15'!CJ49 -> 0.0044029282 | K55: ='[1]MA 15'!BS49 -> 10.267049 | L55: ='[1]MA 15'!BT49 -> 0.67913779 | M55: ='[1]MA 15'!BU49 -> 0.022259155 | O55: ='[1]MA 30'!BX49 -> 10.31197 | P55: ='[1]MA 30'!BY49 -> 0.71387106 | Q55: ='[1]MA 30'!BZ49 -> 0.022618168 | R55: ='[1]MA 30'!CC49 -> 10.223553 | S55: ='[1]MA 30'!CD49 -> 0.69624833 | T55: ='[1]MA 30'!CE49 -> 0.026956513 | U55: ='[1]MA 30'!CH49 -> 10.268369 | V55: ='[1]MA 30'!CI49 -> 0.69979019 | W55: ='[1]MA 30'!CJ49 -> 0.0036708631 | X55: ='[1]MA 30'!BS49 -> 10.267964 | Y55: ='[1]MA 30'!BT49 -> 0.70330319 | Z55: ='[1]MA 30'!BU49 -> 0.021798336 | AB55: ='[1]MA 45'!BX49 -> 10.320812 | AC55: ='[1]MA 45'!BY49 -> 0.70502488 | AD55: ='[1]MA 45'!BZ49 -> 0.0074730805 | AE55: ='[1]MA 45'!CC49 -> 10.316689 | AF55: ='[1]MA 45'!CD49 -> 0.73231875 | AG55: ='[1]MA 45'!CE49 -> 0.010849487 | AH55: ='[1]MA 45'!CH49 -> 10.226326 | AI55: ='[1]MA 45'!CI49 -> 0.72095987 | AJ55: ='[1]MA 45'!CJ49 -> 0.007529987 | AK55: ='[1]MA 45'!BS49 -> 10.287942 | AL55: ='[1]MA 45'!BT49 -> 0.7194345 | AM55: ='[1]MA 45'!BU49 -> 0.01421533 | BJ55: =A55 -> 10.25 | BK55: =L55 -> 0.67913779 | BL55: =0.8243*A55^(-0.083) -> 0.67950901 | BM55: =(BK55-BL55)*100 -> -0.037121446 | BO55: =Y55 -> 0.70330319 | BP55: =0.8574*A55^(-0.085) -> 0.70351271 | BQ55: =(BO55-BP55)*100 -> -0.020952283 | BS55: =AL55 -> 0.7194345 | BT55: =0.8819*A55^(-0.087) -> 0.72025514 | BU55: =(BS55-BT55)*100 -> -0.082063765 | BY55: 46 | BZ55: 50 | CA55: 56
A56: 10.5 | B56: ='[1]MA 15'!BX50 -> 10.452951 | C56: ='[1]MA 15'!BY50 -> 0.68056659 | D56: ='[1]MA 15'!BZ50 -> 0.0090603494 | E56: ='[1]MA 15'!CC50 -> 10.582059 | F56: ='[1]MA 15'!CD50 -> 0.65051195 | G56: ='[1]MA 15'!CE50 -> 0.0078873604 | H56: ='[1]MA 15'!CH50 -> 10.523581 | I56: ='[1]MA 15'!CI50 -> 0.70205122 | J56: ='[1]MA 15'!CJ50 -> 0.0043065433 | K56: ='[1]MA 15'!BS50 -> 10.51953 | L56: ='[1]MA 15'!BT50 -> 0.67770992 | M56: ='[1]MA 15'!BU50 -> 0.022384783 | O56: ='[1]MA 30'!BX50 -> 10.563482 | P56: ='[1]MA 30'!BY50 -> 0.71251955 | Q56: ='[1]MA 30'!BZ50 -> 0.022621204 | R56: ='[1]MA 30'!CC50 -> 10.477034 | S56: ='[1]MA 30'!CD50 -> 0.69488885 | T56: ='[1]MA 30'!CE50 -> 0.026959931 | U56: ='[1]MA 30'!CH50 -> 10.518818 | V56: ='[1]MA 30'!CI50 -> 0.69846846 | W56: ='[1]MA 30'!CJ50 -> 0.0036432698 | X56: ='[1]MA 30'!BS50 -> 10.519778 | Y56: ='[1]MA 30'!BT50 -> 0.70195895 | Z56: ='[1]MA 30'!BU50 -> 0.021798518 | AB56: ='[1]MA 45'!BX50 -> 10.572539 | AC56: ='[1]MA 45'!BY50 -> 0.7036572 | AD56: ='[1]MA 45'!BZ50 -> 0.0075085675 | AE56: ='[1]MA 45'!CC50 -> 10.568315 | AF56: ='[1]MA 45'!CD50 -> 0.73093012 | AG56: ='[1]MA 45'!CE50 -> 0.010820345 | AH56: ='[1]MA 45'!CH50 -> 10.475749 | AI56: ='[1]MA 45'!CI50 -> 0.71960756 | AJ56: ='[1]MA 45'!CJ50 -> 0.0075252035 | AK56: ='[1]MA 45'!BS50 -> 10.538868 | AL56: ='[1]MA 45'!BT50 -> 0.71806496 | AM56: ='[1]MA 45'!BU50 -> 0.014207541 | BK56: =L56 -> 0.67770992 | BL56: =0.8243*A56^(-0.083) -> 0.67815128 | BM56: =(BK56-BL56)*100 -> -0.044136494 | BO56: =Y56 -> 0.70195895 | BP56: =0.8574*A56^(-0.085) -> 0.70207319 | BQ56: =(BO56-BP56)*100 -> -0.011423693 | BS56: =AL56 -> 0.71806496 | BT56: =0.8819*A56^(-0.087) -> 0.71874672 | BU56: =(BS56-BT56)*100 -> -0.068175789
A57: 10.75 | B57: ='[1]MA 15'!BX51 -> 10.705868 | C57: ='[1]MA 15'!BY51 -> 0.67923733 | D57: ='[1]MA 15'!BZ51 -> 0.0091175304 | E57: ='[1]MA 15'!CC51 -> 10.834013 | F57: ='[1]MA 15'!CD51 -> 0.64909886 | G57: ='[1]MA 15'!CE51 -> 0.0078885668 | H57: ='[1]MA 15'!CH51 -> 10.776154 | I57: ='[1]MA 15'!CI51 -> 0.70076482 | J57: ='[1]MA 15'!CJ51 -> 0.0042456369 | K57: ='[1]MA 15'!BS51 -> 10.772012 | L57: ='[1]MA 15'!BT51 -> 0.67636701 | M57: ='[1]MA 15'!BU51 -> 0.022438272 | O57: ='[1]MA 30'!BX51 -> 10.814993 | P57: ='[1]MA 30'!BY51 -> 0.71119109 | Q57: ='[1]MA 30'!BZ51 -> 0.022592559 | R57: ='[1]MA 30'!CC51 -> 10.730516 | S57: ='[1]MA 30'!CD51 -> 0.69359436 | T57: ='[1]MA 30'!CE51 -> 0.026935635 | U57: ='[1]MA 30'!CH51 -> 10.769266 | V57: ='[1]MA 30'!CI51 -> 0.69713457 | W57: ='[1]MA 30'!CJ51 -> 0.003606339 | X57: ='[1]MA 30'!BS51 -> 10.771591 | Y57: ='[1]MA 30'!BT51 -> 0.70064001 | Z57: ='[1]MA 30'!BU51 -> 0.021773167 | AB57: ='[1]MA 45'!BX51 -> 10.739935 | AC57: ='[1]MA 45'!BY51 -> 0.70275768 | AD57: ='[1]MA 45'!BZ51 -> 0.0077219868 | AE57: ='[1]MA 45'!CC51 -> 10.819942 | AF57: ='[1]MA 45'!CD51 -> 0.72954016 | AG57: ='[1]MA 45'!CE51 -> 0.010778322 | AH57: ='[1]MA 45'!CH51 -> 10.725172 | AI57: ='[1]MA 45'!CI51 -> 0.71827809 | AJ57: ='[1]MA 45'!CJ51 -> 0.0075310981 | AK57: ='[1]MA 45'!BS51 -> 10.761683 | AL57: ='[1]MA 45'!BT51 -> 0.71685865 | AM57: ='[1]MA 45'!BU51 -> 0.014073517 | BK57: =L57 -> 0.67636701 | BL57: =0.8243*A57^(-0.083) -> 0.67682813 | BM57: =(BK57-BL57)*100 -> -0.046112026 | BO57: =Y57 -> 0.70064001 | BP57: =0.8574*A57^(-0.085) -> 0.70067038 | BQ57: =(BO57-BP57)*100 -> -0.003037617 | BS57: =AL57 -> 0.71685865 | BT57: =0.8819*A57^(-0.087) -> 0.71727684 | BU57: =(BS57-BT57)*100 -> -0.041819104
A58: 11 | B58: ='[1]MA 15'!BX52 -> 10.958786 | C58: ='[1]MA 15'!BY52 -> 0.67793252 | D58: ='[1]MA 15'!BZ52 -> 0.0091770909 | E58: ='[1]MA 15'!CC52 -> 11.085967 | F58: ='[1]MA 15'!CD52 -> 0.64777359 | G58: ='[1]MA 15'!CE52 -> 0.0078533169 | H58: ='[1]MA 15'!CH52 -> 10.944418 | I58: ='[1]MA 15'!CI52 -> 0.7000045 | J58: ='[1]MA 15'!CJ52 -> 0.0037702743 | K58: ='[1]MA 15'!BS52 -> 10.99639 | L58: ='[1]MA 15'!BT52 -> 0.67523687 | M58: ='[1]MA 15'!BU52 -> 0.022620362 | O58: ='[1]MA 30'!BX52 -> 11.066505 | P58: ='[1]MA 30'!BY52 -> 0.70989159 | Q58: ='[1]MA 30'!BZ52 -> 0.022567677 | R58: ='[1]MA 30'!CC52 -> 10.899692 | S58: ='[1]MA 30'!CD52 -> 0.69279169 | T58: ='[1]MA 30'!CE52 -> 0.026409172 | U58: ='[1]MA 30'!CH52 -> 11.019714 | V58: ='[1]MA 30'!CI52 -> 0.69582863 | W58: ='[1]MA 30'!CJ52 -> 0.0036155706 | X58: ='[1]MA 30'!BS52 -> 10.995303 | Y58: ='[1]MA 30'!BT52 -> 0.69950397 | Z58: ='[1]MA 30'!BU52 -> 0.021496374 | AB58: ='[1]MA 45'!BX52 -> 10.991662 | AC58: ='[1]MA 45'!BY52 -> 0.70143337 | AD58: ='[1]MA 45'!BZ52 -> 0.0077257905 | AE58: ='[1]MA 45'!CC52 -> 11.071569 | AF58: ='[1]MA 45'!CD52 -> 0.72823008 | AG58: ='[1]MA 45'!CE52 -> 0.010829298 | AH58: ='[1]MA 45'!CH52 -> 10.974594 | AI58: ='[1]MA 45'!CI52 -> 0.71701875 | AJ58: ='[1]MA 45'!CJ52 -> 0.0075758343 | AK58: ='[1]MA 45'!BS52 -> 11.012608 | AL58: ='[1]MA 45'!BT52 -> 0.71556073 | AM58: ='[1]MA 45'!BU52 -> 0.014101717 | BK58: =L58 -> 0.67523687 | BL58: =0.8243*A58^(-0.083) -> 0.67553788 | BM58: =(BK58-BL58)*100 -> -0.030101029 | BO58: =Y58 -> 0.69950397 | BP58: =0.8574*A58^(-0.085) -> 0.69930253 | BQ58: =(BO58-BP58)*100 -> 0.020143858 | BS58: =AL58 -> 0.71556073 | BT58: =0.8819*A58^(-0.087) -> 0.71584365 | BU58: =(BS58-BT58)*100 -> -0.028292121
A59: 11.25 | B59: ='[1]MA 15'!BX53 -> 11.211703 | C59: ='[1]MA 15'!BY53 -> 0.67661817 | D59: ='[1]MA 15'!BZ53 -> 0.0092151311 | E59: ='[1]MA 15'!CC53 -> 11.337921 | F59: ='[1]MA 15'!CD53 -> 0.64645209 | G59: ='[1]MA 15'!CE53 -> 0.0078394862 | H59: ='[1]MA 15'!CH53 -> 11.196991 | I59: ='[1]MA 15'!CI53 -> 0.6987535 | J59: ='[1]MA 15'!CJ53 -> 0.0037158093 | K59: ='[1]MA 15'!BS53 -> 11.248872 | L59: ='[1]MA 15'!BT53 -> 0.67394125 | M59: ='[1]MA 15'!BU53 -> 0.022646938 | O59: ='[1]MA 30'!BX53 -> 11.318016 | P59: ='[1]MA 30'!BY53 -> 0.70862365 | Q59: ='[1]MA 30'!BZ53 -> 0.022534549 | R59: ='[1]MA 30'!CC53 -> 11.153173 | S59: ='[1]MA 30'!CD53 -> 0.69152287 | T59: ='[1]MA 30'!CE53 -> 0.02640178 | U59: ='[1]MA 30'!CH53 -> 11.270162 | V59: ='[1]MA 30'!CI53 -> 0.69455846 | W59: ='[1]MA 30'!CJ53 -> 0.0035590892 | X59: ='[1]MA 30'!BS53 -> 11.247117 | Y59: ='[1]MA 30'!BT53 -> 0.69823499 | Z59: ='[1]MA 30'!BU53 -> 0.021478833 | AB59: ='[1]MA 45'!BX53 -> 11.243389 | AC59: ='[1]MA 45'!BY53 -> 0.70014737 | AD59: ='[1]MA 45'!BZ53 -> 0.0077795199 | AE59: ='[1]MA 45'!CC53 -> 11.323195 | AF59: ='[1]MA 45'!CD53 -> 0.72696924 | AG59: ='[1]MA 45'!CE53 -> 0.010877456 | AH59: ='[1]MA 45'!CH53 -> 11.224017 | AI59: ='[1]MA 45'!CI53 -> 0.71573036 | AJ59: ='[1]MA 45'!CJ53 -> 0.0075250515 | AK59: ='[1]MA 45'!BS53 -> 11.263534 | AL59: ='[1]MA 45'!BT53 -> 0.71428232 | AM59: ='[1]MA 45'!BU53 -> 0.014122299 | BK59: =L59 -> 0.67394125 | BL59: =0.8243*A59^(-0.083) -> 0.67427901 | BM59: =(BK59-BL59)*100 -> -0.033775731 | BO59: =Y59 -> 0.69823499 | BP59: =0.8574*A59^(-0.085) -> 0.697968 | BQ59: =(BO59-BP59)*100 -> 0.026698965 | BS59: =AL59 -> 0.71428232 | BT59: =0.8819*A59^(-0.087) -> 0.71444545 | BU59: =(BS59-BT59)*100 -> -0.016312601
A60: 11.5 | B60: ='[1]MA 15'!BX54 -> 11.464621 | C60: ='[1]MA 15'!BY54 -> 0.67539984 | D60: ='[1]MA 15'!BZ54 -> 0.0092556598 | E60: ='[1]MA 15'!CC54 -> 11.589874 | F60: ='[1]MA 15'!CD54 -> 0.64519862 | G60: ='[1]MA 15'!CE54 -> 0.0078228596 | H60: ='[1]MA 15'!CH54 -> 11.449564 | I60: ='[1]MA 15'!CI54 -> 0.69758874 | J60: ='[1]MA 15'!CJ54 -> 0.0036965834 | K60: ='[1]MA 15'!BS54 -> 11.501353 | L60: ='[1]MA 15'!BT54 -> 0.67272907 | M60: ='[1]MA 15'!BU54 -> 0.022683263 | O60: ='[1]MA 30'!BX54 -> 11.569528 | P60: ='[1]MA 30'!BY54 -> 0.70737349 | Q60: ='[1]MA 30'!BZ54 -> 0.022535491 | R60: ='[1]MA 30'!CC54 -> 11.406654 | S60: ='[1]MA 30'!CD54 -> 0.69028165 | T60: ='[1]MA 30'!CE54 -> 0.02638498 | U60: ='[1]MA 30'!CH54 -> 11.52061 | V60: ='[1]MA 30'!CI54 -> 0.69330495 | W60: ='[1]MA 30'!CJ54 -> 0.0035382506 | X60: ='[1]MA 30'!BS54 -> 11.49893 | Y60: ='[1]MA 30'!BT54 -> 0.6969867 | Z60: ='[1]MA 30'!BU54 -> 0.021470392 | AB60: ='[1]MA 45'!BX54 -> 11.495116 | AC60: ='[1]MA 45'!BY54 -> 0.69888004 | AD60: ='[1]MA 45'!BZ54 -> 0.0077955456 | AE60: ='[1]MA 45'!CC54 -> 11.574822 | AF60: ='[1]MA 45'!CD54 -> 0.72576192 | AG60: ='[1]MA 45'!CE54 -> 0.010925978 | AH60: ='[1]MA 45'!CH54 -> 11.473439 | AI60: ='[1]MA 45'!CI54 -> 0.71448571 | AJ60: ='[1]MA 45'!CJ54 -> 0.0075603729 | AK60: ='[1]MA 45'!BS54 -> 11.514459 | AL60: ='[1]MA 45'!BT54 -> 0.71304256 | AM60: ='[1]MA 45'!BU54 -> 0.014162729 | BK60: =L60 -> 0.67272907 | BL60: =0.8243*A60^(-0.083) -> 0.67305008 | BM60: =(BK60-BL60)*100 -> -0.032101196 | BO60: =Y60 -> 0.6969867 | BP60: =0.8574*A60^(-0.085) -> 0.69666527 | BQ60: =(BO60-BP60)*100 -> 0.032142273 | BS60: =AL60 -> 0.71304256 | BT60: =0.8819*A60^(-0.087) -> 0.71308062 | BU60: =(BS60-BT60)*100 -> -0.0038058716
A61: 11.75 | B61: ='[1]MA 15'!BX55 -> 11.717538 | C61: ='[1]MA 15'!BY55 -> 0.67425492 | D61: ='[1]MA 15'!BZ55 -> 0.0092587255 | E61: ='[1]MA 15'!CC55 -> 11.841828 | F61: ='[1]MA 15'!CD55 -> 0.64387781 | G61: ='[1]MA 15'!CE55 -> 0.0078468528 | H61: ='[1]MA 15'!CH55 -> 11.702137 | I61: ='[1]MA 15'!CI55 -> 0.69642858 | J61: ='[1]MA 15'!CJ55 -> 0.0037082705 | K61: ='[1]MA 15'!BS55 -> 11.753835 | L61: ='[1]MA 15'!BT55 -> 0.67152044 | M61: ='[1]MA 15'!BU55 -> 0.022752699 | O61: ='[1]MA 30'!BX55 -> 11.821039 | P61: ='[1]MA 30'!BY55 -> 0.70617326 | Q61: ='[1]MA 30'!BZ55 -> 0.02250911 | R61: ='[1]MA 30'!CC55 -> 11.660135 | S61: ='[1]MA 30'!CD55 -> 0.68910606 | T61: ='[1]MA 30'!CE55 -> 0.026386418 | U61: ='[1]MA 30'!CH55 -> 11.771058 | V61: ='[1]MA 30'!CI55 -> 0.69209007 | W61: ='[1]MA 30'!CJ55 -> 0.003520523 | X61: ='[1]MA 30'!BS55 -> 11.750744 | Y61: ='[1]MA 30'!BT55 -> 0.6957898 | Z61: ='[1]MA 30'!BU55 -> 0.021459059 | AB61: ='[1]MA 45'!BX55 -> 11.746844 | AC61: ='[1]MA 45'!BY55 -> 0.69764966 | AD61: ='[1]MA 45'!BZ55 -> 0.0078108852 | AE61: ='[1]MA 45'!CC55 -> 11.826448 | AF61: ='[1]MA 45'!CD55 -> 0.72447248 | AG61: ='[1]MA 45'!CE55 -> 0.010850783 | AH61: ='[1]MA 45'!CH55 -> 11.722862 | AI61: ='[1]MA 45'!CI55 -> 0.71330119 | AJ61: ='[1]MA 45'!CJ55 -> 0.0075493677 | AK61: ='[1]MA 45'!BS55 -> 11.765385 | AL61: ='[1]MA 45'!BT55 -> 0.71180778 | AM61: ='[1]MA 45'!BU55 -> 0.014128221 | BK61: =L61 -> 0.67152044 | BL61: =0.8243*A61^(-0.083) -> 0.67184975 | BM61: =(BK61-BL61)*100 -> -0.032930703 | BO61: =Y61 -> 0.6957898 | BP61: =0.8574*A61^(-0.085) -> 0.69539291 | BQ61: =(BO61-BP61)*100 -> 0.039688437 | BS61: =AL61 -> 0.71180778 | BT61: =0.8819*A61^(-0.087) -> 0.71174766 | BU61: =(BS61-BT61)*100 -> 0.0060117447
A62: 12 | B62: ='[1]MA 15'!BX56 -> 11.970456 | C62: ='[1]MA 15'!BY56 -> 0.67331922 | D62: ='[1]MA 15'!BZ56 -> 0.0091366016 | E62: ='[1]MA 15'!CC56 -> 12.093782 | F62: ='[1]MA 15'!CD56 -> 0.64268643 | G62: ='[1]MA 15'!CE56 -> 0.0078235577 | H62: ='[1]MA 15'!CH56 -> 11.95471 | I62: ='[1]MA 15'!CI56 -> 0.69531487 | J62: ='[1]MA 15'!CJ56 -> 0.0036724042 | K62: ='[1]MA 15'!BS56 -> 12.006316 | L62: ='[1]MA 15'!BT56 -> 0.67044017 | M62: ='[1]MA 15'!BU56 -> 0.022770463 | O62: ='[1]MA 30'!BX56 -> 12.072551 | P62: ='[1]MA 30'!BY56 -> 0.70499333 | Q62: ='[1]MA 30'!BZ56 -> 0.022469358 | R62: ='[1]MA 30'!CC56 -> 11.913617 | S62: ='[1]MA 30'!CD56 -> 0.68789738 | T62: ='[1]MA 30'!CE56 -> 0.026378113 | U62: ='[1]MA 30'!CH56 -> 12.021506 | V62: ='[1]MA 30'!CI56 -> 0.69089893 | W62: ='[1]MA 30'!CJ56 -> 0.0034827964 | X62: ='[1]MA 30'!BS56 -> 12.002558 | Y62: ='[1]MA 30'!BT56 -> 0.69459655 | Z62: ='[1]MA 30'!BU56 -> 0.021443345 | AB62: ='[1]MA 45'!BX56 -> 11.998571 | AC62: ='[1]MA 45'!BY56 -> 0.6964197 | AD62: ='[1]MA 45'!BZ56 -> 0.0078684462 | AE62: ='[1]MA 45'!CC56 -> 12.078075 | AF62: ='[1]MA 45'!CD56 -> 0.72323033 | AG62: ='[1]MA 45'!CE56 -> 0.01085319 | AH62: ='[1]MA 45'!CH56 -> 11.972285 | AI62: ='[1]MA 45'!CI56 -> 0.7120831 | AJ62: ='[1]MA 45'!CJ56 -> 0.0075413133 | AK62: ='[1]MA 45'!BS56 -> 12.01631 | AL62: ='[1]MA 45'!BT56 -> 0.71057771 | AM62: ='[1]MA 45'!BU56 -> 0.014134826 | BK62: =L62 -> 0.67044017 | BL62: =0.8243*A62^(-0.083) -> 0.67067676 | BM62: =(BK62-BL62)*100 -> -0.023658422 | BO62: =Y62 -> 0.69459655 | BP62: =0.8574*A62^(-0.085) -> 0.69414959 | BQ62: =(BO62-BP62)*100 -> 0.044695302 | BS62: =AL62 -> 0.71057771 | BT62: =0.8819*A62^(-0.087) -> 0.71044518 | BU62: =(BS62-BT62)*100 -> 0.013252745
A63: 12.25 | B63: ='[1]MA 15'!BX57 -> 12.223373 | C63: ='[1]MA 15'!BY57 -> 0.67213089 | D63: ='[1]MA 15'!BZ57 -> 0.009180677 | E63: ='[1]MA 15'!CC57 -> 12.345736 | F63: ='[1]MA 15'!CD57 -> 0.6415362 | G63: ='[1]MA 15'!CE57 -> 0.0078305264 | H63: ='[1]MA 15'!CH57 -> 12.207283 | I63: ='[1]MA 15'!CI57 -> 0.6942219 | J63: ='[1]MA 15'!CJ57 -> 0.0036752787 | K63: ='[1]MA 15'!BS57 -> 12.258797 | L63: ='[1]MA 15'!BT57 -> 0.66929633 | M63: ='[1]MA 15'!BU57 -> 0.02279659 | O63: ='[1]MA 30'!BX57 -> 12.324062 | P63: ='[1]MA 30'!BY57 -> 0.70382595 | Q63: ='[1]MA 30'!BZ57 -> 0.022466221 | R63: ='[1]MA 30'!CC57 -> 12.167098 | S63: ='[1]MA 30'!CD57 -> 0.68674041 | T63: ='[1]MA 30'!CE57 -> 0.026319545 | U63: ='[1]MA 30'!CH57 -> 12.271954 | V63: ='[1]MA 30'!CI57 -> 0.68971698 | W63: ='[1]MA 30'!CJ57 -> 0.0034947546 | X63: ='[1]MA 30'!BS57 -> 12.254371 | Y63: ='[1]MA 30'!BT57 -> 0.69342778 | Z63: ='[1]MA 30'!BU57 -> 0.02141865 | AB63: ='[1]MA 45'!BX57 -> 12.166092 | AC63: ='[1]MA 45'!BY57 -> 0.69562182 | AD63: ='[1]MA 45'!BZ57 -> 0.0082294841 | AE63: ='[1]MA 45'!CC57 -> 12.329701 | AF63: ='[1]MA 45'!CD57 -> 0.72209093 | AG63: ='[1]MA 45'!CE57 -> 0.010885969 | AH63: ='[1]MA 45'!CH57 -> 12.221707 | AI63: ='[1]MA 45'!CI57 -> 0.71088761 | AJ63: ='[1]MA 45'!CJ57 -> 0.0075559712 | AK63: ='[1]MA 45'!BS57 -> 12.239167 | AL63: ='[1]MA 45'!BT57 -> 0.70953345 | AM63: ='[1]MA 45'!BU57 -> 0.014099396 | BK63: =L63 -> 0.66929633 | BL63: =0.8243*A63^(-0.083) -> 0.66952994 | BM63: =(BK63-BL63)*100 -> -0.023361111 | BO63: =Y63 -> 0.69342778 | BP63: =0.8574*A63^(-0.085) -> 0.69293406 | BQ63: =(BO63-BP63)*100 -> 0.049371462 | BS63: =AL63 -> 0.70953345 | BT63: =0.8819*A63^(-0.087) -> 0.70917187 | BU63: =(BS63-BT63)*100 -> 0.036157835
A64: 12.5 | B64: ='[1]MA 15'!BX58 -> 12.476291 | C64: ='[1]MA 15'!BY58 -> 0.67114951 | D64: ='[1]MA 15'!BZ58 -> 0.0091166889 | E64: ='[1]MA 15'!CC58 -> 12.513506 | F64: ='[1]MA 15'!CD58 -> 0.64081072 | G64: ='[1]MA 15'!CE58 -> 0.0077406607 | H64: ='[1]MA 15'!CH58 -> 12.459856 | I64: ='[1]MA 15'!CI58 -> 0.69313571 | J64: ='[1]MA 15'!CJ58 -> 0.0036382226 | K64: ='[1]MA 15'!BS58 -> 12.483218 | L64: ='[1]MA 15'!BT58 -> 0.66836531 | M64: ='[1]MA 15'!BU58 -> 0.022633663 | O64: ='[1]MA 30'!BX58 -> 12.575574 | P64: ='[1]MA 30'!BY58 -> 0.70268918 | Q64: ='[1]MA 30'!BZ58 -> 0.022404744 | R64: ='[1]MA 30'!CC58 -> 12.420579 | S64: ='[1]MA 30'!CD58 -> 0.6856173 | T64: ='[1]MA 30'!CE58 -> 0.026325988 | U64: ='[1]MA 30'!CH58 -> 12.522402 | V64: ='[1]MA 30'!CI58 -> 0.68860327 | W64: ='[1]MA 30'!CJ58 -> 0.0034478657 | X64: ='[1]MA 30'!BS58 -> 12.506185 | Y64: ='[1]MA 30'!BT58 -> 0.69230325 | Z64: ='[1]MA 30'!BU58 -> 0.021394527 | AB64: ='[1]MA 45'!BX58 -> 12.417819 | AC64: ='[1]MA 45'!BY58 -> 0.69449141 | AD64: ='[1]MA 45'!BZ58 -> 0.0082606164 | AE64: ='[1]MA 45'!CC58 -> 12.581328 | AF64: ='[1]MA 45'!CD58 -> 0.72092688 | AG64: ='[1]MA 45'!CE58 -> 0.010918952 | AH64: ='[1]MA 45'!CH58 -> 12.47113 | AI64: ='[1]MA 45'!CI58 -> 0.70978383 | AJ64: ='[1]MA 45'!CJ58 -> 0.0075476848 | AK64: ='[1]MA 45'!BS58 -> 12.490092 | AL64: ='[1]MA 45'!BT58 -> 0.70840071 | AM64: ='[1]MA 45'!BU58 -> 0.014103371 | BK64: =L64 -> 0.66836531 | BL64: =0.8243*A64^(-0.083) -> 0.6684082 | BM64: =(BK64-BL64)*100 -> -0.0042887212 | BO64: =Y64 -> 0.69230325 | BP64: =0.8574*A64^(-0.085) -> 0.69174516 | BQ64: =(BO64-BP64)*100 -> 0.055809394 | BS64: =AL64 -> 0.70840071 | BT64: =0.8819*A64^(-0.087) -> 0.7079265 | BU64: =(BS64-BT64)*100 -> 0.047420347
A65: 12.75 | B65: ='[1]MA 15'!BX59 -> 12.729208 | C65: ='[1]MA 15'!BY59 -> 0.67012232 | D65: ='[1]MA 15'!BZ59 -> 0.0090642619 | E65: ='[1]MA 15'!CC59 -> 12.76546 | F65: ='[1]MA 15'!CD59 -> 0.63967338 | G65: ='[1]MA 15'!CE59 -> 0.0077738145 | H65: ='[1]MA 15'!CH59 -> 12.712429 | I65: ='[1]MA 15'!CI59 -> 0.69212218 | J65: ='[1]MA 15'!CJ59 -> 0.0036328098 | K65: ='[1]MA 15'!BS59 -> 12.735699 | L65: ='[1]MA 15'!BT59 -> 0.66730596 | M65: ='[1]MA 15'!BU59 -> 0.02267985 | O65: ='[1]MA 30'!BX59 -> 12.827085 | P65: ='[1]MA 30'!BY59 -> 0.70160766 | Q65: ='[1]MA 30'!BZ59 -> 0.022347422 | R65: ='[1]MA 30'!CC59 -> 12.67406 | S65: ='[1]MA 30'!CD59 -> 0.6845458 | T65: ='[1]MA 30'!CE59 -> 0.026271106 | U65: ='[1]MA 30'!CH59 -> 12.77285 | V65: ='[1]MA 30'!CI59 -> 0.68744785 | W65: ='[1]MA 30'!CJ59 -> 0.0034513649 | X65: ='[1]MA 30'!BS59 -> 12.757998 | Y65: ='[1]MA 30'!BT59 -> 0.69120044 | Z65: ='[1]MA 30'!BU59 -> 0.021355457 | AB65: ='[1]MA 45'!BX59 -> 12.669547 | AC65: ='[1]MA 45'!BY59 -> 0.69331608 | AD65: ='[1]MA 45'!BZ59 -> 0.0082709927 | AE65: ='[1]MA 45'!CC59 -> 12.832954 | AF65: ='[1]MA 45'!CD59 -> 0.71981574 | AG65: ='[1]MA 45'!CE59 -> 0.010981381 | AH65: ='[1]MA 45'!CH59 -> 12.720552 | AI65: ='[1]MA 45'!CI59 -> 0.70860259 | AJ65: ='[1]MA 45'!CJ59 -> 0.0075494167 | AK65: ='[1]MA 45'!BS59 -> 12.741018 | AL65: ='[1]MA 45'!BT59 -> 0.7072448 | AM65: ='[1]MA 45'!BU59 -> 0.014140664 | BK65: =L65 -> 0.66730596 | BL65: =0.8243*A65^(-0.083) -> 0.66731049 | BM65: =(BK65-BL65)*100 -> -0.00045361086 | BO65: =Y65 -> 0.69120044 | BP65: =0.8574*A65^(-0.085) -> 0.69058178 | BQ65: =(BO65-BP65)*100 -> 0.061866286 | BS65: =AL65 -> 0.7072448 | BT65: =0.8819*A65^(-0.087) -> 0.70670792 | BU65: =(BS65-BT65)*100 -> 0.053688592
A66: 13 | B66: ='[1]MA 15'!BX60 -> 12.982126 | C66: ='[1]MA 15'!BY60 -> 0.66908885 | D66: ='[1]MA 15'!BZ60 -> 0.0091003354 | E66: ='[1]MA 15'!CC60 -> 13.017414 | F66: ='[1]MA 15'!CD60 -> 0.63855544 | G66: ='[1]MA 15'!CE60 -> 0.0077829768 | H66: ='[1]MA 15'!CH60 -> 12.965002 | I66: ='[1]MA 15'!CI60 -> 0.69107824 | J66: ='[1]MA 15'!CJ60 -> 0.0035940609 | K66: ='[1]MA 15'!BS60 -> 12.98818 | L66: ='[1]MA 15'!BT60 -> 0.66624084 | M66: ='[1]MA 15'!BU60 -> 0.022714144 | O66: ='[1]MA 30'!BX60 -> 13.078596 | P66: ='[1]MA 30'!BY60 -> 0.70049417 | Q66: ='[1]MA 30'!BZ60 -> 0.022328494 | R66: ='[1]MA 30'!CC60 -> 12.927541 | S66: ='[1]MA 30'!CD60 -> 0.68350094 | T66: ='[1]MA 30'!CE60 -> 0.026225869 | U66: ='[1]MA 30'!CH60 -> 13.023298 | V66: ='[1]MA 30'!CI60 -> 0.68634651 | W66: ='[1]MA 30'!CJ60 -> 0.0034342062 | X66: ='[1]MA 30'!BS60 -> 13.009812 | Y66: ='[1]MA 30'!BT60 -> 0.69011387 | Z66: ='[1]MA 30'!BU60 -> 0.021321555 | AB66: ='[1]MA 45'!BX60 -> 12.921274 | AC66: ='[1]MA 45'!BY60 -> 0.69222126 | AD66: ='[1]MA 45'!BZ60 -> 0.0082851206 | AE66: ='[1]MA 45'!CC60 -> 13.084581 | AF66: ='[1]MA 45'!CD60 -> 0.71866531 | AG66: ='[1]MA 45'!CE60 -> 0.010936779 | AH66: ='[1]MA 45'!CH60 -> 12.969975 | AI66: ='[1]MA 45'!CI60 -> 0.7075652 | AJ66: ='[1]MA 45'!CJ60 -> 0.0074704008 | AK66: ='[1]MA 45'!BS60 -> 12.991943 | AL66: ='[1]MA 45'!BT60 -> 0.70615059 | AM66: ='[1]MA 45'!BU60 -> 0.014103296 | BK66: =L66 -> 0.66624084 | BL66: =0.8243*A66^(-0.083) -> 0.66623586 | BM66: =(BK66-BL66)*100 -> 0.00049879824 | BO66: =Y66 -> 0.69011387 | BP66: =0.8574*A66^(-0.085) -> 0.68944289 | BQ66: =(BO66-BP66)*100 -> 0.067098643 | BS66: =AL66 -> 0.70615059 | BT66: =0.8819*A66^(-0.087) -> 0.70551503 | BU66: =(BS66-BT66)*100 -> 0.063555749
A67: 13.249722 | B67: ='[1]MA 15'!BX61 -> 13.234951 | C67: ='[1]MA 15'!BY61 -> 0.66816427 | D67: ='[1]MA 15'!BZ61 -> 0.0090515586 | E67: ='[1]MA 15'!CC61 -> 13.269181 | F67: ='[1]MA 15'!CD61 -> 0.63749761 | G67: ='[1]MA 15'!CE61 -> 0.0078108914 | H67: ='[1]MA 15'!CH61 -> 13.217482 | I67: ='[1]MA 15'!CI61 -> 0.69004187 | J67: ='[1]MA 15'!CJ61 -> 0.0035952938 | K67: ='[1]MA 15'!BS61 -> 13.240538 | L67: ='[1]MA 15'!BT61 -> 0.66523458 | M67: ='[1]MA 15'!BU61 -> 0.022724371 | O67: ='[1]MA 30'!BX61 -> 13.329829 | P67: ='[1]MA 30'!BY61 -> 0.6994332 | Q67: ='[1]MA 30'!BZ61 -> 0.022309 | R67: ='[1]MA 30'!CC61 -> 13.181023 | S67: ='[1]MA 30'!CD61 -> 0.68249441 | T67: ='[1]MA 30'!CE61 -> 0.02619633 | U67: ='[1]MA 30'!CH61 -> 13.273468 | V67: ='[1]MA 30'!CI61 -> 0.68524539 | W67: ='[1]MA 30'!CJ61 -> 0.0034178895 | X67: ='[1]MA 30'!BS61 -> 13.26144 | Y67: ='[1]MA 30'!BT61 -> 0.68905767 | Z67: ='[1]MA 30'!BU61 -> 0.021298533 | AB67: ='[1]MA 45'!BX61 -> 13.172908 | AC67: ='[1]MA 45'!BY61 -> 0.69111424 | AD67: ='[1]MA 45'!BZ61 -> 0.0082928472 | AE67: ='[1]MA 45'!CC61 -> 13.335928 | AF67: ='[1]MA 45'!CD61 -> 0.71757936 | AG67: ='[1]MA 45'!CE61 -> 0.010948381 | AH67: ='[1]MA 45'!CH61 -> 13.21912 | AI67: ='[1]MA 45'!CI61 -> 0.70643171 | AJ67: ='[1]MA 45'!CJ61 -> 0.0075724434 | AK67: ='[1]MA 45'!BS61 -> 13.242652 | AL67: ='[1]MA 45'!BT61 -> 0.70504177 | AM67: ='[1]MA 45'!BU61 -> 0.014131282 | BK67: =L67 -> 0.66523458 | BL67: =0.8243*A67^(-0.083) -> 0.66518453 | BM67: =(BK67-BL67)*100 -> 0.0050056028 | BO67: =Y67 -> 0.68905767 | BP67: =0.8574*A67^(-0.085) -> 0.68832874 | BQ67: =(BO67-BP67)*100 -> 0.072892472 | BS67: =AL67 -> 0.70504177 | BT67: =0.8819*A67^(-0.087) -> 0.70434811 | BU67: =(BS67-BT67)*100 -> 0.06936563
... A178: 58.5 | B178: ='[1]MA 15'!BX172 -> 58.504359 | C178: ='[1]MA 15'!BY172 -> 0.58634855 | D178: ='[1]MA 15'!BZ172 -> 0.0077681521 | E178: ='[1]MA 15'!CC172 -> 58.45328 | F178: ='[1]MA 15'!CD172 -> 0.55684984 | G178: ='[1]MA 15'!CE172 -> 0.0056938068 | H178: ='[1]MA 15'!CH172 -> 58.427961 | I178: ='[1]MA 15'!CI172 -> 0.60105513 | J178: ='[1]MA 15'!CJ172 -> 0.0047059161 | K178: ='[1]MA 15'!BS172 -> 58.461867 | L178: ='[1]MA 15'!BT172 -> 0.58141784 | M178: ='[1]MA 15'!BU172 -> 0.019394422 | O178: ='[1]MA 30'!BX172 -> 58.517866 | P178: ='[1]MA 30'!BY172 -> 0.6060617 | Q178: ='[1]MA 30'!BZ172 -> 0.015063583 | R178: ='[1]MA 30'!CC172 -> 58.469287 | S178: ='[1]MA 30'!CD172 -> 0.59631896 | T178: ='[1]MA 30'!CE172 -> 0.01636975 | U178: ='[1]MA 30'!CH172 -> 58.60271 | V178: ='[1]MA 30'!CI172 -> 0.58921622 | W178: ='[1]MA 30'!CJ172 -> 0.0029221956 | X178: ='[1]MA 30'!BS172 -> 58.529954 | Y178: ='[1]MA 30'!BT172 -> 0.59719896 | Z178: ='[1]MA 30'!BU172 -> 0.014679534 | AB178: ='[1]MA 45'!BX172 -> 58.567072 | AC178: ='[1]MA 45'!BY172 -> 0.59837949 | AD178: ='[1]MA 45'!BZ172 -> 0.0086514404 | AE178: ='[1]MA 45'!CC172 -> 58.377362 | AF178: ='[1]MA 45'!CD172 -> 0.619907 | AG178: ='[1]MA 45'!CE172 -> 0.0077219532 | AH178: ='[1]MA 45'!CH172 -> 58.530772 | AI178: ='[1]MA 45'!CI172 -> 0.60499617 | AJ178: ='[1]MA 45'!CJ172 -> 0.0054541178 | AK178: ='[1]MA 45'!BS172 -> 58.491735 | AL178: ='[1]MA 45'!BT172 -> 0.60776089 | AM178: ='[1]MA 45'!BU172 -> 0.011653409 | BK178: =L178 -> 0.58141784 | BL178: =0.8243*A178^(-0.083) -> 0.58804609 | BM178: =(BK178-BL178)*100 -> -0.66282427 | BO178: =Y178 -> 0.59719896 | BP178: =0.8574*A178^(-0.085) -> 0.60670173 | BQ178: =(BO178-BP178)*100 -> -0.9502765 | BS178: =AL178 -> 0.60776089 | BT178: =0.8819*A178^(-0.087) -> 0.61898024 | BU178: =(BS178-BT178)*100 -> -1.1219347
A179: 59 | B179: ='[1]MA 15'!BX173 -> 0 | C179: ='[1]MA 15'!BY173 -> 0 | D179: ='[1]MA 15'!BZ173 -> 0 | E179: ='[1]MA 15'!CC173 -> 0 | F179: ='[1]MA 15'!CD173 -> 0 | G179: ='[1]MA 15'!CE173 -> 0 | H179: ='[1]MA 15'!CH173 -> 0 | I179: ='[1]MA 15'!CI173 -> 0 | J179: ='[1]MA 15'!CJ173 -> 0 | K179: ='[1]MA 15'!BS173 -> 0 | L179: ='[1]MA 15'!BT173 -> 0 | M179: ='[1]MA 15'!BU173 -> 0 | O179: ='[1]MA 30'!BX173 -> 0 | P179: ='[1]MA 30'!BY173 -> 0 | Q179: ='[1]MA 30'!BZ173 -> 0 | R179: ='[1]MA 30'!CC173 -> 0 | S179: ='[1]MA 30'!CD173 -> 0 | T179: ='[1]MA 30'!CE173 -> 0 | U179: ='[1]MA 30'!CH173 -> 0 | V179: ='[1]MA 30'!CI173 -> 0 | W179: ='[1]MA 30'!CJ173 -> 0 | X179: ='[1]MA 30'!BS173 -> 0 | Y179: ='[1]MA 30'!BT173 -> 0 | Z179: ='[1]MA 30'!BU173 -> 0 | AB179: ='[1]MA 45'!BX173 -> 0 | AC179: ='[1]MA 45'!BY173 -> 0 | AD179: ='[1]MA 45'!BZ173 -> 0 | AE179: ='[1]MA 45'!CC173 -> 0 | AF179: ='[1]MA 45'!CD173 -> 0 | AG179: ='[1]MA 45'!CE173 -> 0 | AH179: ='[1]MA 45'!CH173 -> 0 | AI179: ='[1]MA 45'!CI173 -> 0 | AJ179: ='[1]MA 45'!CJ173 -> 0 | AK179: ='[1]MA 45'!BS173 -> 0 | AL179: ='[1]MA 45'!BT173 -> 0 | AM179: ='[1]MA 45'!BU173 -> 0
A180: 59.5 | B180: ='[1]MA 15'!BX174 -> 0 | C180: ='[1]MA 15'!BY174 -> 0 | D180: ='[1]MA 15'!BZ174 -> 0 | E180: ='[1]MA 15'!CC174 -> 0 | F180: ='[1]MA 15'!CD174 -> 0 | G180: ='[1]MA 15'!CE174 -> 0 | H180: ='[1]MA 15'!CH174 -> 0 | I180: ='[1]MA 15'!CI174 -> 0 | J180: ='[1]MA 15'!CJ174 -> 0 | K180: ='[1]MA 15'!BS174 -> 0 | L180: ='[1]MA 15'!BT174 -> 0 | M180: ='[1]MA 15'!BU174 -> 0 | O180: ='[1]MA 30'!BX174 -> 0 | P180: ='[1]MA 30'!BY174 -> 0 | Q180: ='[1]MA 30'!BZ174 -> 0 | R180: ='[1]MA 30'!CC174 -> 0 | S180: ='[1]MA 30'!CD174 -> 0 | T180: ='[1]MA 30'!CE174 -> 0 | U180: ='[1]MA 30'!CH174 -> 0 | V180: ='[1]MA 30'!CI174 -> 0 | W180: ='[1]MA 30'!CJ174 -> 0 | X180: ='[1]MA 30'!BS174 -> 0 | Y180: ='[1]MA 30'!BT174 -> 0 | Z180: ='[1]MA 30'!BU174 -> 0 | AB180: ='[1]MA 45'!BX174 -> 0 | AC180: ='[1]MA 45'!BY174 -> 0 | AD180: ='[1]MA 45'!BZ174 -> 0 | AE180: ='[1]MA 45'!CC174 -> 0 | AF180: ='[1]MA 45'!CD174 -> 0 | AG180: ='[1]MA 45'!CE174 -> 0 | AH180: ='[1]MA 45'!CH174 -> 0 | AI180: ='[1]MA 45'!CI174 -> 0 | AJ180: ='[1]MA 45'!CJ174 -> 0 | AK180: ='[1]MA 45'!BS174 -> 0 | AL180: ='[1]MA 45'!BT174 -> 0 | AM180: ='[1]MA 45'!BU174 -> 0
A181: 60 | B181: ='[1]MA 15'!BX175 -> 0 | C181: ='[1]MA 15'!BY175 -> 0 | D181: ='[1]MA 15'!BZ175 -> 0 | E181: ='[1]MA 15'!CC175 -> 0 | F181: ='[1]MA 15'!CD175 -> 0 | G181: ='[1]MA 15'!CE175 -> 0 | H181: ='[1]MA 15'!CH175 -> 0 | I181: ='[1]MA 15'!CI175 -> 0 | J181: ='[1]MA 15'!CJ175 -> 0 | K181: ='[1]MA 15'!BS175 -> 0 | L181: ='[1]MA 15'!BT175 -> 0 | M181: ='[1]MA 15'!BU175 -> 0 | O181: ='[1]MA 30'!BX175 -> 0 | P181: ='[1]MA 30'!BY175 -> 0 | Q181: ='[1]MA 30'!BZ175 -> 0 | R181: ='[1]MA 30'!CC175 -> 0 | S181: ='[1]MA 30'!CD175 -> 0 | T181: ='[1]MA 30'!CE175 -> 0 | U181: ='[1]MA 30'!CH175 -> 0 | V181: ='[1]MA 30'!CI175 -> 0 | W181: ='[1]MA 30'!CJ175 -> 0 | X181: ='[1]MA 30'!BS175 -> 0 | Y181: ='[1]MA 30'!BT175 -> 0 | Z181: ='[1]MA 30'!BU175 -> 0 | AB181: ='[1]MA 45'!BX175 -> 0 | AC181: ='[1]MA 45'!BY175 -> 0 | AD181: ='[1]MA 45'!BZ175 -> 0 | AE181: ='[1]MA 45'!CC175 -> 0 | AF181: ='[1]MA 45'!CD175 -> 0 | AG181: ='[1]MA 45'!CE175 -> 0 | AH181: ='[1]MA 45'!CH175 -> 0 | AI181: ='[1]MA 45'!CI175 -> 0 | AJ181: ='[1]MA 45'!CJ175 -> 0 | AK181: ='[1]MA 45'!BS175 -> 0 | AL181: ='[1]MA 45'!BT175 -> 0 | AM181: ='[1]MA 45'!BU175 -> 0
A182: 60.5

Sheet Pitched Blade Impeller (1)
A1: Pitched Blade Impeller (1) | I1: 23 | J1: 25 | K1: 26
I2: 37 | J2: 36 | K2: 36
B4: 15 minutes mixing | O4: 30 minutes mixing | AB4: 45 minutes mixing
B5: Series 1 | E5: Series 2 | H5: Series 3 | K5: Across Series | O5: Series 1 | R5: Series 2 | U5: Series 3 | X5: Across Series | AB5: Series 1 | AE5: Series 2 | AH5: Series 3 | AK5: Across Series
B6: Time | C6: Average | D6: St. Dev. | E6: Time | F6: Average | G6: St. Dev. | H6: Time | I6: Average | J6: St. Dev. | K6: Time | L6: Average | M6: St. Dev. | O6: Time | P6: Average | Q6: St. Dev. | R6: Time | S6: Average | T6: St. Dev. | U6: Time | V6: Average | W6: St. Dev. | X6: Time | Y6: Average | Z6: St. Dev. | AB6: Time | AC6: Average | AD6: St. Dev. | AE6: Time | AF6: Average | AG6: St. Dev. | AH6: Time | AI6: Average | AJ6: St. Dev. | AK6: Time | AL6: Average | AM6: St. Dev.
A7: Settlement | D7: =AVERAGE(D15:D22) -> 0.0014947222 | G7: =AVERAGE(G15:G22) -> 0.0010374969 | J7: =AVERAGE(J15:J22) -> 0.0011798541 | M7: =AVERAGE(M15:M22) -> 0.0087112248 | Q7: =AVERAGE(Q15:Q24) -> 0.001129283 | T7: =AVERAGE(T15:T24) -> 0.0032519729 | W7: =AVERAGE(W15:W24) -> 0.0033192587 | Z7: =AVERAGE(Z15:Z24) -> 0.0096605931 | AD7: =AVERAGE(AD15:AD25) -> 0.0024231901 | AG7: =AVERAGE(AG15:AG25) -> 0.0058105738 | AJ7: =AVERAGE(AJ15:AJ25) -> 0.0034361522 | AM7: =AVERAGE(AM15:AM25) -> 0.013289804
A8: Hindered Settling | D8: =AVERAGE(D23:D36) -> 0.013705695 | G8: =AVERAGE(G23:G36) -> 0.0057410278 | J8: =AVERAGE(J23:J36) -> 0.002133421 | M8: =AVERAGE(M23:M36) -> 0.012845198 | Q8: =AVERAGE(Q25:Q35) -> 0.0036320226 | T8: =AVERAGE(T25:T35) -> 0.0037351671 | W8: =AVERAGE(W25:W35) -> 0.0071028406 | Z8: =AVERAGE(Z25:Z35) -> 0.014898597 | AD8: =AVERAGE(AD26:AD35) -> 0.0025545236 | AG8: =AVERAGE(AG26:AG35) -> 0.0033654026 | AJ8: =AVERAGE(AJ26:AJ35) -> 0.0036341034 | AM8: =AVERAGE(AM26:AM35) -> 0.013337131
A9: Consolidation | D9: =AVERAGE(D37:D116) -> 0.020935556 | G9: =AVERAGE(G37:G116) -> 0.0083676538 | J9: =AVERAGE(J37:J116) -> 0.0086041019 | M9: =AVERAGE(M37:M116) -> 0.016169401 | Q9: =AVERAGE(Q36:Q116) -> 0.0045526437 | T9: =AVERAGE(T36:T116) -> 0.0052829058 | W9: =AVERAGE(W36:W116) -> 0.0082117472 | Z9: =AVERAGE(Z36:Z116) -> 0.0078470009 | AD9: =AVERAGE(AD36:AD116) -> 0.0019514401 | AG9: =AVERAGE(AG36:AG116) -> 0.0065432646 | AJ9: =AVERAGE(AJ36:AJ116) -> 0.0097196906 | AM9: =AVERAGE(AM36:AM116) -> 0.0092799951
M11: ='[1]PB1 15'!$BU$4 -> 1620.9385 | Z11: ='[1]PB1 30'!$BU$4 -> 1598.061 | AM11: ='[1]PB1 45'!$BU$4 -> 1609.0848 | BK11: Consolidation Phase
B12: 15 minutes mixing | O12: 30 minutes mixing | AB12: 45 minutes mixing | BK12: 15 min - Power law | BO12: 30 min - Power law | BS12: 45 min - Power law
A13: Time | B13: Series 1 | E13: Series 2 | H13: Series 3 | K13: Across Series | O13: Series 1 | R13: Series 2 | U13: Series 3 | X13: Across Series | AB13: Series 1 | AE13: Series 2 | AH13: Series 3 | AK13: Across Series | BB13: 15 min | BE13: 30 min | BH13: 45 min | BK13: Data | BL13: EQ | BM13: Delta | BO13: Data | BP13: EQ | BQ13: Delta | BS13: Data | BT13: EQ | BU13: Delta
A14: [hrs] | B14: Time | C14: Average | D14: St. Dev. | E14: Time | F14: Average | G14: St. Dev. | H14: Time | I14: Average | J14: St. Dev. | K14: Time | L14: Average | M14: St. Dev. | O14: Time | P14: Average | Q14: St. Dev. | R14: Time | S14: Average | T14: St. Dev. | U14: Time | V14: Average | W14: St. Dev. | X14: Time | Y14: Average | Z14: St. Dev. | AB14: Time | AC14: Average | AD14: St. Dev. | AE14: Time | AF14: Average | AG14: St. Dev. | AH14: Time | AI14: Average | AJ14: St. Dev. | AK14: Time | AL14: Average | AM14: St. Dev. | BB14: Settle | BC14: Delta | BE14: Settle | BF14: Delta | BH14: Settle | BI14: Delta
A15: ='[1]PB1 15'!$A$9 -> 0.24972222 | B15: ='[1]PB1 15'!BX9 -> 0.24974153 | C15: ='[1]PB1 15'!BY9 -> 0.98651219 | D15: ='[1]PB1 15'!BZ9 -> 0.0024070044 | E15: ='[1]PB1 15'!CC9 -> 0.25058872 | F15: ='[1]PB1 15'!CD9 -> 0.98750396 | G15: ='[1]PB1 15'!CE9 -> 0.00078995308 | H15: ='[1]PB1 15'!CH9 -> 0.23587426 | I15: ='[1]PB1 15'!CI9 -> 0.99333402 | J15: ='[1]PB1 15'!CJ9 -> 0.00025281297 | K15: ='[1]PB1 15'!BS9 -> 0.2454015 | L15: ='[1]PB1 15'!BT9 -> 0.98911672 | M15: ='[1]PB1 15'!BU9 -> 0.0033492203 | O15: ='[1]PB1 30'!BX9 -> 0.24513657 | P15: ='[1]PB1 30'!BY9 -> 0.98645875 | Q15: ='[1]PB1 30'!BZ9 -> 0.0001562982 | R15: ='[1]PB1 30'!CC9 -> 0.24340159 | S15: ='[1]PB1 30'!CD9 -> 0.99401061 | T15: ='[1]PB1 30'!CE9 -> 0.00073796679 | U15: ='[1]PB1 30'!CH9 -> 0.23727574 | V15: ='[1]PB1 30'!CI9 -> 0.99042428 | W15: ='[1]PB1 30'!CJ9 -> 0.0011698362 | X15: ='[1]PB1 30'!BS9 -> 0.24193797 | Y15: ='[1]PB1 30'!BT9 -> 0.99029788 | Z15: ='[1]PB1 30'!BU9 -> 0.0031873089 | AB15: ='[1]PB1 45'!BX9 -> 0.24634968 | AC15: ='[1]PB1 45'!BY9 -> 0.98473017 | AD15: ='[1]PB1 45'!BZ9 -> 0.0011875096 | AE15: ='[1]PB1 45'!CC9 -> 0.24863006 | AF15: ='[1]PB1 45'!CD9 -> 0.99334213 | AG15: ='[1]PB1 45'!CE9 -> 0.0033531186 | AH15: ='[1]PB1 45'!CH9 -> 0.23584098 | AI15: ='[1]PB1 45'!CI9 -> 0.99356407 | AJ15: ='[1]PB1 45'!CJ9 -> 0.0011939774 | AK15: ='[1]PB1 45'!BS9 -> 0.24360691 | AL15: ='[1]PB1 45'!BT9 -> 0.99054546 | AM15: ='[1]PB1 45'!BU9 -> 0.0046486593 | BB15: =-0.0594*A15 + 1.006 -> 0.9911665 | BC15: =(BB15-L15)*100 -> 0.20497755 | BE15: =-0.0628*A15 + 1.0082 -> 0.99251744 | BF15: =(BE15-Y15)*100 -> 0.22195644 | BH15: =-0.0594*A15 + 1.0081 -> 0.9932665 | BI15: =(BH15-AL15)*100 -> 0.27210421 | BK15: =L15 -> 0.98911672 | BL15: =0.8757*A15^(-0.084) -> 0.98394075 | BM15: =(BK15-BL15)*100 -> 0.51759782 | BO15: =Y15 -> 0.99029788 | BP15: =0.8666*A15^(-0.092) -> 0.98458366 | BQ15: =(BO15-BP15)*100 -> 0.5714222 | BS15: =AL15 -> 0.99054546 | BT15: =0.8778*A15^(-0.0896) -> 0.9939932 | BU15: =(BS15-BT15)*100 -> -0.34477395
A16: ='[1]PB1 15'!$A10 -> 0.5 | B16: ='[1]PB1 15'!BX10 -> 0.50003865 | C16: ='[1]PB1 15'!BY10 -> 0.97109978 | D16: ='[1]PB1 15'!BZ10 -> 0.002471073 | E16: ='[1]PB1 15'!CC10 -> 0.50173491 | F16: ='[1]PB1 15'!CD10 -> 0.97290123 | G16: ='[1]PB1 15'!CE10 -> 0.00087660237 | H16: ='[1]PB1 15'!CH10 -> 0.47227326 | I16: ='[1]PB1 15'!CI10 -> 0.9835588 | J16: ='[1]PB1 15'!CJ10 -> 0.00058988069 | K16: ='[1]PB1 15'!BS10 -> 0.49134894 | L16: ='[1]PB1 15'!BT10 -> 0.97585327 | M16: ='[1]PB1 15'!BU10 -> 0.0057127959 | O16: ='[1]PB1 30'!BX10 -> 0.49081848 | P16: ='[1]PB1 30'!BY10 -> 0.96960407 | Q16: ='[1]PB1 30'!BZ10 -> 0.00040574904 | R16: ='[1]PB1 30'!CC10 -> 0.48734467 | S16: ='[1]PB1 30'!CD10 -> 0.98276926 | T16: ='[1]PB1 30'!CE10 -> 0.0028553914 | U16: ='[1]PB1 30'!CH10 -> 0.47507935 | V16: ='[1]PB1 30'!CI10 -> 0.97854364 | W16: ='[1]PB1 30'!CJ10 -> 0.0015230212 | X16: ='[1]PB1 30'!BS10 -> 0.48441417 | Y16: ='[1]PB1 30'!BT10 -> 0.97697232 | Z16: ='[1]PB1 30'!BU10 -> 0.0058023618 | AB16: ='[1]PB1 45'!BX10 -> 0.49324742 | AC16: ='[1]PB1 45'!BY10 -> 0.96820003 | AD16: ='[1]PB1 45'!BZ10 -> 0.0017793334 | AE16: ='[1]PB1 45'!CC10 -> 0.49781325 | AF16: ='[1]PB1 45'!CD10 -> 0.98284888 | AG16: ='[1]PB1 45'!CE10 -> 0.0058422424 | AH16: ='[1]PB1 45'!CH10 -> 0.47220663 | AI16: ='[1]PB1 45'!CI10 -> 0.98475862 | AJ16: ='[1]PB1 45'!CJ10 -> 0.0021158022 | AK16: ='[1]PB1 45'!BS10 -> 0.48775577 | AL16: ='[1]PB1 45'!BT10 -> 0.97860251 | AM16: ='[1]PB1 45'!BU10 -> 0.0082848329 | BB16: =-0.0594*A16 + 1.006 -> 0.9763 | BC16: =(BB16-L16)*100 -> 0.044673154 | BE16: =-0.0628*A16 + 1.0082 -> 0.9768 | BF16: =(BE16-Y16)*100 -> -0.017232109 | BH16: =-0.0594*A16 + 1.0081 -> 0.9784 | BI16: =(BH16-AL16)*100 -> -0.020251061 | BK16: =L16 -> 0.97585327 | BL16: =0.8757*A16^(-0.084) -> 0.92820065 | BM16: =(BK16-BL16)*100 -> 4.7652616 | BO16: =Y16 -> 0.97697232 | BP16: =0.8666*A16^(-0.092) -> 0.92366278 | BQ16: =(BO16-BP16)*100 -> 5.330954 | BS16: =AL16 -> 0.97860251 | BT16: =0.8778*A16^(-0.0896) -> 0.93404514 | BU16: =(BS16-BT16)*100 -> 4.4557373
A17: ='[1]PB1 15'!$A11 -> 0.75 | B17: ='[1]PB1 15'!BX11 -> 0.75005798 | C17: ='[1]PB1 15'!BY11 -> 0.95571385 | D17: ='[1]PB1 15'!BZ11 -> 0.0023493069 | E17: ='[1]PB1 15'!CC11 -> 0.75260237 | F17: ='[1]PB1 15'!CD11 -> 0.95785306 | G17: ='[1]PB1 15'!CE11 -> 0.00094123534 | H17: ='[1]PB1 15'!CH11 -> 0.70840989 | I17: ='[1]PB1 15'!CI11 -> 0.97169997 | J17: ='[1]PB1 15'!CJ11 -> 0.00060154011 | K17: ='[1]PB1 15'!BS11 -> 0.73702341 | L17: ='[1]PB1 15'!BT11 -> 0.96175563 | M17: ='[1]PB1 15'!BU11 -> 0.0072431589 | O17: ='[1]PB1 30'!BX11 -> 0.73622773 | P17: ='[1]PB1 30'!BY11 -> 0.9523591 | Q17: ='[1]PB1 30'!BZ11 -> 0.00079464701 | R17: ='[1]PB1 30'!CC11 -> 0.73101701 | S17: ='[1]PB1 30'!CD11 -> 0.96685657 | T17: ='[1]PB1 30'!CE11 -> 0.0028985014 | U17: ='[1]PB1 30'!CH11 -> 0.71261903 | V17: ='[1]PB1 30'!CI11 -> 0.96613629 | W17: ='[1]PB1 30'!CJ11 -> 0.0017877487 | X17: ='[1]PB1 30'!BS11 -> 0.72662125 | Y17: ='[1]PB1 30'!BT11 -> 0.96178399 | Z17: ='[1]PB1 30'!BU11 -> 0.0069697197 | AB17: ='[1]PB1 45'!BX11 -> 0.73987113 | AC17: ='[1]PB1 45'!BY11 -> 0.9514294 | AD17: ='[1]PB1 45'!BZ11 -> 0.0011980768 | AE17: ='[1]PB1 45'!CC11 -> 0.74671988 | AF17: ='[1]PB1 45'!CD11 -> 0.9671227 | AG17: ='[1]PB1 45'!CE11 -> 0.0090895919 | AH17: ='[1]PB1 45'!CH11 -> 0.70830994 | AI17: ='[1]PB1 45'!CI11 -> 0.97475805 | AJ17: ='[1]PB1 45'!CJ11 -> 0.0028441077 | AK17: ='[1]PB1 45'!BS11 -> 0.73163365 | AL17: ='[1]PB1 45'!BT11 -> 0.96443672 | AM17: ='[1]PB1 45'!BU11 -> 0.011181527 | BB17: =-0.0594*A17 + 1.006 -> 0.96145 | BC17: =(BB17-L17)*100 -> -0.030562567 | BE17: =-0.0628*A17 + 1.0082 -> 0.9611 | BF17: =(BE17-Y17)*100 -> -0.068398876 | BH17: =-0.0594*A17 + 1.0081 -> 0.96355 | BI17: =(BH17-AL17)*100 -> -0.088671892 | BK17: =L17 -> 0.96175563 | BL17: =0.8757*A17^(-0.084) -> 0.89711931 | BM17: =(BK17-BL17)*100 -> 6.4636318 | BO17: =Y17 -> 0.96178399 | BP17: =0.8666*A17^(-0.092) -> 0.8898423 | BQ17: =(BO17-BP17)*100 -> 7.1941685 | BS17: =AL17 -> 0.96443672 | BT17: =0.8778*A17^(-0.0896) -> 0.90072058 | BU17: =(BS17-BT17)*100 -> 6.3716136
A18: ='[1]PB1 15'!$A12 -> 1 | B18: ='[1]PB1 15'!BX12 -> 1.0000773 | C18: ='[1]PB1 15'!BY12 -> 0.94024983 | D18: ='[1]PB1 15'!BZ12 -> 0.0016818197 | E18: ='[1]PB1 15'!CC12 -> 1.0034698 | F18: ='[1]PB1 15'!CD12 -> 0.9425961 | G18: ='[1]PB1 15'!CE12 -> 0.00098847424 | H18: ='[1]PB1 15'!CH12 -> 0.94454652 | I18: ='[1]PB1 15'!CI12 -> 0.95929656 | J18: ='[1]PB1 15'!CJ12 -> 0.00046072072 | K18: ='[1]PB1 15'!BS12 -> 0.98269788 | L18: ='[1]PB1 15'!BT12 -> 0.94738083 | M18: ='[1]PB1 15'!BU12 -> 0.0085585697 | O18: ='[1]PB1 30'!BX12 -> 0.98163697 | P18: ='[1]PB1 30'!BY12 -> 0.9356049 | Q18: ='[1]PB1 30'!BZ12 -> 0.00080955956 | R18: ='[1]PB1 30'!CC12 -> 0.97468934 | S18: ='[1]PB1 30'!CD12 -> 0.95010064 | T18: ='[1]PB1 30'!CE12 -> 0.0032429521 | U18: ='[1]PB1 30'!CH12 -> 0.9501587 | V18: ='[1]PB1 30'!CI12 -> 0.95325148 | W18: ='[1]PB1 30'!CJ12 -> 0.0020702297 | X18: ='[1]PB1 30'!BS12 -> 0.96882834 | Y18: ='[1]PB1 30'!BT12 -> 0.94631901 | Z18: ='[1]PB1 30'!BU12 -> 0.0080126955 | AB18: ='[1]PB1 45'!BX12 -> 0.98649484 | AC18: ='[1]PB1 45'!BY12 -> 0.93527861 | AD18: ='[1]PB1 45'!BZ12 -> 0.00099801321 | AE18: ='[1]PB1 45'!CC12 -> 0.99562651 | AF18: ='[1]PB1 45'!CD12 -> 0.94995512 | AG18: ='[1]PB1 45'!CE12 -> 0.0091581801 | AH18: ='[1]PB1 45'!CH12 -> 0.94441325 | AI18: ='[1]PB1 45'!CI12 -> 0.96350885 | AJ18: ='[1]PB1 45'!CJ12 -> 0.003128805 | AK18: ='[1]PB1 45'!BS12 -> 0.97551153 | AL18: ='[1]PB1 45'!BT12 -> 0.94958086 | AM18: ='[1]PB1 45'!BU12 -> 0.012823691 | BB18: =-0.0594*A18 + 1.006 -> 0.9466 | BC18: =(BB18-L18)*100 -> -0.078082999 | BE18: =-0.0628*A18 + 1.0082 -> 0.9454 | BF18: =(BE18-Y18)*100 -> -0.09190068 | BH18: =-0.0594*A18 + 1.0081 -> 0.9487 | BI18: =(BH18-AL18)*100 -> -0.088085791 | BK18: =L18 -> 0.94738083 | BL18: =0.8757*A18^(-0.084) -> 0.8757 | BM18: =(BK18-BL18)*100 -> 7.168083 | BO18: =Y18 -> 0.94631901 | BP18: =0.8666*A18^(-0.092) -> 0.8666 | BQ18: =(BO18-BP18)*100 -> 7.9719007 | BS18: =AL18 -> 0.94958086 | BT18: =0.8778*A18^(-0.0896) -> 0.8778 | BU18: =(BS18-BT18)*100 -> 7.1780858
A19: ='[1]PB1 15'!$A13 -> 1.2497222 | B19: ='[1]PB1 15'!BX13 -> 1.2498188 | C19: ='[1]PB1 15'!BY13 -> 0.92547169 | D19: ='[1]PB1 15'!BZ13 -> 0.00096389677 | E19: ='[1]PB1 15'!CC13 -> 1.2540585 | F19: ='[1]PB1 15'!CD13 -> 0.92735467 | G19: ='[1]PB1 15'!CE13 -> 0.0010391922 | H19: ='[1]PB1 15'!CH13 -> 1.1804208 | I19: ='[1]PB1 15'!CI13 -> 0.94647403 | J19: ='[1]PB1 15'!CJ13 -> 0.00041653939 | K19: ='[1]PB1 15'!BS13 -> 1.2280994 | L19: ='[1]PB1 15'!BT13 -> 0.93310013 | M19: ='[1]PB1 15'!BU13 -> 0.009526231 | O19: ='[1]PB1 30'!BX13 -> 1.2267735 | P19: ='[1]PB1 30'!BY13 -> 0.9196968 | Q19: ='[1]PB1 30'!BZ13 -> 0.0012156347 | R19: ='[1]PB1 30'!CC13 -> 1.2180909 | S19: ='[1]PB1 30'!CD13 -> 0.93297383 | T19: ='[1]PB1 30'!CE13 -> 0.0032762427 | U19: ='[1]PB1 30'!CH13 -> 1.1874344 | V19: ='[1]PB1 30'!CI13 -> 0.9404013 | W19: ='[1]PB1 30'!CJ13 -> 0.0022561737 | X19: ='[1]PB1 30'!BS13 -> 1.2107663 | Y19: ='[1]PB1 30'!BT13 -> 0.93102398 | Z19: ='[1]PB1 30'!BU13 -> 0.0088946209 | AB19: ='[1]PB1 45'!BX13 -> 1.2328445 | AC19: ='[1]PB1 45'!BY13 -> 0.91951715 | AD19: ='[1]PB1 45'!BZ13 -> 0.0013478592 | AE19: ='[1]PB1 45'!CC13 -> 1.2442566 | AF19: ='[1]PB1 45'!CD13 -> 0.93196029 | AG19: ='[1]PB1 45'!CE13 -> 0.0065663513 | AH19: ='[1]PB1 45'!CH13 -> 1.1802542 | AI19: ='[1]PB1 45'!CI13 -> 0.95158312 | AJ19: ='[1]PB1 45'!CJ13 -> 0.0032791448 | AK19: ='[1]PB1 45'!BS13 -> 1.2191184 | AL19: ='[1]PB1 45'!BT13 -> 0.93435352 | AM19: ='[1]PB1 45'!BU13 -> 0.013885138 | BB19: =-0.0594*A19 + 1.006 -> 0.9317665 | BC19: =(BB19-L19)*100 -> -0.13336321 | BE19: =-0.0628*A19 + 1.0082 -> 0.92971744 | BF19: =(BE19-Y19)*100 -> -0.1306534 | BH19: =-0.0594*A19 + 1.0081 -> 0.9338665 | BI19: =(BH19-AL19)*100 -> -0.048702066 | BK19: =L19 -> 0.93310013 | BL19: =0.8757*A19^(-0.084) -> 0.85945475 | BM19: =(BK19-BL19)*100 -> 7.3645382 | BO19: =Y19 -> 0.93102398 | BP19: =0.8666*A19^(-0.092) -> 0.84900812 | BQ19: =(BO19-BP19)*100 -> 8.2015859 | BS19: =AL19 -> 0.93435352 | BT19: =0.8778*A19^(-0.0896) -> 0.86044098 | BU19: =(BS19-BT19)*100 -> 7.3912538
A20: ='[1]PB1 15'!$A14 -> 1.5 | B20: ='[1]PB1 15'!BX14 -> 1.500116 | C20: ='[1]PB1 15'!BY14 -> 0.91136035 | D20: ='[1]PB1 15'!BZ14 -> 0.00076626239 | E20: ='[1]PB1 15'!CC14 -> 1.5052047 | F20: ='[1]PB1 15'!CD14 -> 0.9121483 | G20: ='[1]PB1 15'!CE14 -> 0.0011434245 | H20: ='[1]PB1 15'!CH14 -> 1.4168198 | I20: ='[1]PB1 15'!CI14 -> 0.93372032 | J20: ='[1]PB1 15'!CJ14 -> 0.00028389273 | K20: ='[1]PB1 15'!BS14 -> 1.4740468 | L20: ='[1]PB1 15'!BT14 -> 0.91907632 | M20: ='[1]PB1 15'!BU14 -> 0.010391589 | O20: ='[1]PB1 30'!BX14 -> 1.4724555 | P20: ='[1]PB1 30'!BY14 -> 0.90462753 | Q20: ='[1]PB1 30'!BZ14 -> 0.00075237521 | R20: ='[1]PB1 30'!CC14 -> 1.462034 | S20: ='[1]PB1 30'!CD14 -> 0.91160262 | T20: ='[1]PB1 30'!CE14 -> 0.0060867747 | U20: ='[1]PB1 30'!CH14 -> 1.4252381 | V20: ='[1]PB1 30'!CI14 -> 0.92757134 | W20: ='[1]PB1 30'!CJ14 -> 0.0024324706 | X20: ='[1]PB1 30'!BS14 -> 1.4532425 | Y20: ='[1]PB1 30'!BT14 -> 0.9146005 | Z20: ='[1]PB1 30'!BU14 -> 0.010331536 | AB20: ='[1]PB1 45'!BX14 -> 1.4797423 | AC20: ='[1]PB1 45'!BY14 -> 0.90439704 | AD20: ='[1]PB1 45'!BZ14 -> 0.0017873605 | AE20: ='[1]PB1 45'!CC14 -> 1.4934398 | AF20: ='[1]PB1 45'!CD14 -> 0.91599595 | AG20: ='[1]PB1 45'!CE14 -> 0.0064584429 | AH20: ='[1]PB1 45'!CH14 -> 1.4166199 | AI20: ='[1]PB1 45'!CI14 -> 0.93944888 | AJ20: ='[1]PB1 45'!CJ14 -> 0.0033955046 | AK20: ='[1]PB1 45'!BS14 -> 1.4632673 | AL20: ='[1]PB1 45'!BT14 -> 0.91994729 | AM20: ='[1]PB1 45'!BU14 -> 0.015211518 | BB20: =-0.0594*A20 + 1.006 -> 0.9169 | BC20: =(BB20-L20)*100 -> -0.21763233 | BE20: =-0.0628*A20 + 1.0082 -> 0.914 | BF20: =(BE20-Y20)*100 -> -0.060049792 | BH20: =-0.0594*A20 + 1.0081 -> 0.919 | BI20: =(BH20-AL20)*100 -> -0.094728963 | BK20: =L20 -> 0.91907632 | BL20: =0.8757*A20^(-0.084) -> 0.84637667 | BM20: =(BK20-BL20)*100 -> 7.2699653 | BO20: =Y20 -> 0.9146005 | BP20: =0.8666*A20^(-0.092) -> 0.83486891 | BQ20: =(BO20-BP20)*100 -> 7.9731587 | BS20: =AL20 -> 0.91994729 | BT20: =0.8778*A20^(-0.0896) -> 0.84648214 | BU20: =(BS20-BT20)*100 -> 7.3465149
A21: ='[1]PB1 15'!$A15 -> 1.75 | B21: ='[1]PB1 15'!BX15 -> 1.7501353 | C21: ='[1]PB1 15'!BY15 -> 0.89656601 | D21: ='[1]PB1 15'!BZ15 -> 0.00066952195 | E21: ='[1]PB1 15'!CC15 -> 1.7560722 | F21: ='[1]PB1 15'!CD15 -> 0.8919416 | G21: ='[1]PB1 15'!CE15 -> 0.0012186633 | H21: ='[1]PB1 15'!CH15 -> 1.6529564 | I21: ='[1]PB1 15'!CI15 -> 0.9206918 | J21: ='[1]PB1 15'!CJ15 -> 0.00035574783 | K21: ='[1]PB1 15'!BS15 -> 1.7197213 | L21: ='[1]PB1 15'!BT15 -> 0.90306647 | M21: ='[1]PB1 15'!BU15 -> 0.012632379 | O21: ='[1]PB1 30'!BX15 -> 1.7178647 | P21: ='[1]PB1 30'!BY15 -> 0.88841464 | Q21: ='[1]PB1 30'!BZ15 -> 0.00050394358 | R21: ='[1]PB1 30'!CC15 -> 1.7057064 | S21: ='[1]PB1 30'!CD15 -> 0.89255863 | T21: ='[1]PB1 30'!CE15 -> 0.0033684595 | U21: ='[1]PB1 30'!CH15 -> 1.6627777 | V21: ='[1]PB1 30'!CI15 -> 0.91464354 | W21: ='[1]PB1 30'!CJ15 -> 0.0026273647 | X21: ='[1]PB1 30'!BS15 -> 1.6954496 | Y21: ='[1]PB1 30'!BT15 -> 0.89853894 | Z21: ='[1]PB1 30'!BU15 -> 0.011777481 | AB21: ='[1]PB1 45'!BX15 -> 1.726366 | AC21: ='[1]PB1 45'!BY15 -> 0.88953079 | AD21: ='[1]PB1 45'!BZ15 -> 0.0019102983 | AE21: ='[1]PB1 45'!CC15 -> 1.7423464 | AF21: ='[1]PB1 45'!CD15 -> 0.90051367 | AG21: ='[1]PB1 45'!CE15 -> 0.0055538673 | AH21: ='[1]PB1 45'!CH15 -> 1.6527232 | AI21: ='[1]PB1 45'!CI15 -> 0.92713031 | AJ21: ='[1]PB1 45'!CJ15 -> 0.0034622085 | AK21: ='[1]PB1 45'!BS15 -> 1.7071452 | AL21: ='[1]PB1 45'!BT15 -> 0.90572492 | AM21: ='[1]PB1 45'!BU15 -> 0.016269393 | BB21: =-0.0594*A21 + 1.006 -> 0.90205 | BC21: =(BB21-L21)*100 -> -0.10164676 | BE21: =-0.0628*A21 + 1.0082 -> 0.8983 | BF21: =(BE21-Y21)*100 -> -0.023893946 | BH21: =-0.0594*A21 + 1.0081 -> 0.90415 | BI21: =(BH21-AL21)*100 -> -0.1574924 | BK21: =L21 -> 0.90306647 | BL21: =0.8757*A21^(-0.084) -> 0.83548788 | BM21: =(BK21-BL21)*100 -> 6.7578589 | BO21: =Y21 -> 0.89853894 | BP21: =0.8666*A21^(-0.092) -> 0.82311248 | BQ21: =(BO21-BP21)*100 -> 7.5426464 | BS21: =AL21 -> 0.90572492 | BT21: =0.8778*A21^(-0.0896) -> 0.83487098 | BU21: =(BS21-BT21)*100 -> 7.085394
A22: ='[1]PB1 15'!$A16 -> 2 | B22: ='[1]PB1 15'!BX16 -> 2.0001546 | C22: ='[1]PB1 15'!BY16 -> 0.88068239 | D22: ='[1]PB1 15'!BZ16 -> 0.00064889231 | E22: ='[1]PB1 15'!CC16 -> 2.0069397 | F22: ='[1]PB1 15'!CD16 -> 0.8773652 | G22: ='[1]PB1 15'!CE16 -> 0.00130243 | H22: ='[1]PB1 15'!CH16 -> 1.9670211 | I22: ='[1]PB1 15'!CI16 -> 0.90359542 | J22: ='[1]PB1 15'!CJ16 -> 0.0064776987 | K22: ='[1]PB1 15'!BS16 -> 1.9913718 | L22: ='[1]PB1 15'!BT16 -> 0.88721434 | M22: ='[1]PB1 15'!BU16 -> 0.012275854 | O22: ='[1]PB1 30'!BX16 -> 1.9632739 | P22: ='[1]PB1 30'!BY16 -> 0.87200559 | Q22: ='[1]PB1 30'!BZ16 -> 0.0014430609 | R22: ='[1]PB1 30'!CC16 -> 1.9493787 | S22: ='[1]PB1 30'!CD16 -> 0.87578105 | T22: ='[1]PB1 30'!CE16 -> 0.0034150528 | U22: ='[1]PB1 30'!CH16 -> 1.9782957 | V22: ='[1]PB1 30'!CI16 -> 0.89746144 | W22: ='[1]PB1 30'!CJ16 -> 0.0064710709 | X22: ='[1]PB1 30'!BS16 -> 1.9636494 | Y22: ='[1]PB1 30'!BT16 -> 0.88174936 | Z22: ='[1]PB1 30'!BU16 -> 0.012014589 | AB22: ='[1]PB1 45'!BX16 -> 1.9729897 | AC22: ='[1]PB1 45'!BY16 -> 0.87399824 | AD22: ='[1]PB1 45'!BZ16 -> 0.0026645817 | AE22: ='[1]PB1 45'!CC16 -> 1.991253 | AF22: ='[1]PB1 45'!CD16 -> 0.88504433 | AG22: ='[1]PB1 45'!CE16 -> 0.0050482745 | AH22: ='[1]PB1 45'!CH16 -> 1.9671313 | AI22: ='[1]PB1 45'!CI16 -> 0.91065884 | AJ22: ='[1]PB1 45'!CJ16 -> 0.0078002557 | AK22: ='[1]PB1 45'!BS16 -> 1.9771247 | AL22: ='[1]PB1 45'!BT16 -> 0.88990047 | AM22: ='[1]PB1 45'!BU16 -> 0.016338114 | BA22: =A22 -> 2 | BB22: =-0.0594*A22 + 1.006 -> 0.8872 | BC22: =(BB22-L22)*100 -> -0.0014335535 | BE22: =-0.0628*A22 + 1.0082 -> 0.8826 | BF22: =(BE22-Y22)*100 -> 0.085063921 | BH22: =-0.0594*A22 + 1.0081 -> 0.8893 | BI22: =(BH22-AL22)*100 -> -0.060047002 | BK22: =L22 -> 0.88721434 | BL22: =0.8757*A22^(-0.084) -> 0.82616888 | BM22: =(BK22-BL22)*100 -> 6.1045459 | BO22: =Y22 -> 0.88174936 | BP22: =0.8666*A22^(-0.092) -> 0.81306249 | BQ22: =(BO22-BP22)*100 -> 6.8686872 | BS22: =AL22 -> 0.88990047 | BT22: =0.8778*A22^(-0.0896) -> 0.82494176 | BU22: =(BS22-BT22)*100 -> 6.495871
A23: ='[1]PB1 15'!$A17 -> 2.2497222 | B23: ='[1]PB1 15'!BX17 -> 2.2498961 | C23: ='[1]PB1 15'!BY17 -> 0.86306734 | D23: ='[1]PB1 15'!BZ17 -> 0.0017408844 | E23: ='[1]PB1 15'!CC17 -> 2.2575284 | F23: ='[1]PB1 15'!CD17 -> 0.86320905 | G23: ='[1]PB1 15'!CE17 -> 0.0016025887 | H23: ='[1]PB1 15'!CH17 -> 2.2030688 | I23: ='[1]PB1 15'!CI17 -> 0.89075022 | J23: ='[1]PB1 15'!CJ17 -> 0.0064388595 | K23: ='[1]PB1 15'!BS17 -> 2.2368311 | L23: ='[1]PB1 15'!BT17 -> 0.8723422 | M23: ='[1]PB1 15'!BU17 -> 0.013605768 | O23: ='[1]PB1 30'!BX17 -> 2.2084105 | P23: ='[1]PB1 30'!BY17 -> 0.85538337 | Q23: ='[1]PB1 30'!BZ17 -> 0.0026505632 | R23: ='[1]PB1 30'!CC17 -> 2.1927803 | S23: ='[1]PB1 30'!CD17 -> 0.85927302 | T23: ='[1]PB1 30'!CE17 -> 0.0033195608 | U23: ='[1]PB1 30'!CH17 -> 2.2157449 | V23: ='[1]PB1 30'!CI17 -> 0.88490766 | W23: ='[1]PB1 30'!CJ17 -> 0.006374786 | X23: ='[1]PB1 30'!BS17 -> 2.2056452 | Y23: ='[1]PB1 30'!BT17 -> 0.86652135 | Z23: ='[1]PB1 30'!BU17 -> 0.01382428 | AB23: ='[1]PB1 45'!BX17 -> 2.2193394 | AC23: ='[1]PB1 45'!BY17 -> 0.8579524 | AD23: ='[1]PB1 45'!BZ17 -> 0.0038304522 | AE23: ='[1]PB1 45'!CC17 -> 2.2398831 | AF23: ='[1]PB1 45'!CD17 -> 0.87007727 | AG23: ='[1]PB1 45'!CE17 -> 0.0045997625 | AH23: ='[1]PB1 45'!CH17 -> 2.3610331 | AI23: ='[1]PB1 45'!CI17 -> 0.8903909 | AJ23: ='[1]PB1 45'!CJ17 -> 0.0035928775 | AK23: ='[1]PB1 45'!BS17 -> 2.2734185 | AL23: ='[1]PB1 45'!BT17 -> 0.87280686 | AM23: ='[1]PB1 45'!BU17 -> 0.013976683 | BA23: =A23 -> 2.2497222 | BB23: =-0.0594*A23 + 1.006 -> 0.8723665 | BC23: =(BB23-L23)*100 -> 0.0024296769 | BE23: =-0.0628*A23 + 1.0082 -> 0.86691744 | BF23: =(BE23-Y23)*100 -> 0.039609716 | BH23: =-0.0594*A23 + 1.0081 -> 0.8744665 | BI23: =(BH23-AL23)*100 -> 0.1659643 | BK23: =L23 -> 0.8723422 | BL23: =0.8757*A23^(-0.084) -> 0.81804373 | BM23: =(BK23-BL23)*100 -> 5.429847 | BO23: =Y23 -> 0.86652135 | BP23: =0.8666*A23^(-0.092) -> 0.80430881 | BQ23: =(BO23-BP23)*100 -> 6.2212537 | BS23: =AL23 -> 0.87280686 | BT23: =0.8778*A23^(-0.0896) -> 0.81629066 | BU23: =(BS23-BT23)*100 -> 5.6516197
A24: ='[1]PB1 15'!$A18 -> 2.5 | B24: ='[1]PB1 15'!BX18 -> 2.5001933 | C24: ='[1]PB1 15'!BY18 -> 0.84684847 | D24: ='[1]PB1 15'!BZ18 -> 0.00051119141 | E24: ='[1]PB1 15'!CC18 -> 2.5086746 | F24: ='[1]PB1 15'!CD18 -> 0.84902829 | G24: ='[1]PB1 15'!CE18 -> 0.0018723145 | H24: ='[1]PB1 15'!CH18 -> 2.5975029 | I24: ='[1]PB1 15'!CI18 -> 0.8699196 | J24: ='[1]PB1 15'!CJ18 -> 0.00073064181 | K24: ='[1]PB1 15'!BS18 -> 2.5354569 | L24: ='[1]PB1 15'!BT18 -> 0.85526545 | M24: ='[1]PB1 15'!BU18 -> 0.010468885 | O24: ='[1]PB1 30'!BX18 -> 2.4540924 | P24: ='[1]PB1 30'!BY18 -> 0.83836489 | Q24: ='[1]PB1 30'!BZ18 -> 0.0025609984 | R24: ='[1]PB1 30'!CC18 -> 2.4367234 | S24: ='[1]PB1 30'!CD18 -> 0.8432695 | T24: ='[1]PB1 30'!CE18 -> 0.0033188263 | U24: ='[1]PB1 30'!CH18 -> 2.4534618 | V24: ='[1]PB1 30'!CI18 -> 0.87267255 | W24: ='[1]PB1 30'!CJ18 -> 0.0064798858 | X24: ='[1]PB1 30'!BS18 -> 2.4480925 | Y24: ='[1]PB1 30'!BT18 -> 0.85143565 | Z24: ='[1]PB1 30'!BU18 -> 0.015791338 | AB24: ='[1]PB1 45'!BX18 -> 2.4662371 | AC24: ='[1]PB1 45'!BY18 -> 0.84159782 | AD24: ='[1]PB1 45'!BZ18 -> 0.0047562006 | AE24: ='[1]PB1 45'!CC18 -> 2.4890663 | AF24: ='[1]PB1 45'!CD18 -> 0.85583786 | AG24: ='[1]PB1 45'!CE18 -> 0.0043073808 | AH24: ='[1]PB1 45'!CH18 -> 2.5971364 | AI24: ='[1]PB1 45'!CI18 -> 0.8784656 | AJ24: ='[1]PB1 45'!CJ18 -> 0.003563442 | AK24: ='[1]PB1 45'!BS18 -> 2.5174799 | AL24: ='[1]PB1 45'!BT18 -> 0.85863376 | AM24: ='[1]PB1 45'!BU18 -> 0.01576087 | BA24: =A24 -> 2.5 | BB24: =-0.0594*A24 + 1.006 -> 0.8575 | BC24: =(BB24-L24)*100 -> 0.22345471 | BE24: =-0.0628*A24 + 1.0082 -> 0.8512 | BF24: =(BE24-Y24)*100 -> -0.023564927 | BH24: =-0.0594*A24 + 1.0081 -> 0.8596 | BI24: =(BH24-AL24)*100 -> 0.096623757 | BK24: =L24 -> 0.85526545 | BL24: =0.8757*A24^(-0.084) -> 0.81082735 | BM24: =(BK24-BL24)*100 -> 4.4438104 | BO24: =Y24 -> 0.85143565 | BP24: =0.8666*A24^(-0.092) -> 0.79654113 | BQ24: =(BO24-BP24)*100 -> 5.4894523 | BS24: =AL24 -> 0.85863376 | BT24: =0.8778*A24^(-0.0896) -> 0.80861194 | BU24: =(BS24-BT24)*100 -> 5.0021819
A25: ='[1]PB1 15'!$A19 -> 2.75 | B25: ='[1]PB1 15'!BX19 -> 2.7502126 | C25: ='[1]PB1 15'!BY19 -> 0.83241239 | D25: ='[1]PB1 15'!BZ19 -> 0.0039743474 | E25: ='[1]PB1 15'!CC19 -> 2.759542 | F25: ='[1]PB1 15'!CD19 -> 0.83505643 | G25: ='[1]PB1 15'!CE19 -> 0.0020235896 | H25: ='[1]PB1 15'!CH19 -> 2.8336396 | I25: ='[1]PB1 15'!CI19 -> 0.85773214 | J25: ='[1]PB1 15'!CJ19 -> 0.00074315904 | K25: ='[1]PB1 15'!BS19 -> 2.7811314 | L25: ='[1]PB1 15'!BT19 -> 0.84173366 | M25: ='[1]PB1 15'!BU19 -> 0.011659983 | O25: ='[1]PB1 30'!BX19 -> 2.6995017 | P25: ='[1]PB1 30'!BY19 -> 0.82067889 | Q25: ='[1]PB1 30'!BZ19 -> 0.0028075617 | R25: ='[1]PB1 30'!CC19 -> 2.6803957 | S25: ='[1]PB1 30'!CD19 -> 0.82737761 | T25: ='[1]PB1 30'!CE19 -> 0.0033054407 | U25: ='[1]PB1 30'!CH19 -> 2.7706021 | V25: ='[1]PB1 30'!CI19 -> 0.85660995 | W25: ='[1]PB1 30'!CJ19 -> 0.0086077333 | X25: ='[1]PB1 30'!BS19 -> 2.7168332 | Y25: ='[1]PB1 30'!BT19 -> 0.83488882 | Z25: ='[1]PB1 30'!BU19 -> 0.016563507 | AB25: ='[1]PB1 45'!BX19 -> 2.7128608 | AC25: ='[1]PB1 45'!BY19 -> 0.82466449 | AD25: ='[1]PB1 45'!BZ19 -> 0.0051954054 | AE25: ='[1]PB1 45'!CC19 -> 2.7379729 | AF25: ='[1]PB1 45'!CD19 -> 0.84145465 | AG25: ='[1]PB1 45'!CE19 -> 0.0039390994 | AH25: ='[1]PB1 45'!CH19 -> 2.8332398 | AI25: ='[1]PB1 45'!CI19 -> 0.86673766 | AJ25: ='[1]PB1 45'!CJ19 -> 0.0034215488 | AK25: ='[1]PB1 45'!BS19 -> 2.7613578 | AL25: ='[1]PB1 45'!BT19 -> 0.8442856 | AM25: ='[1]PB1 45'!BU19 -> 0.017807423 | BA25: =A25 -> 2.75 | BB25: =-0.0594*A25 + 1.006 -> 0.84265 | BC25: =(BB25-L25)*100 -> 0.091634487 | BE25: =-0.0628*A25 + 1.0082 -> 0.8355 | BF25: =(BE25-Y25)*100 -> 0.061118263 | BH25: =-0.0594*A25 + 1.0081 -> 0.84475 | BI25: =(BH25-AL25)*100 -> 0.046439992 | BK25: =L25 -> 0.84173366 | BL25: =0.8757*A25^(-0.084) -> 0.80436174 | BM25: =(BK25-BL25)*100 -> 3.7371918 | BO25: =Y25 -> 0.83488882 | BP25: =0.8666*A25^(-0.092) -> 0.78958716 | BQ25: =(BO25-BP25)*100 -> 4.5301658 | BS25: =AL25 -> 0.8442856 | BT25: =0.8778*A25^(-0.0896) -> 0.80173597 | BU25: =(BS25-BT25)*100 -> 4.2549633
A26: ='[1]PB1 15'!$A20 -> 3 | B26: ='[1]PB1 15'!BX20 -> 3.0002319 | C26: ='[1]PB1 15'!BY20 -> 0.82102423 | D26: ='[1]PB1 15'!BZ20 -> 0.008213234 | E26: ='[1]PB1 15'!CC20 -> 3.0104095 | F26: ='[1]PB1 15'!CD20 -> 0.82132071 | G26: ='[1]PB1 15'!CE20 -> 0.0023188192 | H26: ='[1]PB1 15'!CH20 -> 3.0697762 | I26: ='[1]PB1 15'!CI20 -> 0.84575783 | J26: ='[1]PB1 15'!CJ20 -> 0.00077478055 | K26: ='[1]PB1 15'!BS20 -> 3.0268059 | L26: ='[1]PB1 15'!BT20 -> 0.82936759 | M26: ='[1]PB1 15'!BU20 -> 0.012602096 | O26: ='[1]PB1 30'!BX20 -> 2.9449109 | P26: ='[1]PB1 30'!BY20 -> 0.8034467 | Q26: ='[1]PB1 30'!BZ20 -> 0.0028545604 | R26: ='[1]PB1 30'!CC20 -> 2.924068 | S26: ='[1]PB1 30'!CD20 -> 0.81161627 | T26: ='[1]PB1 30'!CE20 -> 0.0032357892 | U26: ='[1]PB1 30'!CH20 -> 3.0880158 | V26: ='[1]PB1 30'!CI20 -> 0.84021009 | W26: ='[1]PB1 30'!CJ20 -> 0.003336988 | X26: ='[1]PB1 30'!BS20 -> 2.9856649 | Y26: ='[1]PB1 30'!BT20 -> 0.81842435 | Z26: ='[1]PB1 30'!BU20 -> 0.016073297 | AB26: ='[1]PB1 45'!BX20 -> 2.9594845 | AC26: ='[1]PB1 45'!BY20 -> 0.80768474 | AD26: ='[1]PB1 45'!BZ20 -> 0.0055193861 | AE26: ='[1]PB1 45'!CC20 -> 2.9868795 | AF26: ='[1]PB1 45'!CD20 -> 0.82828449 | AG26: ='[1]PB1 45'!CE20 -> 0.0023739351 | AH26: ='[1]PB1 45'!CH20 -> 3.0693431 | AI26: ='[1]PB1 45'!CI20 -> 0.85539048 | AJ26: ='[1]PB1 45'!CJ20 -> 0.0033004921 | AK26: ='[1]PB1 45'!BS20 -> 3.0052357 | AL26: ='[1]PB1 45'!BT20 -> 0.83045324 | AM26: ='[1]PB1 45'!BU20 -> 0.019932944 | BA26: =A26 -> 3 | BB26: =-0.0594*A26 + 1.006 -> 0.8278 | BC26: =(BB26-L26)*100 -> -0.15675909 | BE26: =-0.0628*A26 + 1.0082 -> 0.8198 | BF26: =(BE26-Y26)*100 -> 0.1375648 | BH26: =-0.0594*A26 + 1.0081 -> 0.8299 | BI26: =(BH26-AL26)*100 -> -0.055323699 | BK26: =L26 -> 0.82936759 | BL26: =0.8757*A26^(-0.084) -> 0.79850413 | BM26: =(BK26-BL26)*100 -> 3.0863465 | BO26: =Y26 -> 0.81842435 | BP26: =0.8666*A26^(-0.092) -> 0.78329171 | BQ26: =(BO26-BP26)*100 -> 3.5132644 | BS26: =AL26 -> 0.83045324 | BT26: =0.8778*A26^(-0.0896) -> 0.79550976 | BU26: =(BS26-BT26)*100 -> 3.4943477
A27: ='[1]PB1 15'!$A21 -> 3.25 | B27: ='[1]PB1 15'!BX21 -> 3.2502512 | C27: ='[1]PB1 15'!BY21 -> 0.8110997 | D27: ='[1]PB1 15'!BZ21 -> 0.011681254 | E27: ='[1]PB1 15'!CC21 -> 3.2612769 | F27: ='[1]PB1 15'!CD21 -> 0.80967178 | G27: ='[1]PB1 15'!CE21 -> 0.0028736297 | H27: ='[1]PB1 15'!CH21 -> 3.3059128 | I27: ='[1]PB1 15'!CI21 -> 0.83403431 | J27: ='[1]PB1 15'!CJ21 -> 0.00077543953 | K27: ='[1]PB1 15'!BS21 -> 3.2724803 | L27: ='[1]PB1 15'!BT21 -> 0.8182686 | M27: ='[1]PB1 15'!BU21 -> 0.01315506 | O27: ='[1]PB1 30'!BX21 -> 3.1903201 | P27: ='[1]PB1 30'!BY21 -> 0.78799442 | Q27: ='[1]PB1 30'!BZ21 -> 0.0018662626 | R27: ='[1]PB1 30'!CC21 -> 3.1677404 | S27: ='[1]PB1 30'!CD21 -> 0.7962676 | T27: ='[1]PB1 30'!CE21 -> 0.0030871599 | U27: ='[1]PB1 30'!CH21 -> 3.3255555 | V27: ='[1]PB1 30'!CI21 -> 0.82762216 | W27: ='[1]PB1 30'!CJ21 -> 0.0036117311 | X27: ='[1]PB1 30'!BS21 -> 3.227872 | Y27: ='[1]PB1 30'!BT21 -> 0.80396139 | Z27: ='[1]PB1 30'!BU21 -> 0.017320787 | AB27: ='[1]PB1 45'!BX21 -> 3.2061082 | AC27: ='[1]PB1 45'!BY21 -> 0.79398906 | AD27: ='[1]PB1 45'!BZ21 -> 0.0049772666 | AE27: ='[1]PB1 45'!CC21 -> 3.2357862 | AF27: ='[1]PB1 45'!CD21 -> 0.81598923 | AG27: ='[1]PB1 45'!CE21 -> 0.0025586811 | AH27: ='[1]PB1 45'!CH21 -> 3.3054464 | AI27: ='[1]PB1 45'!CI21 -> 0.8440895 | AJ27: ='[1]PB1 45'!CJ21 -> 0.0030989768 | AK27: ='[1]PB1 45'!BS21 -> 3.2491136 | AL27: ='[1]PB1 45'!BT21 -> 0.8180226 | AM27: ='[1]PB1 45'!BU21 -> 0.020833889 | BA27: =A27 -> 3.25 | BB27: =-0.0594*A27 + 1.006 -> 0.81295 | BC27: =(BB27-L27)*100 -> -0.53185976 | BE27: =-0.0628*A27 + 1.0082 -> 0.8041 | BF27: =(BE27-Y27)*100 -> 0.013860827 | BH27: =-0.0594*A27 + 1.0081 -> 0.81505 | BI27: =(BH27-AL27)*100 -> -0.29725963 | BK27: =L27 -> 0.8182686 | BL27: =0.8757*A27^(-0.084) -> 0.79315332 | BM27: =(BK27-BL27)*100 -> 2.5115276 | BO27: =Y27 -> 0.80396139 | BP27: =0.8666*A27^(-0.092) -> 0.77754479 | BQ27: =(BO27-BP27)*100 -> 2.6416602 | BS27: =AL27 -> 0.8180226 | BT27: =0.8778*A27^(-0.0896) -> 0.78982491 | BU27: =(BS27-BT27)*100 -> 2.8197685
A28: ='[1]PB1 15'!$A22 -> 3.5 | B28: ='[1]PB1 15'!BX22 -> 3.5002706 | C28: ='[1]PB1 15'!BY22 -> 0.80329193 | D28: ='[1]PB1 15'!BZ22 -> 0.013473385 | E28: ='[1]PB1 15'!CC22 -> 3.5121444 | F28: ='[1]PB1 15'!CD22 -> 0.79911068 | G28: ='[1]PB1 15'!CE22 -> 0.0048593959 | H28: ='[1]PB1 15'!CH22 -> 3.5420494 | I28: ='[1]PB1 15'!CI22 -> 0.82249305 | J28: ='[1]PB1 15'!CJ22 -> 0.0008487006 | K28: ='[1]PB1 15'!BS22 -> 3.5181548 | L28: ='[1]PB1 15'!BT22 -> 0.80829855 | M28: ='[1]PB1 15'!BU22 -> 0.013125462 | O28: ='[1]PB1 30'!BX22 -> 3.4357294 | P28: ='[1]PB1 30'!BY22 -> 0.77560553 | Q28: ='[1]PB1 30'!BZ22 -> 0.001747689 | R28: ='[1]PB1 30'!CC22 -> 3.4114127 | S28: ='[1]PB1 30'!CD22 -> 0.7836039 | T28: ='[1]PB1 30'!CE22 -> 0.0036374817 | U28: ='[1]PB1 30'!CH22 -> 3.5630951 | V28: ='[1]PB1 30'!CI22 -> 0.8158366 | W28: ='[1]PB1 30'!CJ22 -> 0.0036296422 | X28: ='[1]PB1 30'!BS22 -> 3.4700791 | Y28: ='[1]PB1 30'!BT22 -> 0.79168201 | Z28: ='[1]PB1 30'!BU22 -> 0.01766931 | AB28: ='[1]PB1 45'!BX22 -> 3.4527319 | AC28: ='[1]PB1 45'!BY22 -> 0.7847082 | AD28: ='[1]PB1 45'!BZ22 -> 0.0035937155 | AE28: ='[1]PB1 45'!CC22 -> 3.4846928 | AF28: ='[1]PB1 45'!CD22 -> 0.80360031 | AG28: ='[1]PB1 45'!CE22 -> 0.0028510147 | AH28: ='[1]PB1 45'!CH22 -> 3.5415497 | AI28: ='[1]PB1 45'!CI22 -> 0.83268898 | AJ28: ='[1]PB1 45'!CJ22 -> 0.003096411 | AK28: ='[1]PB1 45'!BS22 -> 3.4929915 | AL28: ='[1]PB1 45'!BT22 -> 0.80699916 | AM28: ='[1]PB1 45'!BU22 -> 0.019991973 | BA28: =A28 -> 3.5 | BB28: =-0.0594*A28 + 1.006 -> 0.7981 | BC28: =(BB28-L28)*100 -> -1.0198553 | BE28: =-0.0628*A28 + 1.0082 -> 0.7884 | BF28: =(BE28-Y28)*100 -> -0.3282011 | BH28: =-0.0594*A28 + 1.0081 -> 0.8002 | BI28: =(BH28-AL28)*100 -> -0.67991625 | BK28: =L28 -> 0.80829855 | BL28: =0.8757*A28^(-0.084) -> 0.78823122 | BM28: =(BK28-BL28)*100 -> 2.0067329 | BO28: =Y28 -> 0.79168201 | BP28: =0.8666*A28^(-0.092) -> 0.77226157 | BQ28: =(BO28-BP28)*100 -> 1.9420439 | BS28: =AL28 -> 0.80699916 | BT28: =0.8778*A28^(-0.0896) -> 0.78459779 | BU28: =(BS28-BT28)*100 -> 2.2401374
A29: ='[1]PB1 15'!$A23 -> 3.75 | B29: ='[1]PB1 15'!BX23 -> 3.7502899 | C29: ='[1]PB1 15'!BY23 -> 0.79631627 | D29: ='[1]PB1 15'!BZ23 -> 0.016120035 | E29: ='[1]PB1 15'!CC23 -> 3.7630118 | F29: ='[1]PB1 15'!CD23 -> 0.79091432 | G29: ='[1]PB1 15'!CE23 -> 0.0064086818 | H29: ='[1]PB1 15'!CH23 -> 3.7781861 | I29: ='[1]PB1 15'!CI23 -> 0.81094086 | J29: ='[1]PB1 15'!CJ23 -> 0.00081091099 | K29: ='[1]PB1 15'!BS23 -> 3.7638293 | L29: ='[1]PB1 15'!BT23 -> 0.79939048 | M29: ='[1]PB1 15'!BU23 -> 0.013118584 | O29: ='[1]PB1 30'!BX23 -> 3.6811386 | P29: ='[1]PB1 30'!BY23 -> 0.76604978 | Q29: ='[1]PB1 30'!BZ23 -> 0.0034118869 | R29: ='[1]PB1 30'!CC23 -> 3.655085 | S29: ='[1]PB1 30'!CD23 -> 0.7740586 | T29: ='[1]PB1 30'!CE23 -> 0.0041181456 | U29: ='[1]PB1 30'!CH23 -> 3.8006348 | V29: ='[1]PB1 30'!CI23 -> 0.80525039 | W29: ='[1]PB1 30'!CJ23 -> 0.0032333956 | X29: ='[1]PB1 30'!BS23 -> 3.7122862 | Y29: ='[1]PB1 30'!BT23 -> 0.78178626 | Z29: ='[1]PB1 30'!BU23 -> 0.017291361 | AB29: ='[1]PB1 45'!BX23 -> 3.6993556 | AC29: ='[1]PB1 45'!BY23 -> 0.77792069 | AD29: ='[1]PB1 45'!BZ23 -> 0.0025746429 | AE29: ='[1]PB1 45'!CC23 -> 3.7335994 | AF29: ='[1]PB1 45'!CD23 -> 0.79486696 | AG29: ='[1]PB1 45'!CE23 -> 0.0028132705 | AH29: ='[1]PB1 45'!CH23 -> 3.777653 | AI29: ='[1]PB1 45'!CI23 -> 0.82015537 | AJ29: ='[1]PB1 45'!CJ23 -> 0.0030512772 | AK29: ='[1]PB1 45'!BS23 -> 3.7368694 | AL29: ='[1]PB1 45'!BT23 -> 0.79764768 | AM29: ='[1]PB1 45'!BU23 -> 0.017581582 | BB29: =-0.0594*A29 + 1.006 -> 0.78325 | BC29: =(BB29-L29)*100 -> -1.6140484 | BE29: =-0.0628*A29 + 1.0082 -> 0.7727 | BF29: =(BE29-Y29)*100 -> -0.90862575 | BH29: =-0.0594*A29 + 1.0081 -> 0.78535 | BI29: =(BH29-AL29)*100 -> -1.2297676 | BK29: =L29 -> 0.79939048 | BL29: =0.8757*A29^(-0.084) -> 0.78367632 | BM29: =(BK29-BL29)*100 -> 1.5714166 | BO29: =Y29 -> 0.78178626 | BP29: =0.8666*A29^(-0.092) -> 0.76737529 | BQ29: =(BO29-BP29)*100 -> 1.4410972 | BS29: =AL29 -> 0.79764768 | BT29: =0.8778*A29^(-0.0896) -> 0.77976255 | BU29: =(BS29-BT29)*100 -> 1.7885123
A30: ='[1]PB1 15'!$A24 -> 4 | B30: ='[1]PB1 15'!BX24 -> 4.0003092 | C30: ='[1]PB1 15'!BY24 -> 0.79057344 | D30: ='[1]PB1 15'!BZ24 -> 0.017022886 | E30: ='[1]PB1 15'!CC24 -> 4.0138793 | F30: ='[1]PB1 15'!CD24 -> 0.78488095 | G30: ='[1]PB1 15'!CE24 -> 0.0074257011 | H30: ='[1]PB1 15'!CH24 -> 4.0143227 | I30: ='[1]PB1 15'!CI24 -> 0.79921474 | J30: ='[1]PB1 15'!CJ24 -> 0.00075046269 | K30: ='[1]PB1 15'!BS24 -> 4.0095037 | L30: ='[1]PB1 15'!BT24 -> 0.79155638 | M30: ='[1]PB1 15'!BU24 -> 0.012242833 | O30: ='[1]PB1 30'!BX24 -> 3.9265479 | P30: ='[1]PB1 30'!BY24 -> 0.7599852 | Q30: ='[1]PB1 30'!BZ24 -> 0.0038254964 | R30: ='[1]PB1 30'!CC24 -> 3.8987574 | S30: ='[1]PB1 30'!CD24 -> 0.76658402 | T30: ='[1]PB1 30'!CE24 -> 0.0036429153 | U30: ='[1]PB1 30'!CH24 -> 4.0381745 | V30: ='[1]PB1 30'!CI24 -> 0.79379577 | W30: ='[1]PB1 30'!CJ24 -> 0.0040391326 | X30: ='[1]PB1 30'!BS24 -> 3.9544932 | Y30: ='[1]PB1 30'!BT24 -> 0.773455 | Z30: ='[1]PB1 30'!BU24 -> 0.015128481 | AB30: ='[1]PB1 45'!BX24 -> 3.9459794 | AC30: ='[1]PB1 45'!BY24 -> 0.77274777 | AD30: ='[1]PB1 45'!BZ24 -> 0.0021701931 | AE30: ='[1]PB1 45'!CC24 -> 3.982506 | AF30: ='[1]PB1 45'!CD24 -> 0.78678413 | AG30: ='[1]PB1 45'!CE24 -> 0.0031769115 | AH30: ='[1]PB1 45'!CH24 -> 4.0137563 | AI30: ='[1]PB1 45'!CI24 -> 0.80876848 | AJ30: ='[1]PB1 45'!CJ24 -> 0.0033385784 | AK30: ='[1]PB1 45'!BS24 -> 3.9807472 | AL30: ='[1]PB1 45'!BT24 -> 0.78943346 | AM30: ='[1]PB1 45'!BU24 -> 0.015113161 | BB30: =-0.0594*A30 + 1.006 -> 0.7684 | BC30: =(BB30-L30)*100 -> -2.3156376 | BE30: =-0.0628*A30 + 1.0082 -> 0.757 | BF30: =(BE30-Y30)*100 -> -1.6454999 | BH30: =-0.0594*A30 + 1.0081 -> 0.7705 | BI30: =(BH30-AL30)*100 -> -1.893346 | BK30: =L30 -> 0.79155638 | BL30: =0.8757*A30^(-0.084) -> 0.77943932 | BM30: =(BK30-BL30)*100 -> 1.2117056 | BO30: =Y30 -> 0.773455 | BP30: =0.8666*A30^(-0.092) -> 0.76283246 | BQ30: =(BO30-BP30)*100 -> 1.0622538 | BS30: =AL30 -> 0.78943346 | BT30: =0.8778*A30^(-0.0896) -> 0.77526647 | BU30: =(BS30-BT30)*100 -> 1.416699
A31: ='[1]PB1 15'!$A25 -> 4.25 | B31: ='[1]PB1 15'!BX25 -> 4.2503286 | C31: ='[1]PB1 15'!BY25 -> 0.7854127 | D31: ='[1]PB1 15'!BZ25 -> 0.018718094 | E31: ='[1]PB1 15'!CC25 -> 4.2647468 | F31: ='[1]PB1 15'!CD25 -> 0.7792997 | G31: ='[1]PB1 15'!CE25 -> 0.0080808089 | H31: ='[1]PB1 15'!CH25 -> 4.2504593 | I31: ='[1]PB1 15'!CI25 -> 0.78798866 | J31: ='[1]PB1 15'!CJ25 -> 0.0015215678 | K31: ='[1]PB1 15'!BS25 -> 4.2551782 | L31: ='[1]PB1 15'!BT25 -> 0.78423368 | M31: ='[1]PB1 15'!BU25 -> 0.012353351 | O31: ='[1]PB1 30'!BX25 -> 4.1719571 | P31: ='[1]PB1 30'!BY25 -> 0.75529364 | Q31: ='[1]PB1 30'!BZ25 -> 0.0040580423 | R31: ='[1]PB1 30'!CC25 -> 4.1424297 | S31: ='[1]PB1 30'!CD25 -> 0.75979907 | T31: ='[1]PB1 30'!CE25 -> 0.0031034165 | U31: ='[1]PB1 30'!CH25 -> 4.2757142 | V31: ='[1]PB1 30'!CI25 -> 0.7844572 | W31: ='[1]PB1 30'!CJ25 -> 0.0061268599 | X31: ='[1]PB1 30'!BS25 -> 4.1967003 | Y31: ='[1]PB1 30'!BT25 -> 0.76651664 | Z31: ='[1]PB1 30'!BU25 -> 0.013620846 | AB31: ='[1]PB1 45'!BX25 -> 4.1926031 | AC31: ='[1]PB1 45'!BY25 -> 0.76788471 | AD31: ='[1]PB1 45'!BZ25 -> 0.0014304397 | AE31: ='[1]PB1 45'!CC25 -> 4.2314127 | AF31: ='[1]PB1 45'!CD25 -> 0.78075607 | AG31: ='[1]PB1 45'!CE25 -> 0.0034315594 | AH31: ='[1]PB1 45'!CH25 -> 4.2498596 | AI31: ='[1]PB1 45'!CI25 -> 0.79723986 | AJ31: ='[1]PB1 45'!CJ25 -> 0.0038203672 | AK31: ='[1]PB1 45'!BS25 -> 4.2246251 | AL31: ='[1]PB1 45'!BT25 -> 0.78196021 | AM31: ='[1]PB1 45'!BU25 -> 0.01240234 | BB31: =-0.0594*A31 + 1.006 -> 0.75355 | BC31: =(BB31-L31)*100 -> -3.0683683 | BE31: =-0.0628*A31 + 1.0082 -> 0.7413 | BF31: =(BE31-Y31)*100 -> -2.5216639 | BH31: =-0.0594*A31 + 1.0081 -> 0.75565 | BI31: =(BH31-AL31)*100 -> -2.6310213 | BK31: =L31 -> 0.78423368 | BL31: =0.8757*A31^(-0.084) -> 0.77548014 | BM31: =(BK31-BL31)*100 -> 0.87535442 | BO31: =Y31 -> 0.76651664 | BP31: =0.8666*A31^(-0.092) -> 0.75858963 | BQ31: =(BO31-BP31)*100 -> 0.7927006 | BS31: =AL31 -> 0.78196021 | BT31: =0.8778*A31^(-0.0896) -> 0.77106667 | BU31: =(BS31-BT31)*100 -> 1.0893547
A32: ='[1]PB1 15'!$A26 -> 4.5 | B32: ='[1]PB1 15'!BX26 -> 4.5003479 | C32: ='[1]PB1 15'!BY26 -> 0.78123253 | D32: ='[1]PB1 15'!BZ26 -> 0.019336712 | E32: ='[1]PB1 15'!CC26 -> 4.5156142 | F32: ='[1]PB1 15'!CD26 -> 0.77342095 | G32: ='[1]PB1 15'!CE26 -> 0.0091384823 | H32: ='[1]PB1 15'!CH26 -> 4.486596 | I32: ='[1]PB1 15'!CI26 -> 0.77871093 | J32: ='[1]PB1 15'!CJ26 -> 0.0026450364 | K32: ='[1]PB1 15'!BS26 -> 4.5008527 | L32: ='[1]PB1 15'!BT26 -> 0.77778814 | M32: ='[1]PB1 15'!BU26 -> 0.012860848 | O32: ='[1]PB1 30'!BX26 -> 4.4173664 | P32: ='[1]PB1 30'!BY26 -> 0.75113533 | Q32: ='[1]PB1 30'!BZ26 -> 0.004066926 | R32: ='[1]PB1 30'!CC26 -> 4.4671116 | S32: ='[1]PB1 30'!CD26 -> 0.7516351 | T32: ='[1]PB1 30'!CE26 -> 0.0035453656 | U32: ='[1]PB1 30'!CH26 -> 4.5132538 | V32: ='[1]PB1 30'!CI26 -> 0.77586175 | W32: ='[1]PB1 30'!CJ26 -> 0.008956799 | X32: ='[1]PB1 30'!BS26 -> 4.4659106 | Y32: ='[1]PB1 30'!BT26 -> 0.75954406 | Z32: ='[1]PB1 30'!BU26 -> 0.013023816 | AB32: ='[1]PB1 45'!BX26 -> 4.4392268 | AC32: ='[1]PB1 45'!BY26 -> 0.76411706 | AD32: ='[1]PB1 45'!BZ26 -> 0.0014769803 | AE32: ='[1]PB1 45'!CC26 -> 4.4803193 | AF32: ='[1]PB1 45'!CD26 -> 0.7752064 | AG32: ='[1]PB1 45'!CE26 -> 0.0036564781 | AH32: ='[1]PB1 45'!CH26 -> 4.4859629 | AI32: ='[1]PB1 45'!CI26 -> 0.78629107 | AJ32: ='[1]PB1 45'!CJ26 -> 0.0036841289 | AK32: ='[1]PB1 45'!BS26 -> 4.468503 | AL32: ='[1]PB1 45'!BT26 -> 0.77520484 | AM32: ='[1]PB1 45'!BU26 -> 0.0095737051 | BB32: =-0.0594*A32 + 1.006 -> 0.7387 | BC32: =(BB32-L32)*100 -> -3.9088138 | BE32: =-0.0628*A32 + 1.0082 -> 0.7256 | BF32: =(BE32-Y32)*100 -> -3.3944059 | BH32: =-0.0594*A32 + 1.0081 -> 0.7408 | BI32: =(BH32-AL32)*100 -> -3.4404844 | BK32: =L32 -> 0.77778814 | BL32: =0.8757*A32^(-0.084) -> 0.77176575 | BM32: =(BK32-BL32)*100 -> 0.6022393 | BO32: =Y32 -> 0.75954406 | BP32: =0.8666*A32^(-0.092) -> 0.754611 | BQ32: =(BO32-BP32)*100 -> 0.49330561 | BS32: =AL32 -> 0.77520484 | BT32: =0.8778*A32^(-0.0896) -> 0.76712782 | BU32: =(BS32-BT32)*100 -> 0.80770197
A33: ='[1]PB1 15'!$A27 -> 4.75 | B33: ='[1]PB1 15'!BX27 -> 4.7503672 | C33: ='[1]PB1 15'!BY27 -> 0.77722153 | D33: ='[1]PB1 15'!BZ27 -> 0.019631048 | E33: ='[1]PB1 15'!CC27 -> 4.7664817 | F33: ='[1]PB1 15'!CD27 -> 0.76866495 | G33: ='[1]PB1 15'!CE27 -> 0.0088668314 | H33: ='[1]PB1 15'!CH27 -> 4.7227326 | I33: ='[1]PB1 15'!CI27 -> 0.77050077 | J33: ='[1]PB1 15'!CJ27 -> 0.0033290313 | K33: ='[1]PB1 15'!BS27 -> 4.7465272 | L33: ='[1]PB1 15'!BT27 -> 0.77212909 | M33: ='[1]PB1 15'!BU27 -> 0.01311063 | O33: ='[1]PB1 30'!BX27 -> 4.6627756 | P33: ='[1]PB1 30'!BY27 -> 0.74744608 | Q33: ='[1]PB1 30'!BZ27 -> 0.0041691965 | R33: ='[1]PB1 30'!CC27 -> 4.7107839 | S33: ='[1]PB1 30'!CD27 -> 0.74681913 | T33: ='[1]PB1 30'!CE27 -> 0.0039319917 | U33: ='[1]PB1 30'!CH27 -> 4.7507935 | V33: ='[1]PB1 30'!CI27 -> 0.7686971 | W33: ='[1]PB1 30'!CJ27 -> 0.011016385 | X33: ='[1]PB1 30'!BS27 -> 4.7081177 | Y33: ='[1]PB1 30'!BT27 -> 0.75432077 | Z33: ='[1]PB1 30'!BU27 -> 0.012442107 | AB33: ='[1]PB1 45'!BX27 -> 4.6858505 | AC33: ='[1]PB1 45'!BY27 -> 0.76041256 | AD33: ='[1]PB1 45'!BZ27 -> 0.0013343162 | AE33: ='[1]PB1 45'!CC27 -> 4.7292259 | AF33: ='[1]PB1 45'!CD27 -> 0.77030044 | AG33: ='[1]PB1 45'!CE27 -> 0.0040493167 | AH33: ='[1]PB1 45'!CH27 -> 4.7220663 | AI33: ='[1]PB1 45'!CI27 -> 0.77570534 | AJ33: ='[1]PB1 45'!CJ27 -> 0.003457972 | AK33: ='[1]PB1 45'!BS27 -> 4.7123809 | AL33: ='[1]PB1 45'!BT27 -> 0.76880611 | AM33: ='[1]PB1 45'!BU27 -> 0.0070809355 | BB33: =-0.0594*A33 + 1.006 -> 0.72385 | BC33: =(BB33-L33)*100 -> -4.8279085 | BE33: =-0.0628*A33 + 1.0082 -> 0.7099 | BF33: =(BE33-Y33)*100 -> -4.442077 | BH33: =-0.0594*A33 + 1.0081 -> 0.72595 | BI33: =(BH33-AL33)*100 -> -4.2856112 | BK33: =L33 -> 0.77212909 | BL33: =0.8757*A33^(-0.084) -> 0.76826861 | BM33: =(BK33-BL33)*100 -> 0.386048 | BO33: =Y33 -> 0.75432077 | BP33: =0.8666*A33^(-0.092) -> 0.75086675 | BQ33: =(BO33-BP33)*100 -> 0.34540215 | BS33: =AL33 -> 0.76880611 | BT33: =0.8778*A33^(-0.0896) -> 0.76342052 | BU33: =(BS33-BT33)*100 -> 0.53855923
A34: ='[1]PB1 15'!$A28 -> 5 | B34: ='[1]PB1 15'!BX28 -> 5.0003865 | C34: ='[1]PB1 15'!BY28 -> 0.77379703 | D34: ='[1]PB1 15'!BZ28 -> 0.020041105 | E34: ='[1]PB1 15'!CC28 -> 5.0173491 | F34: ='[1]PB1 15'!CD28 -> 0.76429001 | G34: ='[1]PB1 15'!CE28 -> 0.0087041912 | H34: ='[1]PB1 15'!CH28 -> 4.9586068 | I34: ='[1]PB1 15'!CI28 -> 0.76494619 | J34: ='[1]PB1 15'!CJ28 -> 0.0031966468 | K34: ='[1]PB1 15'!BS28 -> 4.9921142 | L34: ='[1]PB1 15'!BT28 -> 0.76767774 | M34: ='[1]PB1 15'!BU28 -> 0.013466145 | O34: ='[1]PB1 30'!BX28 -> 4.9893871 | P34: ='[1]PB1 30'!BY28 -> 0.74283695 | Q34: ='[1]PB1 30'!BZ28 -> 0.0055868574 | R34: ='[1]PB1 30'!CC28 -> 4.9543662 | S34: ='[1]PB1 30'!CD28 -> 0.74291789 | T34: ='[1]PB1 30'!CE28 -> 0.0042766966 | U34: ='[1]PB1 30'!CH28 -> 4.9880693 | V34: ='[1]PB1 30'!CI28 -> 0.76243503 | W34: ='[1]PB1 30'!CJ28 -> 0.012665986 | X34: ='[1]PB1 30'!BS28 -> 4.9772742 | Y34: ='[1]PB1 30'!BT28 -> 0.74939663 | Z34: ='[1]PB1 30'!BU28 -> 0.012449012 | AB34: ='[1]PB1 45'!BX28 -> 4.9324742 | AC34: ='[1]PB1 45'!BY28 -> 0.75708872 | AD34: ='[1]PB1 45'!BZ28 -> 0.0012080197 | AE34: ='[1]PB1 45'!CC28 -> 4.9781325 | AF34: ='[1]PB1 45'!CD28 -> 0.76621295 | AG34: ='[1]PB1 45'!CE28 -> 0.0042237648 | AH34: ='[1]PB1 45'!CH28 -> 4.9579072 | AI34: ='[1]PB1 45'!CI28 -> 0.76594649 | AJ34: ='[1]PB1 45'!CJ28 -> 0.004477013 | AK34: ='[1]PB1 45'!BS28 -> 4.9561713 | AL34: ='[1]PB1 45'!BT28 -> 0.76308272 | AM34: ='[1]PB1 45'!BU28 -> 0.0055758626 | BB34: =-0.0594*A34 + 1.006 -> 0.709 | BC34: =(BB34-L34)*100 -> -5.8677744 | BE34: =-0.0628*A34 + 1.0082 -> 0.6942 | BF34: =(BE34-Y34)*100 -> -5.5196626 | BH34: =-0.0594*A34 + 1.0081 -> 0.7111 | BI34: =(BH34-AL34)*100 -> -5.1982722 | BK34: =L34 -> 0.76767774 | BL34: =0.8757*A34^(-0.084) -> 0.76496554 | BM34: =(BK34-BL34)*100 -> 0.27122079 | BO34: =Y34 -> 0.74939663 | BP34: =0.8666*A34^(-0.092) -> 0.74733177 | BQ34: =(BO34-BP34)*100 -> 0.20648576 | BS34: =AL34 -> 0.76308272 | BT34: =0.8778*A34^(-0.0896) -> 0.75991998 | BU34: =(BS34-BT34)*100 -> 0.31627407
A35: ='[1]PB1 15'!$A29 -> 5.2497222 | B35: ='[1]PB1 15'!BX29 -> 5.2501281 | C35: ='[1]PB1 15'!BY29 -> 0.7706521 | D35: ='[1]PB1 15'!BZ29 -> 0.020450535 | E35: ='[1]PB1 15'!CC29 -> 5.2679378 | F35: ='[1]PB1 15'!CD29 -> 0.76014172 | G35: ='[1]PB1 15'!CE29 -> 0.0079777452 | H35: ='[1]PB1 15'!CH29 -> 5.1950058 | I35: ='[1]PB1 15'!CI29 -> 0.76022296 | J35: ='[1]PB1 15'!CJ29 -> 0.0033809651 | K35: ='[1]PB1 15'!BS29 -> 5.2376906 | L35: ='[1]PB1 15'!BT29 -> 0.76367226 | M35: ='[1]PB1 15'!BU29 -> 0.013740212 | O35: ='[1]PB1 30'!BX29 -> 5.2347044 | P35: ='[1]PB1 30'!BY29 -> 0.73963083 | Q35: ='[1]PB1 30'!BZ29 -> 0.005557769 | R35: ='[1]PB1 30'!CC29 -> 5.3607914 | S35: ='[1]PB1 30'!CD29 -> 0.73731593 | T35: ='[1]PB1 30'!CE29 -> 0.0052024348 | U35: ='[1]PB1 30'!CH29 -> 5.2258729 | V35: ='[1]PB1 30'!CI29 -> 0.7569182 | W35: ='[1]PB1 30'!CJ29 -> 0.012906594 | X35: ='[1]PB1 30'!BS29 -> 5.2737895 | Y35: ='[1]PB1 30'!BT29 -> 0.74462165 | Z35: ='[1]PB1 30'!BU29 -> 0.012302049 | AB35: ='[1]PB1 45'!BX29 -> 5.1788239 | AC35: ='[1]PB1 45'!BY29 -> 0.75399902 | AD35: ='[1]PB1 45'!BZ29 -> 0.0012602762 | AE35: ='[1]PB1 45'!CC29 -> 5.2267626 | AF35: ='[1]PB1 45'!CD29 -> 0.76255684 | AG35: ='[1]PB1 45'!CE29 -> 0.004519094 | AH35: ='[1]PB1 45'!CH29 -> 5.1942729 | AI35: ='[1]PB1 45'!CI29 -> 0.75835687 | AJ35: ='[1]PB1 45'!CJ29 -> 0.0050158176 | AK35: ='[1]PB1 45'!BS29 -> 5.1999531 | AL35: ='[1]PB1 45'!BT29 -> 0.75830425 | AM35: ='[1]PB1 45'!BU29 -> 0.0052849221 | BB35: =-0.0594*A35 + 1.006 -> 0.6941665 | BC35: =(BB35-L35)*100 -> -6.9505756 | BE35: =-0.0628*A35 + 1.0082 -> 0.67851744 | BF35: =(BE35-Y35)*100 -> -6.6104205 | BH35: =-0.0594*A35 + 1.0081 -> 0.6962665 | BI35: =(BH35-AL35)*100 -> -6.2037746 | BK35: =L35 -> 0.76367226 | BL35: =0.8757*A35^(-0.084) -> 0.76184022 | BM35: =(BK35-BL35)*100 -> 0.18320327 | BO35: =Y35 -> 0.74462165 | BP35: =0.8666*A35^(-0.092) -> 0.74398836 | BQ35: =(BO35-BP35)*100 -> 0.063328632 | BS35: =AL35 -> 0.75830425 | BT35: =0.8778*A35^(-0.0896) -> 0.75660875 | BU35: =(BS35-BT35)*100 -> 0.16954921
A36: ='[1]PB1 15'!$A30 -> 5.5 | B36: ='[1]PB1 15'!BX30 -> 5.5004252 | C36: ='[1]PB1 15'!BY30 -> 0.76799341 | D36: ='[1]PB1 15'!BZ30 -> 0.020965025 | E36: ='[1]PB1 15'!CC30 -> 5.519084 | F36: ='[1]PB1 15'!CD30 -> 0.75640293 | G36: ='[1]PB1 15'!CE30 -> 0.008221609 | H36: ='[1]PB1 15'!CH30 -> 5.4311425 | I36: ='[1]PB1 15'!CI30 -> 0.75598193 | J36: ='[1]PB1 15'!CJ30 -> 0.0039216924 | K36: ='[1]PB1 15'!BS30 -> 5.4835506 | L36: ='[1]PB1 15'!BT30 -> 0.76012609 | M36: ='[1]PB1 15'!BU30 -> 0.014322914 | O36: ='[1]PB1 30'!BX30 -> 5.4802959 | P36: ='[1]PB1 30'!BY30 -> 0.73675464 | Q36: ='[1]PB1 30'!BZ30 -> 0.0055198646 | R36: ='[1]PB1 30'!CC30 -> 5.6044637 | S36: ='[1]PB1 30'!CD30 -> 0.73434829 | T36: ='[1]PB1 30'!CE30 -> 0.0052194404 | U36: ='[1]PB1 30'!CH30 -> 5.4634125 | V36: ='[1]PB1 30'!CI30 -> 0.75190466 | W36: ='[1]PB1 30'!CJ30 -> 0.012443598 | X36: ='[1]PB1 30'!BS30 -> 5.5160574 | Y36: ='[1]PB1 30'!BT30 -> 0.74100253 | Z36: ='[1]PB1 30'!BU30 -> 0.011456213 | AB36: ='[1]PB1 45'!BX30 -> 5.4257216 | AC36: ='[1]PB1 45'!BY30 -> 0.7513212 | AD36: ='[1]PB1 45'!BZ30 -> 0.0016218256 | AE36: ='[1]PB1 45'!CC30 -> 5.4759458 | AF36: ='[1]PB1 45'!CD30 -> 0.75919197 | AG36: ='[1]PB1 45'!CE30 -> 0.0048389379 | AH36: ='[1]PB1 45'!CH30 -> 5.4303762 | AI36: ='[1]PB1 45'!CI30 -> 0.7524377 | AJ36: ='[1]PB1 45'!CJ30 -> 0.0057688766 | AK36: ='[1]PB1 45'!BS30 -> 5.4440145 | AL36: ='[1]PB1 45'!BT30 -> 0.75431695 | AM36: ='[1]PB1 45'!BU30 -> 0.0056449824 | BB36: =-0.0594*A36 + 1.006 -> 0.6793 | BC36: =(BB36-L36)*100 -> -8.082609 | BE36: =-0.0628*A36 + 1.0082 -> 0.6628 | BF36: =(BE36-Y36)*100 -> -7.820253 | BH36: =-0.0594*A36 + 1.0081 -> 0.6814 | BI36: =(BH36-AL36)*100 -> -7.2916954 | BK36: =L36 -> 0.76012609 | BL36: =0.8757*A36^(-0.084) -> 0.75886563 | BM36: =(BK36-BL36)*100 -> 0.12604591 | BO36: =Y36 -> 0.74100253 | BP36: =0.8666*A36^(-0.092) -> 0.74080741 | BQ36: =(BO36-BP36)*100 -> 0.019512134 | BS36: =AL36 -> 0.75431695 | BT36: =0.8778*A36^(-0.0896) -> 0.75345805 | BU36: =(BS36-BT36)*100 -> 0.085889975
A37: ='[1]PB1 15'!$A31 -> 5.75 | B37: ='[1]PB1 15'!BX31 -> 5.7504445 | C37: ='[1]PB1 15'!BY31 -> 0.76519747 | D37: ='[1]PB1 15'!BZ31 -> 0.021016372 | E37: ='[1]PB1 15'!CC31 -> 5.7699515 | F37: ='[1]PB1 15'!CD31 -> 0.75167854 | G37: ='[1]PB1 15'!CE31 -> 0.0077926025 | H37: ='[1]PB1 15'!CH31 -> 5.7452072 | I37: ='[1]PB1 15'!CI31 -> 0.75068003 | J37: ='[1]PB1 15'!CJ31 -> 0.0050450367 | K37: ='[1]PB1 15'!BS31 -> 5.7552011 | L37: ='[1]PB1 15'!BT31 -> 0.75585201 | M37: ='[1]PB1 15'!BU31 -> 0.014825312 | O37: ='[1]PB1 30'!BX31 -> 5.7257052 | P37: ='[1]PB1 30'!BY31 -> 0.73397291 | Q37: ='[1]PB1 30'!BZ31 -> 0.0055274966 | R37: ='[1]PB1 30'!CC31 -> 5.8481361 | S37: ='[1]PB1 30'!CD31 -> 0.73162733 | T37: ='[1]PB1 30'!CE31 -> 0.0052350682 | U37: ='[1]PB1 30'!CH31 -> 5.7789305 | V37: ='[1]PB1 30'!CI31 -> 0.74624423 | W37: ='[1]PB1 30'!CJ31 -> 0.010416791 | X37: ='[1]PB1 30'!BS31 -> 5.7842572 | Y37: ='[1]PB1 30'!BT31 -> 0.73728149 | Z37: ='[1]PB1 30'!BU31 -> 0.0098270981 | AB37: ='[1]PB1 45'!BX31 -> 5.6723453 | AC37: ='[1]PB1 45'!BY31 -> 0.74863786 | AD37: ='[1]PB1 45'!BZ31 -> 0.0017656744 | AE37: ='[1]PB1 45'!CC31 -> 5.7248524 | AF37: ='[1]PB1 45'!CD31 -> 0.75618019 | AG37: ='[1]PB1 45'!CE31 -> 0.005086998 | AH37: ='[1]PB1 45'!CH31 -> 5.6664795 | AI37: ='[1]PB1 45'!CI31 -> 0.74761824 | AJ37: ='[1]PB1 45'!CJ31 -> 0.0061509207 | AK37: ='[1]PB1 45'!BS31 -> 5.6878924 | AL37: ='[1]PB1 45'!BT31 -> 0.7508121 | AM37: ='[1]PB1 45'!BU31 -> 0.0060710646 | BB37: =-0.0594*A37 + 1.006 -> 0.66445 | BC37: =(BB37-L37)*100 -> -9.1402014 | BE37: =-0.0628*A37 + 1.0082 -> 0.6471 | BF37: =(BE37-Y37)*100 -> -9.0181489 | BH37: =-0.0594*A37 + 1.0081 -> 0.66655 | BI37: =(BH37-AL37)*100 -> -8.4262097 | BK37: =L37 -> 0.75585201 | BL37: =0.8757*A37^(-0.084) -> 0.75603735 | BM37: =(BK37-BL37)*100 -> -0.018533498 | BO37: =Y37 -> 0.73728149 | BP37: =0.8666*A37^(-0.092) -> 0.73778402 | BQ37: =(BO37-BP37)*100 -> -0.050252819 | BS37: =AL37 -> 0.7508121 | BT37: =0.8778*A37^(-0.0896) -> 0.75046309 | BU37: =(BS37-BT37)*100 -> 0.034900607
A38: ='[1]PB1 15'!$A32 -> 6 | B38: ='[1]PB1 15'!BX32 -> 6.0004638 | C38: ='[1]PB1 15'!BY32 -> 0.76266201 | D38: ='[1]PB1 15'!BZ32 -> 0.021287662 | E38: ='[1]PB1 15'!CC32 -> 6.020819 | F38: ='[1]PB1 15'!CD32 -> 0.74862688 | G38: ='[1]PB1 15'!CE32 -> 0.0077965835 | H38: ='[1]PB1 15'!CH32 -> 5.9812548 | I38: ='[1]PB1 15'!CI32 -> 0.74686664 | J38: ='[1]PB1 15'!CJ32 -> 0.0054973192 | K38: ='[1]PB1 15'!BS32 -> 6.0008459 | L38: ='[1]PB1 15'!BT32 -> 0.75271851 | M38: ='[1]PB1 15'!BU32 -> 0.015209985 | O38: ='[1]PB1 30'!BX32 -> 5.9710241 | P38: ='[1]PB1 30'!BY32 -> 0.73132579 | Q38: ='[1]PB1 30'!BZ32 -> 0.0055605425 | R38: ='[1]PB1 30'!CC32 -> 6.0915376 | S38: ='[1]PB1 30'!CD32 -> 0.72907125 | T38: ='[1]PB1 30'!CE32 -> 0.005296926 | U38: ='[1]PB1 30'!CH32 -> 6.0163797 | V38: ='[1]PB1 30'!CI32 -> 0.742595 | W38: ='[1]PB1 30'!CJ32 -> 0.010334719 | X38: ='[1]PB1 30'!BS32 -> 6.0263138 | Y38: ='[1]PB1 30'!BT32 -> 0.73433068 | Z38: ='[1]PB1 30'!BU32 -> 0.0095004116 | AB38: ='[1]PB1 45'!BX32 -> 5.918969 | AC38: ='[1]PB1 45'!BY32 -> 0.74595704 | AD38: ='[1]PB1 45'!BZ32 -> 0.001710169 | AE38: ='[1]PB1 45'!CC32 -> 5.9737591 | AF38: ='[1]PB1 45'!CD32 -> 0.75341845 | AG38: ='[1]PB1 45'!CE32 -> 0.0052312298 | AH38: ='[1]PB1 45'!CH32 -> 5.9807995 | AI38: ='[1]PB1 45'!CI32 -> 0.74232731 | AJ38: ='[1]PB1 45'!CJ32 -> 0.0077418187 | AK38: ='[1]PB1 45'!BS32 -> 5.9578425 | AL38: ='[1]PB1 45'!BT32 -> 0.74723427 | AM38: ='[1]PB1 45'!BU32 -> 0.0071689104 | BB38: =-0.0594*A38 + 1.006 -> 0.6496 | BC38: =(BB38-L38)*100 -> -10.311851 | BE38: =-0.0628*A38 + 1.0082 -> 0.6314 | BF38: =(BE38-Y38)*100 -> -10.293068 | BH38: =-0.0594*A38 + 1.0081 -> 0.6517 | BI38: =(BH38-AL38)*100 -> -9.5534266 | BK38: =L38 -> 0.75271851 | BL38: =0.8757*A38^(-0.084) -> 0.75333934 | BM38: =(BK38-BL38)*100 -> -0.062082651 | BO38: =Y38 -> 0.73433068 | BP38: =0.8666*A38^(-0.092) -> 0.73490088 | BQ38: =(BO38-BP38)*100 -> -0.057020205 | BS38: =AL38 -> 0.74723427 | BT38: =0.8778*A38^(-0.0896) -> 0.74760677 | BU38: =(BS38-BT38)*100 -> -0.037250231
A39: ='[1]PB1 15'!$A33 -> 6.2497222 | B39: ='[1]PB1 15'!BX33 -> 6.1652379 | C39: ='[1]PB1 15'!BY33 -> 0.76101815 | D39: ='[1]PB1 15'!BZ33 -> 0.022352131 | E39: ='[1]PB1 15'!CC33 -> 6.2714077 | F39: ='[1]PB1 15'!CD33 -> 0.74580217 | G39: ='[1]PB1 15'!CE33 -> 0.0078319057 | H39: ='[1]PB1 15'!CH33 -> 6.2175672 | I39: ='[1]PB1 15'!CI33 -> 0.74365717 | J39: ='[1]PB1 15'!CJ33 -> 0.0054199657 | K39: ='[1]PB1 15'!BS33 -> 6.2180709 | L39: ='[1]PB1 15'!BT33 -> 0.75015916 | M39: ='[1]PB1 15'!BU33 -> 0.016015716 | O39: ='[1]PB1 30'!BX33 -> 6.2163413 | P39: ='[1]PB1 30'!BY33 -> 0.72878336 | Q39: ='[1]PB1 30'!BZ33 -> 0.0055557267 | R39: ='[1]PB1 30'!CC33 -> 6.3354807 | S39: ='[1]PB1 30'!CD33 -> 0.7265329 | T39: ='[1]PB1 30'!CE33 -> 0.005289897 | U39: ='[1]PB1 30'!CH33 -> 6.2540966 | V39: ='[1]PB1 30'!CI33 -> 0.73924657 | W39: ='[1]PB1 30'!CJ33 -> 0.010137661 | X39: ='[1]PB1 30'!BS33 -> 6.2686395 | Y39: ='[1]PB1 30'!BT33 -> 0.73152094 | Z39: ='[1]PB1 30'!BU33 -> 0.0091956774 | AB39: ='[1]PB1 45'!BX33 -> 6.1653187 | AC39: ='[1]PB1 45'!BY33 -> 0.74324558 | AD39: ='[1]PB1 45'!BZ33 -> 0.0014011794 | AE39: ='[1]PB1 45'!CC33 -> 6.2223891 | AF39: ='[1]PB1 45'!CD33 -> 0.75080098 | AG39: ='[1]PB1 45'!CE33 -> 0.0052524136 | AH39: ='[1]PB1 45'!CH33 -> 6.217078 | AI39: ='[1]PB1 45'!CI33 -> 0.73841155 | AJ39: ='[1]PB1 45'!CJ33 -> 0.008247535 | AK39: ='[1]PB1 45'!BS33 -> 6.2015953 | AL39: ='[1]PB1 45'!BT33 -> 0.7441527 | AM39: ='[1]PB1 45'!BU33 -> 0.0076497571 | BB39: =-0.0594*A39 + 1.006 -> 0.6347665 | BC39: =(BB39-L39)*100 -> -11.539266 | BE39: =-0.0628*A39 + 1.0082 -> 0.61571744 | BF39: =(BE39-Y39)*100 -> -11.58035 | BH39: =-0.0594*A39 + 1.0081 -> 0.6368665 | BI39: =(BH39-AL39)*100 -> -10.72862 | BK39: =L39 -> 0.75015916 | BL39: =0.8757*A39^(-0.084) -> 0.75076333 | BM39: =(BK39-BL39)*100 -> -0.060416381 | BO39: =Y39 -> 0.73152094 | BP39: =0.8666*A39^(-0.092) -> 0.73214904 | BQ39: =(BO39-BP39)*100 -> -0.062809892 | BS39: =AL39 -> 0.7441527 | BT39: =0.8778*A39^(-0.0896) -> 0.74488024 | BU39: =(BS39-BT39)*100 -> -0.072754306
A40: ='[1]PB1 15'!$A34 -> 6.5 | B40: ='[1]PB1 15'!BX34 -> 6.415346 | C40: ='[1]PB1 15'!BY34 -> 0.75865732 | D40: ='[1]PB1 15'!BZ34 -> 0.022340648 | E40: ='[1]PB1 15'!CC34 -> 6.5225539 | F40: ='[1]PB1 15'!CD34 -> 0.7432226 | G40: ='[1]PB1 15'!CE34 -> 0.0077624111 | H40: ='[1]PB1 15'!CH34 -> 6.4537038 | I40: ='[1]PB1 15'!CI34 -> 0.74054408 | J40: ='[1]PB1 15'!CJ34 -> 0.0059298284 | K40: ='[1]PB1 15'!BS34 -> 6.4638679 | L40: ='[1]PB1 15'!BT34 -> 0.74747467 | M40: ='[1]PB1 15'!BU34 -> 0.016183195 | O40: ='[1]PB1 30'!BX34 -> 6.5436814 | P40: ='[1]PB1 30'!BY34 -> 0.72558307 | Q40: ='[1]PB1 30'!BZ34 -> 0.0057136295 | R40: ='[1]PB1 30'!CC34 -> 6.5791531 | S40: ='[1]PB1 30'!CD34 -> 0.72415543 | T40: ='[1]PB1 30'!CE34 -> 0.0053184803 | U40: ='[1]PB1 30'!CH34 -> 6.4916363 | V40: ='[1]PB1 30'!CI34 -> 0.73619731 | W40: ='[1]PB1 30'!CJ34 -> 0.010014618 | X40: ='[1]PB1 30'!BS34 -> 6.5381569 | Y40: ='[1]PB1 30'!BT34 -> 0.72864527 | Z40: ='[1]PB1 30'!BU34 -> 0.0090883316 | AB40: ='[1]PB1 45'!BX34 -> 6.4122165 | AC40: ='[1]PB1 45'!BY34 -> 0.74085372 | AD40: ='[1]PB1 45'!BZ34 -> 0.0014084605 | AE40: ='[1]PB1 45'!CC34 -> 6.4715723 | AF40: ='[1]PB1 45'!CD34 -> 0.74834842 | AG40: ='[1]PB1 45'!CE34 -> 0.0053079919 | AH40: ='[1]PB1 45'!CH34 -> 6.4531813 | AI40: ='[1]PB1 45'!CI34 -> 0.73537587 | AJ40: ='[1]PB1 45'!CJ34 -> 0.0084030699 | AK40: ='[1]PB1 45'!BS34 -> 6.4456567 | AL40: ='[1]PB1 45'!BT34 -> 0.741526 | AM40: ='[1]PB1 45'!BU34 -> 0.0078653584 | BB40: =-0.0594*A40 + 1.006 -> 0.6199 | BC40: =(BB40-L40)*100 -> -12.757467 | BE40: =-0.0628*A40 + 1.0082 -> 0.6 | BF40: =(BE40-Y40)*100 -> -12.864527 | BH40: =-0.0594*A40 + 1.0081 -> 0.622 | BI40: =(BH40-AL40)*100 -> -11.9526 | BK40: =L40 -> 0.74747467 | BL40: =0.8757*A40^(-0.084) -> 0.74829118 | BM40: =(BK40-BL40)*100 -> -0.081651643 | BO40: =Y40 -> 0.72864527 | BP40: =0.8666*A40^(-0.092) -> 0.729509 | BQ40: =(BO40-BP40)*100 -> -0.086373252 | BS40: =AL40 -> 0.741526 | BT40: =0.8778*A40^(-0.0896) -> 0.74226424 | BU40: =(BS40-BT40)*100 -> -0.073824248
A41: ='[1]PB1 15'!$A35 -> 6.75 | B41: ='[1]PB1 15'!BX35 -> 6.6654598 | C41: ='[1]PB1 15'!BY35 -> 0.75647529 | D41: ='[1]PB1 15'!BZ35 -> 0.022425704 | E41: ='[1]PB1 15'!CC35 -> 6.7734213 | F41: ='[1]PB1 15'!CD35 -> 0.74105413 | G41: ='[1]PB1 15'!CE35 -> 0.0079396253 | H41: ='[1]PB1 15'!CH35 -> 6.6898404 | I41: ='[1]PB1 15'!CI35 -> 0.73757389 | J41: ='[1]PB1 15'!CJ35 -> 0.0065672271 | K41: ='[1]PB1 15'!BS35 -> 6.7095739 | L41: ='[1]PB1 15'!BT35 -> 0.74503443 | M41: ='[1]PB1 15'!BU35 -> 0.016446621 | O41: ='[1]PB1 30'!BX35 -> 6.7890906 | P41: ='[1]PB1 30'!BY35 -> 0.72329414 | Q41: ='[1]PB1 30'!BZ35 -> 0.005701222 | R41: ='[1]PB1 30'!CC35 -> 6.8228254 | S41: ='[1]PB1 30'!CD35 -> 0.72184256 | T41: ='[1]PB1 30'!CE35 -> 0.0053115118 | U41: ='[1]PB1 30'!CH35 -> 6.7291759 | V41: ='[1]PB1 30'!CI35 -> 0.7335211 | W41: ='[1]PB1 30'!CJ35 -> 0.010025203 | X41: ='[1]PB1 30'!BS35 -> 6.780364 | Y41: ='[1]PB1 30'!BT35 -> 0.72621927 | Z41: ='[1]PB1 30'!BU35 -> 0.0089860908 | AB41: ='[1]PB1 45'!BX35 -> 6.6588402 | AC41: ='[1]PB1 45'!BY35 -> 0.73854064 | AD41: ='[1]PB1 45'!BZ35 -> 0.0014227377 | AE41: ='[1]PB1 45'!CC35 -> 6.7204789 | AF41: ='[1]PB1 45'!CD35 -> 0.74604418 | AG41: ='[1]PB1 45'!CE35 -> 0.0053461543 | AH41: ='[1]PB1 45'!CH35 -> 6.8469961 | AI41: ='[1]PB1 45'!CI35 -> 0.73062815 | AJ41: ='[1]PB1 45'!CJ35 -> 0.0080116157 | AK41: ='[1]PB1 45'!BS35 -> 6.7421051 | AL41: ='[1]PB1 45'!BT35 -> 0.73840432 | AM41: ='[1]PB1 45'!BU35 -> 0.008438926 | BB41: =-0.0594*A41 + 1.006 -> 0.60505 | BC41: =(BB41-L41)*100 -> -13.998443 | BE41: =-0.0628*A41 + 1.0082 -> 0.5843 | BF41: =(BE41-Y41)*100 -> -14.191927 | BH41: =-0.0594*A41 + 1.0081 -> 0.60715 | BI41: =(BH41-AL41)*100 -> -13.125432 | BK41: =L41 -> 0.74503443 | BL41: =0.8757*A41^(-0.084) -> 0.74592272 | BM41: =(BK41-BL41)*100 -> -0.088828182 | BO41: =Y41 -> 0.72621927 | BP41: =0.8666*A41^(-0.092) -> 0.72698046 | BQ41: =(BO41-BP41)*100 -> -0.076118907 | BS41: =AL41 -> 0.73840432 | BT41: =0.8778*A41^(-0.0896) -> 0.73975849 | BU41: =(BS41-BT41)*100 -> -0.13541672
A42: ='[1]PB1 15'!$A36 -> 7 | B42: ='[1]PB1 15'!BX36 -> 6.9154791 | C42: ='[1]PB1 15'!BY36 -> 0.75437035 | D42: ='[1]PB1 15'!BZ36 -> 0.022467223 | E42: ='[1]PB1 15'!CC36 -> 7.0242888 | F42: ='[1]PB1 15'!CD36 -> 0.73897599 | G42: ='[1]PB1 15'!CE36 -> 0.0079300615 | H42: ='[1]PB1 15'!CH36 -> 7.0840989 | I42: ='[1]PB1 15'!CI36 -> 0.73354866 | J42: ='[1]PB1 15'!CJ36 -> 0.0062276928 | K42: ='[1]PB1 15'!BS36 -> 7.0079556 | L42: ='[1]PB1 15'!BT36 -> 0.74229833 | M42: ='[1]PB1 15'!BU36 -> 0.016730954 | O42: ='[1]PB1 30'!BX36 -> 7.0344998 | P42: ='[1]PB1 30'!BY36 -> 0.7211194 | Q42: ='[1]PB1 30'!BZ36 -> 0.0056714281 | R42: ='[1]PB1 30'!CC36 -> 7.0664977 | S42: ='[1]PB1 30'!CD36 -> 0.71963721 | T42: ='[1]PB1 30'!CE36 -> 0.0053456175 | U42: ='[1]PB1 30'!CH36 -> 6.9667156 | V42: ='[1]PB1 30'!CI36 -> 0.73112765 | W42: ='[1]PB1 30'!CJ36 -> 0.0098823323 | X42: ='[1]PB1 30'!BS36 -> 7.0225711 | Y42: ='[1]PB1 30'!BT36 -> 0.72396142 | Z42: ='[1]PB1 30'!BU36 -> 0.0088794148 | AB42: ='[1]PB1 45'!BX36 -> 6.9054639 | AC42: ='[1]PB1 45'!BY36 -> 0.73632038 | AD42: ='[1]PB1 45'!BZ36 -> 0.0014272223 | AE42: ='[1]PB1 45'!CC36 -> 6.9693856 | AF42: ='[1]PB1 45'!CD36 -> 0.74387269 | AG42: ='[1]PB1 45'!CE36 -> 0.0053604072 | AH42: ='[1]PB1 45'!CH36 -> 7.0830994 | AI42: ='[1]PB1 45'!CI36 -> 0.72804729 | AJ42: ='[1]PB1 45'!CJ36 -> 0.008279565 | AK42: ='[1]PB1 45'!BS36 -> 6.9859829 | AL42: ='[1]PB1 45'!BT36 -> 0.73608012 | AM42: ='[1]PB1 45'!BU36 -> 0.0086531381 | BK42: =L42 -> 0.74229833 | BL42: =0.8757*A42^(-0.084) -> 0.74364749 | BM42: =(BK42-BL42)*100 -> -0.13491538 | BO42: =Y42 -> 0.72396142 | BP42: =0.8666*A42^(-0.092) -> 0.72455218 | BQ42: =(BO42-BP42)*100 -> -0.059075449 | BS42: =AL42 -> 0.73608012 | BT42: =0.8778*A42^(-0.0896) -> 0.73735188 | BU42: =(BS42-BT42)*100 -> -0.12717595
A43: ='[1]PB1 15'!$A37 -> 7.25 | B43: ='[1]PB1 15'!BX37 -> 7.1654985 | C43: ='[1]PB1 15'!BY37 -> 0.75239798 | D43: ='[1]PB1 15'!BZ37 -> 0.022643501 | E43: ='[1]PB1 15'!CC37 -> 7.2751562 | F43: ='[1]PB1 15'!CD37 -> 0.73684127 | G43: ='[1]PB1 15'!CE37 -> 0.0080995789 | H43: ='[1]PB1 15'!CH37 -> 7.3202355 | I43: ='[1]PB1 15'!CI37 -> 0.73133339 | J43: ='[1]PB1 15'!CJ37 -> 0.0065526023 | K43: ='[1]PB1 15'!BS37 -> 7.2536301 | L43: ='[1]PB1 15'!BT37 -> 0.74019088 | M43: ='[1]PB1 15'!BU37 -> 0.016930803 | O43: ='[1]PB1 30'!BX37 -> 7.2799091 | P43: ='[1]PB1 30'!BY37 -> 0.71902537 | Q43: ='[1]PB1 30'!BZ37 -> 0.0056560877 | R43: ='[1]PB1 30'!CC37 -> 7.3101701 | S43: ='[1]PB1 30'!CD37 -> 0.71749789 | T43: ='[1]PB1 30'!CE37 -> 0.0053593322 | U43: ='[1]PB1 30'!CH37 -> 7.2042553 | V43: ='[1]PB1 30'!CI37 -> 0.7288478 | W43: ='[1]PB1 30'!CJ37 -> 0.0098265132 | X43: ='[1]PB1 30'!BS37 -> 7.2647782 | Y43: ='[1]PB1 30'!BT37 -> 0.72179035 | Z43: ='[1]PB1 30'!BU37 -> 0.0088157441 | AB43: ='[1]PB1 45'!BX37 -> 7.1520876 | AC43: ='[1]PB1 45'!BY37 -> 0.73419401 | AD43: ='[1]PB1 45'!BZ37 -> 0.0014186052 | AE43: ='[1]PB1 45'!CC37 -> 7.2182922 | AF43: ='[1]PB1 45'!CD37 -> 0.74182498 | AG43: ='[1]PB1 45'!CE37 -> 0.0053486222 | AH43: ='[1]PB1 45'!CH37 -> 7.3192027 | AI43: ='[1]PB1 45'!CI37 -> 0.72525786 | AJ43: ='[1]PB1 45'!CJ37 -> 0.00872476 | AK43: ='[1]PB1 45'!BS37 -> 7.2298608 | AL43: ='[1]PB1 45'!BT37 -> 0.73375895 | AM43: ='[1]PB1 45'!BU37 -> 0.0090233096 | BK43: =L43 -> 0.74019088 | BL43: =0.8757*A43^(-0.084) -> 0.74145869 | BM43: =(BK43-BL43)*100 -> -0.12678076 | BO43: =Y43 -> 0.72179035 | BP43: =0.8666*A43^(-0.092) -> 0.7222168 | BQ43: =(BO43-BP43)*100 -> -0.042644851 | BS43: =AL43 -> 0.73375895 | BT43: =0.8778*A43^(-0.0896) -> 0.73503715 | BU43: =(BS43-BT43)*100 -> -0.12781996
A44: ='[1]PB1 15'!$A38 -> 7.5 | B44: ='[1]PB1 15'!BX38 -> 7.4155178 | C44: ='[1]PB1 15'!BY38 -> 0.75041572 | D44: ='[1]PB1 15'!BZ38 -> 0.022625024 | E44: ='[1]PB1 15'!CC38 -> 7.5260237 | F44: ='[1]PB1 15'!CD38 -> 0.7347951 | G44: ='[1]PB1 15'!CE38 -> 0.0082473048 | H44: ='[1]PB1 15'!CH38 -> 7.5563721 | I44: ='[1]PB1 15'!CI38 -> 0.72918515 | J44: ='[1]PB1 15'!CJ38 -> 0.0067654419 | K44: ='[1]PB1 15'!BS38 -> 7.4993045 | L44: ='[1]PB1 15'!BT38 -> 0.73813199 | M44: ='[1]PB1 15'!BU38 -> 0.017007368 | O44: ='[1]PB1 30'!BX38 -> 7.5253183 | P44: ='[1]PB1 30'!BY38 -> 0.71699319 | Q44: ='[1]PB1 30'!BZ38 -> 0.0056327259 | R44: ='[1]PB1 30'!CC38 -> 7.5538424 | S44: ='[1]PB1 30'!CD38 -> 0.71537349 | T44: ='[1]PB1 30'!CE38 -> 0.0053965247 | U44: ='[1]PB1 30'!CH38 -> 7.441795 | V44: ='[1]PB1 30'!CI38 -> 0.7266547 | W44: ='[1]PB1 30'!CJ38 -> 0.0097839206 | X44: ='[1]PB1 30'!BS38 -> 7.5069852 | Y44: ='[1]PB1 30'!BT38 -> 0.71967379 | Z44: ='[1]PB1 30'!BU38 -> 0.0087747067 | AB44: ='[1]PB1 45'!BX38 -> 7.4806582 | AC44: ='[1]PB1 45'!BY38 -> 0.73146584 | AD44: ='[1]PB1 45'!BZ38 -> 0.002179168 | AE44: ='[1]PB1 45'!CC38 -> 7.4671988 | AF44: ='[1]PB1 45'!CD38 -> 0.73985165 | AG44: ='[1]PB1 45'!CE38 -> 0.0054231434 | AH44: ='[1]PB1 45'!CH38 -> 7.555306 | AI44: ='[1]PB1 45'!CI38 -> 0.72287716 | AJ44: ='[1]PB1 45'!CJ38 -> 0.0090126256 | AK44: ='[1]PB1 45'!BS38 -> 7.5010543 | AL44: ='[1]PB1 45'!BT38 -> 0.73139822 | AM44: ='[1]PB1 45'!BU38 -> 0.0092998257 | BK44: =L44 -> 0.73813199 | BL44: =0.8757*A44^(-0.084) -> 0.73935022 | BM44: =(BK44-BL44)*100 -> -0.12182245 | BO44: =Y44 -> 0.71967379 | BP44: =0.8666*A44^(-0.092) -> 0.71996776 | BQ44: =(BO44-BP44)*100 -> -0.02939651 | BS44: =AL44 -> 0.73139822 | BT44: =0.8778*A44^(-0.0896) -> 0.73280781 | BU44: =(BS44-BT44)*100 -> -0.1409591
A45: ='[1]PB1 15'!$A39 -> 7.75 | B45: ='[1]PB1 15'!BX39 -> 7.6655371 | C45: ='[1]PB1 15'!BY39 -> 0.7486235 | D45: ='[1]PB1 15'!BZ39 -> 0.022817217 | E45: ='[1]PB1 15'!CC39 -> 7.7768912 | F45: ='[1]PB1 15'!CD39 -> 0.73293523 | G45: ='[1]PB1 15'!CE39 -> 0.0083290737 | H45: ='[1]PB1 15'!CH39 -> 7.7925088 | I45: ='[1]PB1 15'!CI39 -> 0.72718842 | J45: ='[1]PB1 15'!CJ39 -> 0.0070196941 | K45: ='[1]PB1 15'!BS39 -> 7.744979 | L45: ='[1]PB1 15'!BT39 -> 0.73624905 | M45: ='[1]PB1 15'!BU39 -> 0.017180207 | O45: ='[1]PB1 30'!BX39 -> 7.7707276 | P45: ='[1]PB1 30'!BY39 -> 0.71505167 | Q45: ='[1]PB1 30'!BZ39 -> 0.0056021954 | R45: ='[1]PB1 30'!CC39 -> 7.7975147 | S45: ='[1]PB1 30'!CD39 -> 0.71337111 | T45: ='[1]PB1 30'!CE39 -> 0.0054677462 | U45: ='[1]PB1 30'!CH39 -> 7.6793346 | V45: ='[1]PB1 30'!CI39 -> 0.72463767 | W45: ='[1]PB1 30'!CJ39 -> 0.0097280925 | X45: ='[1]PB1 30'!BS39 -> 7.7491923 | Y45: ='[1]PB1 30'!BT39 -> 0.71768682 | Z45: ='[1]PB1 30'!BU39 -> 0.0087521493 | AB45: ='[1]PB1 45'!BX39 -> 7.7272819 | AC45: ='[1]PB1 45'!BY39 -> 0.72951148 | AD45: ='[1]PB1 45'!BZ39 -> 0.0021972151 | AE45: ='[1]PB1 45'!CC39 -> 7.7161054 | AF45: ='[1]PB1 45'!CD39 -> 0.73791815 | AG45: ='[1]PB1 45'!CE39 -> 0.0053763262 | AH45: ='[1]PB1 45'!CH39 -> 7.7914093 | AI45: ='[1]PB1 45'!CI39 -> 0.72067779 | AJ45: ='[1]PB1 45'!CJ39 -> 0.009306289 | AK45: ='[1]PB1 45'!BS39 -> 7.7449322 | AL45: ='[1]PB1 45'!BT39 -> 0.72936914 | AM45: ='[1]PB1 45'!BU39 -> 0.0094689876 | BK45: =L45 -> 0.73624905 | BL45: =0.8757*A45^(-0.084) -> 0.73731659 | BM45: =(BK45-BL45)*100 -> -0.10675401 | BO45: =Y45 -> 0.71768682 | BP45: =0.8666*A45^(-0.092) -> 0.71779913 | BQ45: =(BO45-BP45)*100 -> -0.011231326 | BS45: =AL45 -> 0.72936914 | BT45: =0.8778*A45^(-0.0896) -> 0.730658 | BU45: =(BS45-BT45)*100 -> -0.12888607
A46: ='[1]PB1 15'!$A40 -> 8 | B46: ='[1]PB1 15'!BX40 -> 7.9155565 | C46: ='[1]PB1 15'!BY40 -> 0.74671722 | D46: ='[1]PB1 15'!BZ40 -> 0.022681109 | E46: ='[1]PB1 15'!CC40 -> 8.0277586 | F46: ='[1]PB1 15'!CD40 -> 0.73103392 | G46: ='[1]PB1 15'!CE40 -> 0.008490762 | H46: ='[1]PB1 15'!CH40 -> 8.0286454 | I46: ='[1]PB1 15'!CI40 -> 0.72541332 | J46: ='[1]PB1 15'!CJ40 -> 0.0071630631 | K46: ='[1]PB1 15'!BS40 -> 7.9906535 | L46: ='[1]PB1 15'!BT40 -> 0.73438815 | M46: ='[1]PB1 15'!BU40 -> 0.017142924 | O46: ='[1]PB1 30'!BX40 -> 8.0161368 | P46: ='[1]PB1 30'!BY40 -> 0.71318158 | Q46: ='[1]PB1 30'!BZ40 -> 0.0055937989 | R46: ='[1]PB1 30'!CC40 -> 8.0411871 | S46: ='[1]PB1 30'!CD40 -> 0.71139371 | T46: ='[1]PB1 30'!CE40 -> 0.0054443518 | U46: ='[1]PB1 30'!CH40 -> 7.996475 | V46: ='[1]PB1 30'!CI40 -> 0.72199401 | W46: ='[1]PB1 30'!CJ40 -> 0.010687187 | X46: ='[1]PB1 30'!BS40 -> 8.017933 | Y46: ='[1]PB1 30'!BT40 -> 0.7155231 | Z46: ='[1]PB1 30'!BU40 -> 0.0089359716 | AB46: ='[1]PB1 45'!BX40 -> 7.9739056 | AC46: ='[1]PB1 45'!BY40 -> 0.72758427 | AD46: ='[1]PB1 45'!BZ40 -> 0.0021710522 | AE46: ='[1]PB1 45'!CC40 -> 7.9650121 | AF46: ='[1]PB1 45'!CD40 -> 0.73601494 | AG46: ='[1]PB1 45'!CE40 -> 0.0053897288 | AH46: ='[1]PB1 45'!CH40 -> 8.0275126 | AI46: ='[1]PB1 45'!CI40 -> 0.71872814 | AJ46: ='[1]PB1 45'!CJ40 -> 0.0094527848 | AK46: ='[1]PB1 45'!BS40 -> 7.9888101 | AL46: ='[1]PB1 45'!BT40 -> 0.72744245 | AM46: ='[1]PB1 45'!BU40 -> 0.0095317827 | BK46: =L46 -> 0.73438815 | BL46: =0.8757*A46^(-0.084) -> 0.73535287 | BM46: =(BK46-BL46)*100 -> -0.096471535 | BO46: =Y46 -> 0.7155231 | BP46: =0.8666*A46^(-0.092) -> 0.71570558 | BQ46: =(BO46-BP46)*100 -> -0.018248444 | BS46: =AL46 -> 0.72744245 | BT46: =0.8778*A46^(-0.0896) -> 0.72858246 | BU46: =(BS46-BT46)*100 -> -0.11400122 | BX46: 15 min | CA46: 30 min | CD46: 45 min
A47: ='[1]PB1 15'!$A41 -> 8.25 | B47: ='[1]PB1 15'!BX41 -> 8.1655758 | C47: ='[1]PB1 15'!BY41 -> 0.74520091 | D47: ='[1]PB1 15'!BZ41 -> 0.023042884 | E47: ='[1]PB1 15'!CC41 -> 8.2786261 | F47: ='[1]PB1 15'!CD41 -> 0.72925778 | G47: ='[1]PB1 15'!CE41 -> 0.0085726258 | H47: ='[1]PB1 15'!CH41 -> 8.264782 | I47: ='[1]PB1 15'!CI41 -> 0.72361979 | J47: ='[1]PB1 15'!CJ41 -> 0.0073842314 | K47: ='[1]PB1 15'!BS41 -> 8.236328 | L47: ='[1]PB1 15'!BT41 -> 0.73269282 | M47: ='[1]PB1 15'!BU41 -> 0.017412285 | O47: ='[1]PB1 30'!BX41 -> 8.2615461 | P47: ='[1]PB1 30'!BY41 -> 0.71135918 | Q47: ='[1]PB1 30'!BZ41 -> 0.0055521878 | R47: ='[1]PB1 30'!CC41 -> 8.2848594 | S47: ='[1]PB1 30'!CD41 -> 0.70951718 | T47: ='[1]PB1 30'!CE41 -> 0.0054690323 | U47: ='[1]PB1 30'!CH41 -> 8.2340147 | V47: ='[1]PB1 30'!CI41 -> 0.72017933 | W47: ='[1]PB1 30'!CJ41 -> 0.010613973 | X47: ='[1]PB1 30'!BS41 -> 8.2601401 | Y47: ='[1]PB1 30'!BT41 -> 0.71368523 | Z47: ='[1]PB1 30'!BU41 -> 0.0089134716 | AB47: ='[1]PB1 45'!BX41 -> 8.2205293 | AC47: ='[1]PB1 45'!BY41 -> 0.72595858 | AD47: ='[1]PB1 45'!BZ41 -> 0.0024693187 | AE47: ='[1]PB1 45'!CC41 -> 8.2139187 | AF47: ='[1]PB1 45'!CD41 -> 0.73419025 | AG47: ='[1]PB1 45'!CE41 -> 0.0053723544 | AH47: ='[1]PB1 45'!CH41 -> 8.2636159 | AI47: ='[1]PB1 45'!CI41 -> 0.71691159 | AJ47: ='[1]PB1 45'!CJ41 -> 0.0095433419 | AK47: ='[1]PB1 45'!BS41 -> 8.232688 | AL47: ='[1]PB1 45'!BT41 -> 0.72568681 | AM47: ='[1]PB1 45'!BU41 -> 0.009581612 | BK47: =L47 -> 0.73269282 | BL47: =0.8757*A47^(-0.084) -> 0.73345457 | BM47: =(BK47-BL47)*100 -> -0.07617445 | BO47: =Y47 -> 0.71368523 | BP47: =0.8666*A47^(-0.092) -> 0.71368229 | BQ47: =(BO47-BP47)*100 -> 0.00029382103 | BS47: =AL47 -> 0.72568681 | BT47: =0.8778*A47^(-0.0896) -> 0.72657643 | BU47: =(BS47-BT47)*100 -> -0.088961979 | BX47: mm | BY47: hrs | CA47: mm | CB47: hrs | CD47: mm | CE47: hrs
A48: ='[1]PB1 15'!$A42 -> 8.5 | B48: ='[1]PB1 15'!BX42 -> 8.4977006 | C48: ='[1]PB1 15'!BY42 -> 0.74301771 | D48: ='[1]PB1 15'!BZ42 -> 0.023395875 | E48: ='[1]PB1 15'!CC42 -> 8.5294935 | F48: ='[1]PB1 15'!CD42 -> 0.72755506 | G48: ='[1]PB1 15'!CE42 -> 0.0086886683 | H48: ='[1]PB1 15'!CH42 -> 8.5009187 | I48: ='[1]PB1 15'!CI42 -> 0.72193804 | J48: ='[1]PB1 15'!CJ42 -> 0.0075859065 | K48: ='[1]PB1 15'!BS42 -> 8.5093709 | L48: ='[1]PB1 15'!BT42 -> 0.73083694 | M48: ='[1]PB1 15'!BU42 -> 0.017499889 | O48: ='[1]PB1 30'!BX42 -> 8.5069553 | P48: ='[1]PB1 30'!BY42 -> 0.70963022 | Q48: ='[1]PB1 30'!BZ42 -> 0.0055133734 | R48: ='[1]PB1 30'!CC42 -> 8.5285318 | S48: ='[1]PB1 30'!CD42 -> 0.70768764 | T48: ='[1]PB1 30'!CE42 -> 0.0054725282 | U48: ='[1]PB1 30'!CH42 -> 8.4715544 | V48: ='[1]PB1 30'!CI42 -> 0.71840108 | W48: ='[1]PB1 30'!CJ42 -> 0.010477602 | X48: ='[1]PB1 30'!BS42 -> 8.5023471 | Y48: ='[1]PB1 30'!BT42 -> 0.71190631 | Z48: ='[1]PB1 30'!BU42 -> 0.0088559912 | AB48: ='[1]PB1 45'!BX42 -> 8.467153 | AC48: ='[1]PB1 45'!BY42 -> 0.72410158 | AD48: ='[1]PB1 45'!BZ42 -> 0.0023781668 | AE48: ='[1]PB1 45'!CC42 -> 8.4628253 | AF48: ='[1]PB1 45'!CD42 -> 0.73240573 | AG48: ='[1]PB1 45'!CE42 -> 0.005401833 | AH48: ='[1]PB1 45'!CH42 -> 8.4997193 | AI48: ='[1]PB1 45'!CI42 -> 0.71509493 | AJ48: ='[1]PB1 45'!CJ42 -> 0.00964797 | AK48: ='[1]PB1 45'!BS42 -> 8.4765659 | AL48: ='[1]PB1 45'!BT42 -> 0.72386741 | AM48: ='[1]PB1 45'!BU42 -> 0.0096234609 | BK48: =L48 -> 0.73083694 | BL48: =0.8757*A48^(-0.084) -> 0.73161763 | BM48: =(BK48-BL48)*100 -> -0.078068742 | BO48: =Y48 -> 0.71190631 | BP48: =0.8666*A48^(-0.092) -> 0.71172487 | BQ48: =(BO48-BP48)*100 -> 0.018143912 | BS48: =AL48 -> 0.72386741 | BT48: =0.8778*A48^(-0.0896) -> 0.72463556 | BU48: =(BS48-BT48)*100 -> -0.076814253 | BW48: Start | BX48: =BB23 -> 0.8723665 | BY48: =A23 -> 2.2497222 | CA48: =BE25 -> 0.8355 | CB48: =A25 -> 2.75 | CD48: =BH26 -> 0.8299 | CE48: =A26 -> 3
A49: ='[1]PB1 15'!$A43 -> 8.75 | B49: ='[1]PB1 15'!BX43 -> 8.7477199 | C49: ='[1]PB1 15'!BY43 -> 0.74112672 | D49: ='[1]PB1 15'!BZ43 -> 0.023138174 | E49: ='[1]PB1 15'!CC43 -> 8.780361 | F49: ='[1]PB1 15'!CD43 -> 0.72591712 | G49: ='[1]PB1 15'!CE43 -> 0.0087641597 | H49: ='[1]PB1 15'!CH43 -> 8.7370553 | I49: ='[1]PB1 15'!CI43 -> 0.72021836 | J49: ='[1]PB1 15'!CJ43 -> 0.0077891818 | K49: ='[1]PB1 15'!BS43 -> 8.7550454 | L49: ='[1]PB1 15'!BT43 -> 0.7290874 | M49: ='[1]PB1 15'!BU43 -> 0.017383064 | O49: ='[1]PB1 30'!BX43 -> 8.7523645 | P49: ='[1]PB1 30'!BY43 -> 0.70795242 | Q49: ='[1]PB1 30'!BZ43 -> 0.0054678297 | R49: ='[1]PB1 30'!CC43 -> 8.7722041 | S49: ='[1]PB1 30'!CD43 -> 0.70590718 | T49: ='[1]PB1 30'!CE43 -> 0.005474648 | U49: ='[1]PB1 30'!CH43 -> 8.788968 | V49: ='[1]PB1 30'!CI43 -> 0.71620529 | W49: ='[1]PB1 30'!CJ43 -> 0.0099535737 | X49: ='[1]PB1 30'!BS43 -> 8.7711789 | Y49: ='[1]PB1 30'!BT43 -> 0.71002163 | Z49: ='[1]PB1 30'!BU43 -> 0.008532106 | AB49: ='[1]PB1 45'!BX43 -> 8.7137767 | AC49: ='[1]PB1 45'!BY43 -> 0.72232353 | AD49: ='[1]PB1 45'!BZ43 -> 0.0023551834 | AE49: ='[1]PB1 45'!CC43 -> 8.711732 | AF49: ='[1]PB1 45'!CD43 -> 0.73067112 | AG49: ='[1]PB1 45'!CE43 -> 0.0054842061 | AH49: ='[1]PB1 45'!CH43 -> 8.7358226 | AI49: ='[1]PB1 45'!CI43 -> 0.7134095 | AJ49: ='[1]PB1 45'!CJ43 -> 0.0097064836 | AK49: ='[1]PB1 45'!BS43 -> 8.7204438 | AL49: ='[1]PB1 45'!BT43 -> 0.72213472 | AM49: ='[1]PB1 45'!BU43 -> 0.009641482 | BK49: =L49 -> 0.7290874 | BL49: =0.8757*A49^(-0.084) -> 0.72983834 | BM49: =(BK49-BL49)*100 -> -0.075093564 | BO49: =Y49 -> 0.71002163 | BP49: =0.8666*A49^(-0.092) -> 0.70982934 | BQ49: =(BO49-BP49)*100 -> 0.019229264 | BS49: =AL49 -> 0.72213472 | BT49: =0.8778*A49^(-0.0896) -> 0.72275592 | BU49: =(BS49-BT49)*100 -> -0.062119995 | BW49: End | BX49: =BK37 -> 0.75585201 | BY49: =A37 -> 5.75 | CA49: =BO36 -> 0.74100253 | CB49: =A36 -> 5.5 | CD49: =BS36 -> 0.75431695 | CE49: =A36 -> 5.5
A50: ='[1]PB1 15'!$A44 -> 9 | B50: ='[1]PB1 15'!BX44 -> 8.9977393 | C50: ='[1]PB1 15'!BY44 -> 0.73904399 | D50: ='[1]PB1 15'!BZ44 -> 0.022409574 | E50: ='[1]PB1 15'!CC44 -> 9.0312284 | F50: ='[1]PB1 15'!CD44 -> 0.72433512 | G50: ='[1]PB1 15'!CE44 -> 0.0088426295 | H50: ='[1]PB1 15'!CH44 -> 8.9731919 | I50: ='[1]PB1 15'!CI44 -> 0.71859536 | J50: ='[1]PB1 15'!CJ44 -> 0.007953988 | K50: ='[1]PB1 15'!BS44 -> 9.0007199 | L50: ='[1]PB1 15'!BT44 -> 0.72732482 | M50: ='[1]PB1 15'!BU44 -> 0.016991447 | O50: ='[1]PB1 30'!BX44 -> 8.9977738 | P50: ='[1]PB1 30'!BY44 -> 0.70631119 | Q50: ='[1]PB1 30'!BZ44 -> 0.0054286439 | R50: ='[1]PB1 30'!CC44 -> 9.0158764 | S50: ='[1]PB1 30'!CD44 -> 0.70417101 | T50: ='[1]PB1 30'!CE44 -> 0.005456957 | U50: ='[1]PB1 30'!CH44 -> 9.0265077 | V50: ='[1]PB1 30'!CI44 -> 0.7146076 | W50: ='[1]PB1 30'!CJ44 -> 0.0098194892 | X50: ='[1]PB1 30'!BS44 -> 9.013386 | Y50: ='[1]PB1 30'!BT44 -> 0.70836327 | Z50: ='[1]PB1 30'!BU44 -> 0.0084940892 | AB50: ='[1]PB1 45'!BX44 -> 8.9604004 | AC50: ='[1]PB1 45'!BY44 -> 0.72062484 | AD50: ='[1]PB1 45'!BZ44 -> 0.0023308182 | AE50: ='[1]PB1 45'!CC44 -> 8.9606386 | AF50: ='[1]PB1 45'!CD44 -> 0.72896197 | AG50: ='[1]PB1 45'!CE44 -> 0.0055048255 | AH50: ='[1]PB1 45'!CH44 -> 8.9719259 | AI50: ='[1]PB1 45'!CI44 -> 0.71178689 | AJ50: ='[1]PB1 45'!CJ44 -> 0.0097632546 | AK50: ='[1]PB1 45'!BS44 -> 8.9643216 | AL50: ='[1]PB1 45'!BT44 -> 0.7204579 | AM50: ='[1]PB1 45'!BU44 -> 0.0096365684 | BK50: =L50 -> 0.72732482 | BL50: =0.8757*A50^(-0.084) -> 0.72811332 | BM50: =(BK50-BL50)*100 -> -0.07885021 | BO50: =Y50 -> 0.70836327 | BP50: =0.8666*A50^(-0.092) -> 0.70799204 | BQ50: =(BO50-BP50)*100 -> 0.037122983 | BS50: =AL50 -> 0.7204579 | BT50: =0.8778*A50^(-0.0896) -> 0.7209339 | BU50: =(BS50-BT50)*100 -> -0.047599982
A51: ='[1]PB1 15'!$A45 -> 9.25 | B51: ='[1]PB1 15'!BX45 -> 9.2477586 | C51: ='[1]PB1 15'!BY45 -> 0.73714543 | D51: ='[1]PB1 15'!BZ45 -> 0.021704088 | E51: ='[1]PB1 15'!CC45 -> 9.2820959 | F51: ='[1]PB1 15'!CD45 -> 0.72277076 | G51: ='[1]PB1 15'!CE45 -> 0.0089284522 | H51: ='[1]PB1 15'!CH45 -> 9.2873433 | I51: ='[1]PB1 15'!CI45 -> 0.71651477 | J51: ='[1]PB1 15'!CJ45 -> 0.0087778889 | K51: ='[1]PB1 15'!BS45 -> 9.2723993 | L51: ='[1]PB1 15'!BT45 -> 0.72547699 | M51: ='[1]PB1 15'!BU45 -> 0.016848674 | O51: ='[1]PB1 30'!BX45 -> 9.243183 | P51: ='[1]PB1 30'!BY45 -> 0.70469373 | Q51: ='[1]PB1 30'!BZ45 -> 0.0053613377 | R51: ='[1]PB1 30'!CC45 -> 9.2595488 | S51: ='[1]PB1 30'!CD45 -> 0.70247615 | T51: ='[1]PB1 30'!CE45 -> 0.0054412675 | U51: ='[1]PB1 30'!CH45 -> 9.2640474 | V51: ='[1]PB1 30'!CI45 -> 0.71304731 | W51: ='[1]PB1 30'!CJ45 -> 0.0096914969 | X51: ='[1]PB1 30'!BS45 -> 9.255593 | Y51: ='[1]PB1 30'!BT45 -> 0.70673907 | Z51: ='[1]PB1 30'!BU45 -> 0.008454312 | AB51: ='[1]PB1 45'!BX45 -> 9.2070242 | AC51: ='[1]PB1 45'!BY45 -> 0.71897387 | AD51: ='[1]PB1 45'!BZ45 -> 0.0023696606 | AE51: ='[1]PB1 45'!CC45 -> 9.2095452 | AF51: ='[1]PB1 45'!CD45 -> 0.72731898 | AG51: ='[1]PB1 45'!CE45 -> 0.0055330584 | AH51: ='[1]PB1 45'!CH45 -> 9.2080292 | AI51: ='[1]PB1 45'!CI45 -> 0.71025212 | AJ51: ='[1]PB1 45'!CJ45 -> 0.0097696542 | AK51: ='[1]PB1 45'!BS45 -> 9.2081995 | AL51: ='[1]PB1 45'!BT45 -> 0.71884832 | AM51: ='[1]PB1 45'!BU45 -> 0.0096148975 | BK51: =L51 -> 0.72547699 | BL51: =0.8757*A51^(-0.084) -> 0.72643949 | BM51: =(BK51-BL51)*100 -> -0.096250305 | BO51: =Y51 -> 0.70673907 | BP51: =0.8666*A51^(-0.092) -> 0.70620965 | BQ51: =(BO51-BP51)*100 -> 0.052941993 | BS51: =AL51 -> 0.71884832 | BT51: =0.8778*A51^(-0.0896) -> 0.71916622 | BU51: =(BS51-BT51)*100 -> -0.03178931 | BW51: Delta | BX51: =BX49-BX48 -> -0.11651449 | BY51: =BY49-BY48 -> 3.5002778 | CA51: =CA49-CA48 -> -0.09449747 | CB51: =CB49-CB48 -> 2.75 | CD51: =CD49-CD48 -> -0.075583046 | CE51: =CE49-CE48 -> 2.5
A52: ='[1]PB1 15'!$A46 -> 9.5 | B52: ='[1]PB1 15'!BX46 -> 9.4977779 | C52: ='[1]PB1 15'!BY46 -> 0.73614981 | D52: ='[1]PB1 15'!BZ46 -> 0.022184003 | E52: ='[1]PB1 15'!CC46 -> 9.5329634 | F52: ='[1]PB1 15'!CD46 -> 0.72133052 | G52: ='[1]PB1 15'!CE46 -> 0.0089627399 | H52: ='[1]PB1 15'!CH46 -> 9.52348 | I52: ='[1]PB1 15'!CI46 -> 0.71505371 | J52: ='[1]PB1 15'!CJ46 -> 0.0088386812 | K52: ='[1]PB1 15'!BS46 -> 9.5180737 | L52: ='[1]PB1 15'!BT46 -> 0.72417802 | M52: ='[1]PB1 15'!BU46 -> 0.017178165 | O52: ='[1]PB1 30'!BX46 -> 9.4885923 | P52: ='[1]PB1 30'!BY46 -> 0.70315417 | Q52: ='[1]PB1 30'!BZ46 -> 0.0053122202 | R52: ='[1]PB1 30'!CC46 -> 9.5032211 | S52: ='[1]PB1 30'!CD46 -> 0.70083155 | T52: ='[1]PB1 30'!CE46 -> 0.0054215495 | U52: ='[1]PB1 30'!CH46 -> 9.579652 | V52: ='[1]PB1 30'!CI46 -> 0.71093578 | W52: ='[1]PB1 30'!CJ46 -> 0.0092583254 | X52: ='[1]PB1 30'!BS46 -> 9.5238218 | Y52: ='[1]PB1 30'!BT46 -> 0.70497383 | Z52: ='[1]PB1 30'!BU46 -> 0.008151562 | AB52: ='[1]PB1 45'!BX46 -> 9.4536479 | AC52: ='[1]PB1 45'!BY46 -> 0.7172907 | AD52: ='[1]PB1 45'!BZ46 -> 0.0022461541 | AE52: ='[1]PB1 45'!CC46 -> 9.4584518 | AF52: ='[1]PB1 45'!CD46 -> 0.72569431 | AG52: ='[1]PB1 45'!CE46 -> 0.0055614054 | AH52: ='[1]PB1 45'!CH46 -> 9.4441325 | AI52: ='[1]PB1 45'!CI46 -> 0.70874757 | AJ52: ='[1]PB1 45'!CJ46 -> 0.0097701473 | AK52: ='[1]PB1 45'!BS46 -> 9.4520774 | AL52: ='[1]PB1 45'!BT46 -> 0.71724419 | AM52: ='[1]PB1 45'!BU46 -> 0.0095747815 | BK52: =L52 -> 0.72417802 | BL52: =0.8757*A52^(-0.084) -> 0.72481399 | BM52: =(BK52-BL52)*100 -> -0.063597323 | BO52: =Y52 -> 0.70497383 | BP52: =0.8666*A52^(-0.092) -> 0.7044791 | BQ52: =(BO52-BP52)*100 -> 0.049473396 | BS52: =AL52 -> 0.71724419 | BT52: =0.8778*A52^(-0.0896) -> 0.71744984 | BU52: =(BS52-BT52)*100 -> -0.020564406
A53: ='[1]PB1 15'!$A47 -> 9.75 | B53: ='[1]PB1 15'!BX47 -> 9.7477972 | C53: ='[1]PB1 15'!BY47 -> 0.73477851 | D53: ='[1]PB1 15'!BZ47 -> 0.022129345 | E53: ='[1]PB1 15'!CC47 -> 9.7838308 | F53: ='[1]PB1 15'!CD47 -> 0.71989833 | G53: ='[1]PB1 15'!CE47 -> 0.0090289432 | H53: ='[1]PB1 15'!CH47 -> 9.7596166 | I53: ='[1]PB1 15'!CI47 -> 0.71359501 | J53: ='[1]PB1 15'!CJ47 -> 0.0088828807 | K53: ='[1]PB1 15'!BS47 -> 9.7637482 | L53: ='[1]PB1 15'!BT47 -> 0.72275728 | M53: ='[1]PB1 15'!BU47 -> 0.017192693 | O53: ='[1]PB1 30'!BX47 -> 9.7340015 | P53: ='[1]PB1 30'!BY47 -> 0.70163148 | Q53: ='[1]PB1 30'!BZ47 -> 0.0052913873 | R53: ='[1]PB1 30'!CC47 -> 9.7468934 | S53: ='[1]PB1 30'!CD47 -> 0.69922693 | T53: ='[1]PB1 30'!CE47 -> 0.0054234068 | U53: ='[1]PB1 30'!CH47 -> 9.8171917 | V53: ='[1]PB1 30'!CI47 -> 0.70945975 | W53: ='[1]PB1 30'!CJ47 -> 0.0091851033 | X53: ='[1]PB1 30'!BS47 -> 9.7660289 | Y53: ='[1]PB1 30'!BT47 -> 0.70343938 | Z53: ='[1]PB1 30'!BU47 -> 0.0081452721 | AB53: ='[1]PB1 45'!BX47 -> 9.7002716 | AC53: ='[1]PB1 45'!BY47 -> 0.71571507 | AD53: ='[1]PB1 45'!BZ47 -> 0.0022503776 | AE53: ='[1]PB1 45'!CC47 -> 9.7073585 | AF53: ='[1]PB1 45'!CD47 -> 0.72413954 | AG53: ='[1]PB1 45'!CE47 -> 0.0055679125 | AH53: ='[1]PB1 45'!CH47 -> 9.6802358 | AI53: ='[1]PB1 45'!CI47 -> 0.70733299 | AJ53: ='[1]PB1 45'!CJ47 -> 0.0097803269 | AK53: ='[1]PB1 45'!BS47 -> 9.6959553 | AL53: ='[1]PB1 45'!BT47 -> 0.7157292 | AM53: ='[1]PB1 45'!BU47 -> 0.0095385369 | BK53: =L53 -> 0.72275728 | BL53: =0.8757*A53^(-0.084) -> 0.72323421 | BM53: =(BK53-BL53)*100 -> -0.047693096 | BO53: =Y53 -> 0.70343938 | BP53: =0.8666*A53^(-0.092) -> 0.70279758 | BQ53: =(BO53-BP53)*100 -> 0.064179968 | BS53: =AL53 -> 0.7157292 | BT53: =0.8778*A53^(-0.0896) -> 0.71578198 | BU53: =(BS53-BT53)*100 -> -0.0052782606
A54: ='[1]PB1 15'!$A48 -> 10 | B54: ='[1]PB1 15'!BX48 -> 9.9978166 | C54: ='[1]PB1 15'!BY48 -> 0.73318075 | D54: ='[1]PB1 15'!BZ48 -> 0.021829618 | E54: ='[1]PB1 15'!CC48 -> 10.034698 | F54: ='[1]PB1 15'!CD48 -> 0.7184563 | G54: ='[1]PB1 15'!CE48 -> 0.0091265692 | H54: ='[1]PB1 15'!CH48 -> 9.9957532 | I54: ='[1]PB1 15'!CI48 -> 0.71223438 | J54: ='[1]PB1 15'!CJ48 -> 0.0089091798 | K54: ='[1]PB1 15'!BS48 -> 10.009423 | L54: ='[1]PB1 15'!BT48 -> 0.72129048 | M54: ='[1]PB1 15'!BU48 -> 0.017035493 | O54: ='[1]PB1 30'!BX48 -> 9.9794107 | P54: ='[1]PB1 30'!BY48 -> 0.70016234 | Q54: ='[1]PB1 30'!BZ48 -> 0.0052547681 | R54: ='[1]PB1 30'!CC48 -> 9.9905658 | S54: ='[1]PB1 30'!CD48 -> 0.69768665 | T54: ='[1]PB1 30'!CE48 -> 0.0054183125 | U54: ='[1]PB1 30'!CH48 -> 10.054731 | V54: ='[1]PB1 30'!CI48 -> 0.70804477 | W54: ='[1]PB1 30'!CJ48 -> 0.009082141 | X54: ='[1]PB1 30'!BS48 -> 10.008236 | Y54: ='[1]PB1 30'!BT48 -> 0.70196459 | Z54: ='[1]PB1 30'!BU48 -> 0.0081234931 | AB54: ='[1]PB1 45'!BX48 -> 9.9468953 | AC54: ='[1]PB1 45'!BY48 -> 0.71418349 | AD54: ='[1]PB1 45'!BZ48 -> 0.0022582432 | AE54: ='[1]PB1 45'!CC48 -> 9.9562651 | AF54: ='[1]PB1 45'!CD48 -> 0.72260681 | AG54: ='[1]PB1 45'!CE48 -> 0.0056090178 | AH54: ='[1]PB1 45'!CH48 -> 9.994731 | AI54: ='[1]PB1 45'!CI48 -> 0.70546893 | AJ54: ='[1]PB1 45'!CJ48 -> 0.010107148 | AK54: ='[1]PB1 45'!BS48 -> 9.9659638 | AL54: ='[1]PB1 45'!BT48 -> 0.71408641 | AM54: ='[1]PB1 45'!BU48 -> 0.009756753 | BK54: =L54 -> 0.72129048 | BL54: =0.8757*A54^(-0.084) -> 0.72169775 | BM54: =(BK54-BL54)*100 -> -0.040726649 | BO54: =Y54 -> 0.70196459 | BP54: =0.8666*A54^(-0.092) -> 0.70116251 | BQ54: =(BO54-BP54)*100 -> 0.080208168 | BS54: =AL54 -> 0.71408641 | BT54: =0.8778*A54^(-0.0896) -> 0.71416009 | BU54: =(BS54-BT54)*100 -> -0.0073680287 | BX54: 23 | BY54: 25 | BZ54: 26
A55: ='[1]PB1 15'!$A49 -> 10.25 | B55: ='[1]PB1 15'!BX49 -> 10.247836 | C55: ='[1]PB1 15'!BY49 -> 0.73183781 | D55: ='[1]PB1 15'!BZ49 -> 0.021850093 | E55: ='[1]PB1 15'!CC49 -> 10.285566 | F55: ='[1]PB1 15'!CD49 -> 0.7170733 | G55: ='[1]PB1 15'!CE49 -> 0.0091749548 | H55: ='[1]PB1 15'!CH49 -> 10.23189 | I55: ='[1]PB1 15'!CI49 -> 0.710889 | J55: ='[1]PB1 15'!CJ49 -> 0.0089295941 | K55: ='[1]PB1 15'!BS49 -> 10.255097 | L55: ='[1]PB1 15'!BT49 -> 0.71993337 | M55: ='[1]PB1 15'!BU49 -> 0.017059115 | O55: ='[1]PB1 30'!BX49 -> 10.22482 | P55: ='[1]PB1 30'!BY49 -> 0.69870726 | Q55: ='[1]PB1 30'!BZ49 -> 0.0052403307 | R55: ='[1]PB1 30'!CC49 -> 10.234238 | S55: ='[1]PB1 30'!CD49 -> 0.69615721 | T55: ='[1]PB1 30'!CE49 -> 0.0054247748 | U55: ='[1]PB1 30'!CH49 -> 10.292271 | V55: ='[1]PB1 30'!CI49 -> 0.70664365 | W55: ='[1]PB1 30'!CJ49 -> 0.0090336221 | X55: ='[1]PB1 30'!BS49 -> 10.250443 | Y55: ='[1]PB1 30'!BT49 -> 0.7005027 | Z55: ='[1]PB1 30'!BU49 -> 0.0081304721 | AB55: ='[1]PB1 45'!BX49 -> 10.193519 | AC55: ='[1]PB1 45'!BY49 -> 0.71267243 | AD55: ='[1]PB1 45'!BZ49 -> 0.0022405468 | AE55: ='[1]PB1 45'!CC49 -> 10.205172 | AF55: ='[1]PB1 45'!CD49 -> 0.7211133 | AG55: ='[1]PB1 45'!CE49 -> 0.0056568231 | AH55: ='[1]PB1 45'!CH49 -> 10.230834 | AI55: ='[1]PB1 45'!CI49 -> 0.70410874 | AJ55: ='[1]PB1 45'!CJ49 -> 0.010120294 | AK55: ='[1]PB1 45'!BS49 -> 10.209842 | AL55: ='[1]PB1 45'!BT49 -> 0.71263149 | AM55: ='[1]PB1 45'!BU49 -> 0.0097300218 | BK55: =L55 -> 0.71993337 | BL55: =0.8757*A55^(-0.084) -> 0.72020237 | BM55: =(BK55-BL55)*100 -> -0.026899816 | BO55: =Y55 -> 0.7005027 | BP55: =0.8666*A55^(-0.092) -> 0.69957147 | BQ55: =(BO55-BP55)*100 -> 0.093123478 | BS55: =AL55 -> 0.71263149 | BT55: =0.8778*A55^(-0.0896) -> 0.71258179 | BU55: =(BS55-BT55)*100 -> 0.0049704165 | BX55: 37 | BY55: 36 | BZ55: 36
A56: ='[1]PB1 15'!$A50 -> 10.5 | B56: ='[1]PB1 15'!BX50 -> 10.497855 | C56: ='[1]PB1 15'!BY50 -> 0.73041718 | D56: ='[1]PB1 15'!BZ50 -> 0.02174379 | E56: ='[1]PB1 15'!CC50 -> 10.536433 | F56: ='[1]PB1 15'!CD50 -> 0.71576474 | G56: ='[1]PB1 15'!CE50 -> 0.0092007431 | H56: ='[1]PB1 15'!CH50 -> 10.468026 | I56: ='[1]PB1 15'!CI50 -> 0.70960305 | J56: ='[1]PB1 15'!CJ50 -> 0.0089994207 | K56: ='[1]PB1 15'!BS50 -> 10.500772 | L56: ='[1]PB1 15'!BT50 -> 0.71859499 | M56: ='[1]PB1 15'!BU50 -> 0.017000638 | O56: ='[1]PB1 30'!BX50 -> 10.470229 | P56: ='[1]PB1 30'!BY50 -> 0.69729241 | Q56: ='[1]PB1 30'!BZ50 -> 0.005239789 | R56: ='[1]PB1 30'!CC50 -> 10.47791 | S56: ='[1]PB1 30'!CD50 -> 0.69463742 | T56: ='[1]PB1 30'!CE50 -> 0.0054006993 | U56: ='[1]PB1 30'!CH50 -> 10.529811 | V56: ='[1]PB1 30'!CI50 -> 0.70529332 | W56: ='[1]PB1 30'!CJ50 -> 0.0089337972 | X56: ='[1]PB1 30'!BS50 -> 10.49265 | Y56: ='[1]PB1 30'!BT50 -> 0.69907438 | Z56: ='[1]PB1 30'!BU50 -> 0.008123483 | AB56: ='[1]PB1 45'!BX50 -> 10.60482 | AC56: ='[1]PB1 45'!BY50 -> 0.71029007 | AD56: ='[1]PB1 45'!BZ50 -> 0.001711353 | AE56: ='[1]PB1 45'!CC50 -> 10.454078 | AF56: ='[1]PB1 45'!CD50 -> 0.71967109 | AG56: ='[1]PB1 45'!CE50 -> 0.0056985077 | AH56: ='[1]PB1 45'!CH50 -> 10.466938 | AI56: ='[1]PB1 45'!CI50 -> 0.70279352 | AJ56: ='[1]PB1 45'!CJ50 -> 0.010110167 | AK56: ='[1]PB1 45'!BS50 -> 10.508612 | AL56: ='[1]PB1 45'!BT50 -> 0.71091823 | AM56: ='[1]PB1 45'!BU50 -> 0.0096718688 | BK56: =L56 -> 0.71859499 | BL56: =0.8757*A56^(-0.084) -> 0.71874601 | BM56: =(BK56-BL56)*100 -> -0.015102032 | BO56: =Y56 -> 0.69907438 | BP56: =0.8666*A56^(-0.092) -> 0.69802225 | BQ56: =(BO56-BP56)*100 -> 0.10521275 | BS56: =AL56 -> 0.71091823 | BT56: =0.8778*A56^(-0.0896) -> 0.71104488 | BU56: =(BS56-BT56)*100 -> -0.012665545
A57: ='[1]PB1 15'!$A51 -> 10.75 | B57: ='[1]PB1 15'!BX51 -> 10.747875 | C57: ='[1]PB1 15'!BY51 -> 0.72907879 | D57: ='[1]PB1 15'!BZ51 -> 0.021706721 | E57: ='[1]PB1 15'!CC51 -> 10.787301 | F57: ='[1]PB1 15'!CD51 -> 0.7145026 | G57: ='[1]PB1 15'!CE51 -> 0.0092034807 | H57: ='[1]PB1 15'!CH51 -> 10.704163 | I57: ='[1]PB1 15'!CI51 -> 0.70834196 | J57: ='[1]PB1 15'!CJ51 -> 0.0089920583 | K57: ='[1]PB1 15'!BS51 -> 10.746446 | L57: ='[1]PB1 15'!BT51 -> 0.71730778 | M57: ='[1]PB1 15'!BU51 -> 0.016966187 | O57: ='[1]PB1 30'!BX51 -> 10.798007 | P57: ='[1]PB1 30'!BY51 -> 0.69545151 | Q57: ='[1]PB1 30'!BZ51 -> 0.0046010949 | R57: ='[1]PB1 30'!CC51 -> 10.721583 | S57: ='[1]PB1 30'!CD51 -> 0.69316799 | T57: ='[1]PB1 30'!CE51 -> 0.0054211093 | U57: ='[1]PB1 30'!CH51 -> 10.76735 | V57: ='[1]PB1 30'!CI51 -> 0.70396025 | W57: ='[1]PB1 30'!CJ51 -> 0.0088641138 | X57: ='[1]PB1 30'!BS51 -> 10.762313 | Y57: ='[1]PB1 30'!BT51 -> 0.69752658 | Z57: ='[1]PB1 30'!BU51 -> 0.008037958 | AB57: ='[1]PB1 45'!BX51 -> 10.851443 | AC57: ='[1]PB1 45'!BY51 -> 0.70885889 | AD57: ='[1]PB1 45'!BZ51 -> 0.0016821482 | AE57: ='[1]PB1 45'!CC51 -> 10.702985 | AF57: ='[1]PB1 45'!CD51 -> 0.71823193 | AG57: ='[1]PB1 45'!CE51 -> 0.0057280318 | AH57: ='[1]PB1 45'!CH51 -> 10.703041 | AI57: ='[1]PB1 45'!CI51 -> 0.70152094 | AJ57: ='[1]PB1 45'!CJ51 -> 0.01012217 | AK57: ='[1]PB1 45'!BS51 -> 10.75249 | AL57: ='[1]PB1 45'!BT51 -> 0.70953725 | AM57: ='[1]PB1 45'!BU51 -> 0.0096335713 | BK57: =L57 -> 0.71730778 | BL57: =0.8757*A57^(-0.084) -> 0.71732677 | BM57: =(BK57-BL57)*100 -> -0.0018987928 | BO57: =Y57 -> 0.69752658 | BP57: =0.8666*A57^(-0.092) -> 0.69651281 | BQ57: =(BO57-BP57)*100 -> 0.10137751 | BS57: =AL57 -> 0.70953725 | BT57: =0.8778*A57^(-0.0896) -> 0.70954734 | BU57: =(BS57-BT57)*100 -> -0.0010089746
A58: ='[1]PB1 15'!$A52 -> 11 | B58: ='[1]PB1 15'!BX52 -> 10.997894 | C58: ='[1]PB1 15'!BY52 -> 0.72772242 | D58: ='[1]PB1 15'!BZ52 -> 0.021607128 | E58: ='[1]PB1 15'!CC52 -> 11.038168 | F58: ='[1]PB1 15'!CD52 -> 0.71325744 | G58: ='[1]PB1 15'!CE52 -> 0.0092169414 | H58: ='[1]PB1 15'!CH52 -> 10.9403 | I58: ='[1]PB1 15'!CI52 -> 0.70710169 | J58: ='[1]PB1 15'!CJ52 -> 0.0090395761 | K58: ='[1]PB1 15'!BS52 -> 10.992121 | L58: ='[1]PB1 15'!BT52 -> 0.71602718 | M58: ='[1]PB1 15'!BU52 -> 0.016908068 | O58: ='[1]PB1 30'!BX52 -> 11.043416 | P58: ='[1]PB1 30'!BY52 -> 0.69412849 | Q58: ='[1]PB1 30'!BZ52 -> 0.0045756901 | R58: ='[1]PB1 30'!CC52 -> 10.965255 | S58: ='[1]PB1 30'!CD52 -> 0.69176104 | T58: ='[1]PB1 30'!CE52 -> 0.005412125 | U58: ='[1]PB1 30'!CH52 -> 11.00489 | V58: ='[1]PB1 30'!CI52 -> 0.70264874 | W58: ='[1]PB1 30'!CJ52 -> 0.0087914526 | X58: ='[1]PB1 30'!BS52 -> 11.00452 | Y58: ='[1]PB1 30'!BT52 -> 0.69617942 | Z58: ='[1]PB1 30'!BU52 -> 0.0080228463 | AB58: ='[1]PB1 45'!BX52 -> 11.098067 | AC58: ='[1]PB1 45'!BY52 -> 0.7074771 | AD58: ='[1]PB1 45'!BZ52 -> 0.0017005377 | AE58: ='[1]PB1 45'!CC52 -> 11.034274 | AF58: ='[1]PB1 45'!CD52 -> 0.71634573 | AG58: ='[1]PB1 45'!CE52 -> 0.0058645241 | AH58: ='[1]PB1 45'!CH52 -> 11.017936 | AI58: ='[1]PB1 45'!CI52 -> 0.69985743 | AJ58: ='[1]PB1 45'!CJ52 -> 0.0095231856 | AK58: ='[1]PB1 45'!BS52 -> 11.050092 | AL58: ='[1]PB1 45'!BT52 -> 0.70789342 | AM58: ='[1]PB1 45'!BU52 -> 0.009383809 | BK58: =L58 -> 0.71602718 | BL58: =0.8757*A58^(-0.084) -> 0.71594286 | BM58: =(BK58-BL58)*100 -> 0.0084321393 | BO58: =Y58 -> 0.69617942 | BP58: =0.8666*A58^(-0.092) -> 0.69504121 | BQ58: =(BO58-BP58)*100 -> 0.11382081 | BS58: =AL58 -> 0.70789342 | BT58: =0.8778*A58^(-0.0896) -> 0.70808728 | BU58: =(BS58-BT58)*100 -> -0.019385928
A59: ='[1]PB1 15'!$A53 -> 11.25 | B59: ='[1]PB1 15'!BX53 -> 11.247913 | C59: ='[1]PB1 15'!BY53 -> 0.72644317 | D59: ='[1]PB1 15'!BZ53 -> 0.021628641 | E59: ='[1]PB1 15'!CC53 -> 11.289036 | F59: ='[1]PB1 15'!CD53 -> 0.71205667 | G59: ='[1]PB1 15'!CE53 -> 0.0091847128 | H59: ='[1]PB1 15'!CH53 -> 11.176436 | I59: ='[1]PB1 15'!CI53 -> 0.70589241 | J59: ='[1]PB1 15'!CJ53 -> 0.0090419152 | K59: ='[1]PB1 15'!BS53 -> 11.237795 | L59: ='[1]PB1 15'!BT53 -> 0.71479742 | M59: ='[1]PB1 15'!BU53 -> 0.016895242 | O59: ='[1]PB1 30'!BX53 -> 11.288825 | P59: ='[1]PB1 30'!BY53 -> 0.69281144 | Q59: ='[1]PB1 30'!BZ53 -> 0.0045784199 | R59: ='[1]PB1 30'!CC53 -> 11.208927 | S59: ='[1]PB1 30'!CD53 -> 0.6903549 | T59: ='[1]PB1 30'!CE53 -> 0.0054065239 | U59: ='[1]PB1 30'!CH53 -> 11.24243 | V59: ='[1]PB1 30'!CI53 -> 0.70134678 | W59: ='[1]PB1 30'!CJ53 -> 0.0087176567 | X59: ='[1]PB1 30'!BS53 -> 11.246727 | Y59: ='[1]PB1 30'!BT53 -> 0.69483771 | Z59: ='[1]PB1 30'!BU53 -> 0.0080158036 | AB59: ='[1]PB1 45'!BX53 -> 11.344691 | AC59: ='[1]PB1 45'!BY53 -> 0.70614778 | AD59: ='[1]PB1 45'!BZ53 -> 0.0017062609 | AE59: ='[1]PB1 45'!CC53 -> 11.28318 | AF59: ='[1]PB1 45'!CD53 -> 0.71498563 | AG59: ='[1]PB1 45'!CE53 -> 0.0059240467 | AH59: ='[1]PB1 45'!CH53 -> 11.332959 | AI59: ='[1]PB1 45'!CI53 -> 0.69823211 | AJ59: ='[1]PB1 45'!CJ53 -> 0.0098070822 | AK59: ='[1]PB1 45'!BS53 -> 11.320277 | AL59: ='[1]PB1 45'!BT53 -> 0.70645518 | AM59: ='[1]PB1 45'!BU53 -> 0.0095684637 | BK59: =L59 -> 0.71479742 | BL59: =0.8757*A59^(-0.084) -> 0.71459264 | BM59: =(BK59-BL59)*100 -> 0.020477824 | BO59: =Y59 -> 0.69483771 | BP59: =0.8666*A59^(-0.092) -> 0.6936057 | BQ59: =(BO59-BP59)*100 -> 0.12320125 | BS59: =AL59 -> 0.70645518 | BT59: =0.8778*A59^(-0.0896) -> 0.70666293 | BU59: =(BS59-BT59)*100 -> -0.020775445
A60: ='[1]PB1 15'!$A54 -> 11.5 | B60: ='[1]PB1 15'!BX54 -> 11.497933 | C60: ='[1]PB1 15'!BY54 -> 0.72518767 | D60: ='[1]PB1 15'!BZ54 -> 0.021634991 | E60: ='[1]PB1 15'!CC54 -> 11.539903 | F60: ='[1]PB1 15'!CD54 -> 0.71089676 | G60: ='[1]PB1 15'!CE54 -> 0.0091931389 | H60: ='[1]PB1 15'!CH54 -> 11.412573 | I60: ='[1]PB1 15'!CI54 -> 0.704714 | J60: ='[1]PB1 15'!CJ54 -> 0.0090592862 | K60: ='[1]PB1 15'!BS54 -> 11.48347 | L60: ='[1]PB1 15'!BT54 -> 0.71359948 | M60: ='[1]PB1 15'!BU54 -> 0.016883916 | O60: ='[1]PB1 30'!BX54 -> 11.534234 | P60: ='[1]PB1 30'!BY54 -> 0.69151702 | Q60: ='[1]PB1 30'!BZ54 -> 0.0045722271 | R60: ='[1]PB1 30'!CC54 -> 11.4526 | S60: ='[1]PB1 30'!CD54 -> 0.68900223 | T60: ='[1]PB1 30'!CE54 -> 0.0053734056 | U60: ='[1]PB1 30'!CH54 -> 11.479969 | V60: ='[1]PB1 30'!CI54 -> 0.70010649 | W60: ='[1]PB1 30'!CJ54 -> 0.008636326 | X60: ='[1]PB1 30'!BS54 -> 11.488935 | Y60: ='[1]PB1 30'!BT54 -> 0.69354191 | Z60: ='[1]PB1 30'!BU54 -> 0.0080034877 | AB60: ='[1]PB1 45'!BX54 -> 11.591314 | AC60: ='[1]PB1 45'!BY54 -> 0.70482751 | AD60: ='[1]PB1 45'!BZ54 -> 0.0017038963 | AE60: ='[1]PB1 45'!CC54 -> 11.532087 | AF60: ='[1]PB1 45'!CD54 -> 0.7136575 | AG60: ='[1]PB1 45'!CE54 -> 0.0059852532 | AH60: ='[1]PB1 45'!CH54 -> 11.569062 | AI60: ='[1]PB1 45'!CI54 -> 0.69708498 | AJ60: ='[1]PB1 45'!CJ54 -> 0.0098019015 | AK60: ='[1]PB1 45'!BS54 -> 11.564155 | AL60: ='[1]PB1 45'!BT54 -> 0.70518999 | AM60: ='[1]PB1 45'!BU54 -> 0.0095275925 | BK60: =L60 -> 0.71359948 | BL60: =0.8757*A60^(-0.084) -> 0.71327455 | BM60: =(BK60-BL60)*100 -> 0.032492187 | BO60: =Y60 -> 0.69354191 | BP60: =0.8666*A60^(-0.092) -> 0.6922046 | BQ60: =(BO60-BP60)*100 -> 0.13373071 | BS60: =AL60 -> 0.70518999 | BT60: =0.8778*A60^(-0.0896) -> 0.70527266 | BU60: =(BS60-BT60)*100 -> -0.0082668159
A61: ='[1]PB1 15'!$A55 -> 11.75 | B61: ='[1]PB1 15'!BX55 -> 11.747952 | C61: ='[1]PB1 15'!BY55 -> 0.72396913 | D61: ='[1]PB1 15'!BZ55 -> 0.021615075 | E61: ='[1]PB1 15'!CC55 -> 11.79077 | F61: ='[1]PB1 15'!CD55 -> 0.70974714 | G61: ='[1]PB1 15'!CE55 -> 0.0091455231 | H61: ='[1]PB1 15'!CH55 -> 11.806831 | I61: ='[1]PB1 15'!CI55 -> 0.7027823 | J61: ='[1]PB1 15'!CJ55 -> 0.0086015742 | K61: ='[1]PB1 15'!BS55 -> 11.781851 | L61: ='[1]PB1 15'!BT55 -> 0.71216619 | M61: ='[1]PB1 15'!BU55 -> 0.016912105 | O61: ='[1]PB1 30'!BX55 -> 11.779644 | P61: ='[1]PB1 30'!BY55 -> 0.69026513 | Q61: ='[1]PB1 30'!BZ55 -> 0.0045483841 | R61: ='[1]PB1 30'!CC55 -> 11.696272 | S61: ='[1]PB1 30'!CD55 -> 0.68765003 | T61: ='[1]PB1 30'!CE55 -> 0.0053978822 | U61: ='[1]PB1 30'!CH55 -> 11.717509 | V61: ='[1]PB1 30'!CI55 -> 0.69885663 | W61: ='[1]PB1 30'!CJ55 -> 0.0085835692 | X61: ='[1]PB1 30'!BS55 -> 11.731142 | Y61: ='[1]PB1 30'!BT55 -> 0.69225727 | Z61: ='[1]PB1 30'!BU55 -> 0.0080051952 | AB61: ='[1]PB1 45'!BX55 -> 11.837938 | AC61: ='[1]PB1 45'!BY55 -> 0.70350694 | AD61: ='[1]PB1 45'!BZ55 -> 0.0016841403 | AE61: ='[1]PB1 45'!CC55 -> 11.780993 | AF61: ='[1]PB1 45'!CD55 -> 0.71234768 | AG61: ='[1]PB1 45'!CE55 -> 0.0060062646 | AH61: ='[1]PB1 45'!CH55 -> 11.805166 | AI61: ='[1]PB1 45'!CI55 -> 0.69590055 | AJ61: ='[1]PB1 45'!CJ55 -> 0.0098067032 | AK61: ='[1]PB1 45'!BS55 -> 11.808032 | AL61: ='[1]PB1 45'!BT55 -> 0.70391839 | AM61: ='[1]PB1 45'!BU55 -> 0.0094972107 | BK61: =L61 -> 0.71216619 | BL61: =0.8757*A61^(-0.084) -> 0.71198717 | BM61: =(BK61-BL61)*100 -> 0.017901775 | BO61: =Y61 -> 0.69225727 | BP61: =0.8666*A61^(-0.092) -> 0.69083638 | BQ61: =(BO61-BP61)*100 -> 0.14208831 | BS61: =AL61 -> 0.70391839 | BT61: =0.8778*A61^(-0.0896) -> 0.70391494 | BU61: =(BS61-BT61)*100 -> 0.00034507156
A62: ='[1]PB1 15'!$A56 -> 12 | B62: ='[1]PB1 15'!BX56 -> 11.997971 | C62: ='[1]PB1 15'!BY56 -> 0.72275851 | D62: ='[1]PB1 15'!BZ56 -> 0.021642542 | E62: ='[1]PB1 15'!CC56 -> 12.041638 | F62: ='[1]PB1 15'!CD56 -> 0.7086148 | G62: ='[1]PB1 15'!CE56 -> 0.0091458956 | H62: ='[1]PB1 15'!CH56 -> 12.042968 | I62: ='[1]PB1 15'!CI56 -> 0.70166867 | J62: ='[1]PB1 15'!CJ56 -> 0.0086443755 | K62: ='[1]PB1 15'!BS56 -> 12.027526 | L62: ='[1]PB1 15'!BT56 -> 0.71101399 | M62: ='[1]PB1 15'!BU56 -> 0.016909535 | O62: ='[1]PB1 30'!BX56 -> 12.025053 | P62: ='[1]PB1 30'!BY56 -> 0.68905343 | Q62: ='[1]PB1 30'!BZ56 -> 0.0045411677 | R62: ='[1]PB1 30'!CC56 -> 11.939944 | S62: ='[1]PB1 30'!CD56 -> 0.68634471 | T62: ='[1]PB1 30'!CE56 -> 0.0054003237 | U62: ='[1]PB1 30'!CH56 -> 11.955049 | V62: ='[1]PB1 30'!CI56 -> 0.69764222 | W62: ='[1]PB1 30'!CJ56 -> 0.0085075328 | X62: ='[1]PB1 30'!BS56 -> 11.973349 | Y62: ='[1]PB1 30'!BT56 -> 0.69101345 | Z62: ='[1]PB1 30'!BU56 -> 0.0079946464 | AB62: ='[1]PB1 45'!BX56 -> 12.084562 | AC62: ='[1]PB1 45'!BY56 -> 0.70227569 | AD62: ='[1]PB1 45'!BZ56 -> 0.0017342049 | AE62: ='[1]PB1 45'!CC56 -> 12.0299 | AF62: ='[1]PB1 45'!CD56 -> 0.711076 | AG62: ='[1]PB1 45'!CE56 -> 0.0060594876 | AH62: ='[1]PB1 45'!CH56 -> 12.041269 | AI62: ='[1]PB1 45'!CI56 -> 0.69481127 | AJ62: ='[1]PB1 45'!CJ56 -> 0.0098028035 | AK62: ='[1]PB1 45'!BS56 -> 12.05191 | AL62: ='[1]PB1 45'!BT56 -> 0.70272099 | AM62: ='[1]PB1 45'!BU56 -> 0.0094584706 | BK62: =L62 -> 0.71101399 | BL62: =0.8757*A62^(-0.084) -> 0.71072915 | BM62: =(BK62-BL62)*100 -> 0.02848487 | BO62: =Y62 -> 0.69101345 | BP62: =0.8666*A62^(-0.092) -> 0.68949959 | BQ62: =(BO62-BP62)*100 -> 0.15138678 | BS62: =AL62 -> 0.70272099 | BT62: =0.8778*A62^(-0.0896) -> 0.70258834 | BU62: =(BS62-BT62)*100 -> 0.013264808
A63: ='[1]PB1 15'!$A57 -> 12.25 | B63: ='[1]PB1 15'!BX57 -> 12.247991 | C63: ='[1]PB1 15'!BY57 -> 0.72156926 | D63: ='[1]PB1 15'!BZ57 -> 0.021628971 | E63: ='[1]PB1 15'!CC57 -> 12.292505 | F63: ='[1]PB1 15'!CD57 -> 0.70756249 | G63: ='[1]PB1 15'!CE57 -> 0.0091101673 | H63: ='[1]PB1 15'!CH57 -> 12.279105 | I63: ='[1]PB1 15'!CI57 -> 0.70056127 | J63: ='[1]PB1 15'!CJ57 -> 0.0086509493 | K63: ='[1]PB1 15'!BS57 -> 12.2732 | L63: ='[1]PB1 15'!BT57 -> 0.70989767 | M63: ='[1]PB1 15'!BU57 -> 0.016876946 | O63: ='[1]PB1 30'!BX57 -> 12.270462 | P63: ='[1]PB1 30'!BY57 -> 0.68784305 | Q63: ='[1]PB1 30'!BZ57 -> 0.0045187483 | R63: ='[1]PB1 30'!CC57 -> 12.183617 | S63: ='[1]PB1 30'!CD57 -> 0.6850612 | T63: ='[1]PB1 30'!CE57 -> 0.0054017319 | U63: ='[1]PB1 30'!CH57 -> 12.192588 | V63: ='[1]PB1 30'!CI57 -> 0.69644587 | W63: ='[1]PB1 30'!CJ57 -> 0.0084313376 | X63: ='[1]PB1 30'!BS57 -> 12.215556 | Y63: ='[1]PB1 30'!BT57 -> 0.68978337 | Z63: ='[1]PB1 30'!BU57 -> 0.0079820189 | AB63: ='[1]PB1 45'!BX57 -> 12.331185 | AC63: ='[1]PB1 45'!BY57 -> 0.7010637 | AD63: ='[1]PB1 45'!BZ57 -> 0.001760621 | AE63: ='[1]PB1 45'!CC57 -> 12.278807 | AF63: ='[1]PB1 45'!CD57 -> 0.70977916 | AG63: ='[1]PB1 45'!CE57 -> 0.0061158699 | AH63: ='[1]PB1 45'!CH57 -> 12.277372 | AI63: ='[1]PB1 45'!CI57 -> 0.69367711 | AJ63: ='[1]PB1 45'!CJ57 -> 0.0098184452 | AK63: ='[1]PB1 45'!BS57 -> 12.295788 | AL63: ='[1]PB1 45'!BT57 -> 0.70150666 | AM63: ='[1]PB1 45'!BU57 -> 0.009431116 | BK63: =L63 -> 0.70989767 | BL63: =0.8757*A63^(-0.084) -> 0.70949921 | BM63: =(BK63-BL63)*100 -> 0.039846028 | BO63: =Y63 -> 0.68978337 | BP63: =0.8666*A63^(-0.092) -> 0.68819286 | BQ63: =(BO63-BP63)*100 -> 0.159051 | BS63: =AL63 -> 0.70150666 | BT63: =0.8778*A63^(-0.0896) -> 0.70129151 | BU63: =(BS63-BT63)*100 -> 0.021514395
A64: ='[1]PB1 15'!$A58 -> 12.5 | B64: ='[1]PB1 15'!BX58 -> 12.49801 | C64: ='[1]PB1 15'!BY58 -> 0.7202969 | D64: ='[1]PB1 15'!BZ58 -> 0.021542749 | E64: ='[1]PB1 15'!CC58 -> 12.543373 | F64: ='[1]PB1 15'!CD58 -> 0.70646704 | G64: ='[1]PB1 15'!CE58 -> 0.0091001312 | H64: ='[1]PB1 15'!CH58 -> 12.514979 | I64: ='[1]PB1 15'!CI58 -> 0.69949688 | J64: ='[1]PB1 15'!CJ58 -> 0.0086598544 | K64: ='[1]PB1 15'!BS58 -> 12.518787 | L64: ='[1]PB1 15'!BT58 -> 0.70875361 | M64: ='[1]PB1 15'!BU58 -> 0.016793436 | O64: ='[1]PB1 30'!BX58 -> 12.515871 | P64: ='[1]PB1 30'!BY58 -> 0.6866517 | Q64: ='[1]PB1 30'!BZ58 -> 0.0045255438 | R64: ='[1]PB1 30'!CC58 -> 12.427289 | S64: ='[1]PB1 30'!CD58 -> 0.68377735 | T64: ='[1]PB1 30'!CE58 -> 0.005402582 | U64: ='[1]PB1 30'!CH58 -> 12.430041 | V64: ='[1]PB1 30'!CI58 -> 0.69527125 | W64: ='[1]PB1 30'!CJ58 -> 0.0083735114 | X64: ='[1]PB1 30'!BS58 -> 12.457734 | Y64: ='[1]PB1 30'!BT58 -> 0.68856677 | Z64: ='[1]PB1 30'!BU58 -> 0.0079862421 | AB64: ='[1]PB1 45'!BX58 -> 12.577809 | AC64: ='[1]PB1 45'!BY58 -> 0.6998309 | AD64: ='[1]PB1 45'!BZ58 -> 0.0017787041 | AE64: ='[1]PB1 45'!CC58 -> 12.527713 | AF64: ='[1]PB1 45'!CD58 -> 0.70856823 | AG64: ='[1]PB1 45'!CE58 -> 0.0061552389 | AH64: ='[1]PB1 45'!CH58 -> 12.513213 | AI64: ='[1]PB1 45'!CI58 -> 0.6926188 | AJ64: ='[1]PB1 45'!CJ58 -> 0.0097971681 | AK64: ='[1]PB1 45'!BS58 -> 12.539579 | AL64: ='[1]PB1 45'!BT58 -> 0.70033931 | AM64: ='[1]PB1 45'!BU58 -> 0.0093917542 | BK64: =L64 -> 0.70875361 | BL64: =0.8757*A64^(-0.084) -> 0.70829619 | BM64: =(BK64-BL64)*100 -> 0.045741251 | BO64: =Y64 -> 0.68856677 | BP64: =0.8666*A64^(-0.092) -> 0.68691494 | BQ64: =(BO64-BP64)*100 -> 0.1651824 | BS64: =AL64 -> 0.70033931 | BT64: =0.8778*A64^(-0.0896) -> 0.70002321 | BU64: =(BS64-BT64)*100 -> 0.031610353
A65: ='[1]PB1 15'!$A59 -> 12.75 | B65: ='[1]PB1 15'!BX59 -> 12.748029 | C65: ='[1]PB1 15'!BY59 -> 0.71921864 | D65: ='[1]PB1 15'!BZ59 -> 0.021618999 | E65: ='[1]PB1 15'!CC59 -> 12.79424 | F65: ='[1]PB1 15'!CD59 -> 0.70542094 | G65: ='[1]PB1 15'!CE59 -> 0.0090724177 | H65: ='[1]PB1 15'!CH59 -> 12.751378 | I65: ='[1]PB1 15'!CI59 -> 0.69841089 | J65: ='[1]PB1 15'!CJ59 -> 0.0086925028 | K65: ='[1]PB1 15'!BS59 -> 12.764549 | L65: ='[1]PB1 15'!BT59 -> 0.70768349 | M65: ='[1]PB1 15'!BU59 -> 0.01682666 | O65: ='[1]PB1 30'!BX59 -> 12.761281 | P65: ='[1]PB1 30'!BY59 -> 0.6854915 | Q65: ='[1]PB1 30'!BZ59 -> 0.0045214322 | R65: ='[1]PB1 30'!CC59 -> 12.670961 | S65: ='[1]PB1 30'!CD59 -> 0.68254467 | T65: ='[1]PB1 30'!CE59 -> 0.0053960167 | U65: ='[1]PB1 30'!CH59 -> 12.667491 | V65: ='[1]PB1 30'!CI59 -> 0.69411209 | W65: ='[1]PB1 30'!CJ59 -> 0.0083081952 | X65: ='[1]PB1 30'!BS59 -> 12.699911 | Y65: ='[1]PB1 30'!BT59 -> 0.68738276 | Z65: ='[1]PB1 30'!BU59 -> 0.0079760972 | AB65: ='[1]PB1 45'!BX59 -> 12.824433 | AC65: ='[1]PB1 45'!BY59 -> 0.69866647 | AD65: ='[1]PB1 45'!BZ59 -> 0.0017871891 | AE65: ='[1]PB1 45'!CC59 -> 12.77662 | AF65: ='[1]PB1 45'!CD59 -> 0.70740164 | AG65: ='[1]PB1 45'!CE59 -> 0.0062054916 | AH65: ='[1]PB1 45'!CH59 -> 12.749579 | AI65: ='[1]PB1 45'!CI59 -> 0.69156181 | AJ65: ='[1]PB1 45'!CJ59 -> 0.0098222719 | AK65: ='[1]PB1 45'!BS59 -> 12.783544 | AL65: ='[1]PB1 45'!BT59 -> 0.69920997 | AM65: ='[1]PB1 45'!BU59 -> 0.009382117 | BK65: =L65 -> 0.70768349 | BL65: =0.8757*A65^(-0.084) -> 0.70711898 | BM65: =(BK65-BL65)*100 -> 0.056451245 | BO65: =Y65 -> 0.68738276 | BP65: =0.8666*A65^(-0.092) -> 0.68566463 | BQ65: =(BO65-BP65)*100 -> 0.17181249 | BS65: =AL65 -> 0.69920997 | BT65: =0.8778*A65^(-0.0896) -> 0.69878225 | BU65: =(BS65-BT65)*100 -> 0.042772483
A66: ='[1]PB1 15'!$A60 -> 13 | B66: ='[1]PB1 15'!BX60 -> 12.997957 | C66: ='[1]PB1 15'!BY60 -> 0.71800792 | D66: ='[1]PB1 15'!BZ60 -> 0.021563009 | E66: ='[1]PB1 15'!CC60 -> 13.045108 | F66: ='[1]PB1 15'!CD60 -> 0.70439962 | G66: ='[1]PB1 15'!CE60 -> 0.009032814 | H66: ='[1]PB1 15'!CH60 -> 13.065529 | I66: ='[1]PB1 15'!CI60 -> 0.69705264 | J66: ='[1]PB1 15'!CJ60 -> 0.0091029046 | K66: ='[1]PB1 15'!BS60 -> 13.036198 | L66: ='[1]PB1 15'!BT60 -> 0.70648672 | M66: ='[1]PB1 15'!BU60 -> 0.016887015 | O66: ='[1]PB1 30'!BX60 -> 13.006417 | P66: ='[1]PB1 30'!BY60 -> 0.68437169 | Q66: ='[1]PB1 30'!BZ60 -> 0.0044961317 | R66: ='[1]PB1 30'!CC60 -> 12.914363 | S66: ='[1]PB1 30'!CD60 -> 0.68134759 | T66: ='[1]PB1 30'!CE60 -> 0.0054128259 | U66: ='[1]PB1 30'!CH60 -> 12.983273 | V66: ='[1]PB1 30'!CI60 -> 0.69258645 | W66: ='[1]PB1 30'!CJ60 -> 0.0081233211 | X66: ='[1]PB1 30'!BS60 -> 12.968018 | Y66: ='[1]PB1 30'!BT60 -> 0.68610191 | Z66: ='[1]PB1 30'!BU60 -> 0.0078134228 | AB66: ='[1]PB1 45'!BX60 -> 13.070783 | AC66: ='[1]PB1 45'!BY60 -> 0.69744416 | AD66: ='[1]PB1 45'!BZ60 -> 0.001745711 | AE66: ='[1]PB1 45'!CC60 -> 13.025435 | AF66: ='[1]PB1 45'!CD60 -> 0.70618928 | AG66: ='[1]PB1 45'!CE60 -> 0.0062766706 | AH66: ='[1]PB1 45'!CH60 -> 12.985682 | AI66: ='[1]PB1 45'!CI60 -> 0.69054761 | AJ66: ='[1]PB1 45'!CJ60 -> 0.0098178828 | AK66: ='[1]PB1 45'!BS60 -> 13.0273 | AL66: ='[1]PB1 45'!BT60 -> 0.69806035 | AM66: ='[1]PB1 45'!BU60 -> 0.009340509 | BK66: =L66 -> 0.70648672 | BL66: =0.8757*A66^(-0.084) -> 0.70596652 | BM66: =(BK66-BL66)*100 -> 0.052020009 | BO66: =Y66 -> 0.68610191 | BP66: =0.8666*A66^(-0.092) -> 0.68444081 | BQ66: =(BO66-BP66)*100 -> 0.16611023 | BS66: =AL66 -> 0.69806035 | BT66: =0.8778*A66^(-0.0896) -> 0.69756752 | BU66: =(BS66-BT66)*100 -> 0.049282683
A67: ='[1]PB1 15'!$A61 -> 13.249722 | B67: ='[1]PB1 15'!BX61 -> 13.247976 | C67: ='[1]PB1 15'!BY61 -> 0.71683714 | D67: ='[1]PB1 15'!BZ61 -> 0.021476462 | E67: ='[1]PB1 15'!CC61 -> 13.295696 | F67: ='[1]PB1 15'!CD61 -> 0.70339824 | G67: ='[1]PB1 15'!CE61 -> 0.0089556781 | H67: ='[1]PB1 15'!CH61 -> 13.301579 | I67: ='[1]PB1 15'!CI61 -> 0.69603865 | J67: ='[1]PB1 15'!CJ61 -> 0.009103355 | K67: ='[1]PB1 15'!BS61 -> 13.281751 | L67: ='[1]PB1 15'!BT61 -> 0.70542468 | M67: ='[1]PB1 15'!BU61 -> 0.016800416 | O67: ='[1]PB1 30'!BX61 -> 13.252099 | P67: ='[1]PB1 30'!BY61 -> 0.68323453 | Q67: ='[1]PB1 30'!BZ61 -> 0.0044846702 | R67: ='[1]PB1 30'!CC61 -> 13.239316 | S67: ='[1]PB1 30'!CD61 -> 0.67974226 | T67: ='[1]PB1 30'!CE61 -> 0.0051077228 | U67: ='[1]PB1 30'!CH61 -> 13.220725 | V67: ='[1]PB1 30'!CI61 -> 0.69146817 | W67: ='[1]PB1 30'!CJ61 -> 0.0080711738 | X67: ='[1]PB1 30'!BS61 -> 13.23738 | Y67: ='[1]PB1 30'!BT61 -> 0.68481499 | Z67: ='[1]PB1 30'!BU61 -> 0.0078281572 | AB67: ='[1]PB1 45'!BX61 -> 13.31768 | AC67: ='[1]PB1 45'!BY61 -> 0.69633744 | AD67: ='[1]PB1 45'!BZ61 -> 0.001778899 | AE67: ='[1]PB1 45'!CC61 -> 13.274248 | AF67: ='[1]PB1 45'!CD61 -> 0.70503189 | AG67: ='[1]PB1 45'!CE61 -> 0.0063048787 | AH67: ='[1]PB1 45'!CH61 -> 13.221786 | AI67: ='[1]PB1 45'!CI61 -> 0.68950649 | AJ67: ='[1]PB1 45'!CJ61 -> 0.0098081015 | AK67: ='[1]PB1 45'!BS61 -> 13.271238 | AL67: ='[1]PB1 45'!BT61 -> 0.69695861 | AM67: ='[1]PB1 45'!BU61 -> 0.0093132973 | BK67: =L67 -> 0.70542468 | BL67: =0.8757*A67^(-0.084) -> 0.70483909 | BM67: =(BK67-BL67)*100 -> 0.058558786 | BO67: =Y67 -> 0.68481499 | BP67: =0.8666*A67^(-0.092) -> 0.68324374 | BQ67: =(BO67-BP67)*100 -> 0.15712459 | BS67: =AL67 -> 0.69695861 | BT67: =0.8778*A67^(-0.0896) -> 0.69637929 | BU67: =(BS67-BT67)*100 -> 0.057931315
... A113: ='[1]PB1 15'!$A107 -> 26 | B113: ='[1]PB1 15'!BX107 -> 25.996097 | C113: ='[1]PB1 15'!BY107 -> 0.67321609 | D113: ='[1]PB1 15'!BZ107 -> 0.018692548 | E113: ='[1]PB1 15'!CC107 -> 26.090215 | F113: ='[1]PB1 15'!CD107 -> 0.66713939 | G113: ='[1]PB1 15'!CE107 -> 0.0079187182 | H113: ='[1]PB1 15'!CH107 -> 26.131059 | I113: ='[1]PB1 15'!CI107 -> 0.65412262 | J113: ='[1]PB1 15'!CJ107 -> 0.0091572036 | K113: ='[1]PB1 15'!BS107 -> 26.072457 | L113: ='[1]PB1 15'!BT107 -> 0.66482603 | M113: ='[1]PB1 15'!BU107 -> 0.015124808 | O113: ='[1]PB1 30'!BX107 -> 26.01338 | P113: ='[1]PB1 30'!BY107 -> 0.64251518 | Q113: ='[1]PB1 30'!BZ107 -> 0.0033609978 | R113: ='[1]PB1 30'!CC107 -> 25.829268 | S113: ='[1]PB1 30'!CD107 -> 0.63778049 | T113: ='[1]PB1 30'!CE107 -> 0.0052293052 | U113: ='[1]PB1 30'!CH107 -> 25.966545 | V113: ='[1]PB1 30'!CI107 -> 0.64565658 | W113: ='[1]PB1 30'!CJ107 -> 0.0067474813 | X113: ='[1]PB1 30'!BS107 -> 25.936397 | Y113: ='[1]PB1 30'!BT107 -> 0.64198408 | Z113: ='[1]PB1 30'!BU107 -> 0.0062077881 | AB113: ='[1]PB1 45'!BX107 -> 26.142113 | AC113: ='[1]PB1 45'!BY107 -> 0.65131781 | AD113: ='[1]PB1 45'!BZ107 -> 0.0020975123 | AE113: ='[1]PB1 45'!CC107 -> 26.051053 | AF113: ='[1]PB1 45'!CD107 -> 0.66232507 | AG113: ='[1]PB1 45'!CE107 -> 0.0073844677 | AH113: ='[1]PB1 45'!CH107 -> 25.971364 | AI113: ='[1]PB1 45'!CI107 -> 0.64580845 | AJ113: ='[1]PB1 45'!CJ107 -> 0.010269684 | AK113: ='[1]PB1 45'!BS107 -> 26.054844 | AL113: ='[1]PB1 45'!BT107 -> 0.65315044 | AM113: ='[1]PB1 45'!BU107 -> 0.010096757 | BK113: =L113 -> 0.66482603 | BL113: =0.8757*A113^(-0.084) -> 0.66603582 | BM113: =(BK113-BL113)*100 -> -0.120979 | BO113: =Y113 -> 0.64198408 | BP113: =0.8666*A113^(-0.092) -> 0.64215688 | BQ113: =(BO113-BP113)*100 -> -0.017279456 | BS113: =AL113 -> 0.65315044 | BT113: =0.8778*A113^(-0.0896) -> 0.65556229 | BU113: =(BS113-BT113)*100 -> -0.24118511
A114: ='[1]PB1 15'!$A108 -> 26.5 | B114: ='[1]PB1 15'!BX108 -> 26.496136 | C114: ='[1]PB1 15'!BY108 -> 0.67197939 | D114: ='[1]PB1 15'!BZ108 -> 0.018669032 | E114: ='[1]PB1 15'!CC108 -> 26.59195 | F114: ='[1]PB1 15'!CD108 -> 0.66592578 | G114: ='[1]PB1 15'!CE108 -> 0.0078918825 | H114: ='[1]PB1 15'!CH108 -> 26.603332 | I114: ='[1]PB1 15'!CI108 -> 0.65300336 | J114: ='[1]PB1 15'!CJ108 -> 0.0091411372 | K114: ='[1]PB1 15'!BS108 -> 26.563806 | L114: ='[1]PB1 15'!BT108 -> 0.66363618 | M114: ='[1]PB1 15'!BU108 -> 0.015080707 | O114: ='[1]PB1 30'!BX108 -> 26.504198 | P114: ='[1]PB1 30'!BY108 -> 0.64133744 | Q114: ='[1]PB1 30'!BZ108 -> 0.0033381256 | R114: ='[1]PB1 30'!CC108 -> 26.478631 | S114: ='[1]PB1 30'!CD108 -> 0.63596256 | T114: ='[1]PB1 30'!CE108 -> 0.0049975863 | U114: ='[1]PB1 30'!CH108 -> 26.313318 | V114: ='[1]PB1 30'!CI108 -> 0.64505421 | W114: ='[1]PB1 30'!CJ108 -> 0.0081816468 | X114: ='[1]PB1 30'!BS108 -> 26.446891 | Y114: ='[1]PB1 30'!BT108 -> 0.64025105 | Z114: ='[1]PB1 30'!BU108 -> 0.0065868282 | AB114: ='[1]PB1 45'!BX108 -> 26.635361 | AC114: ='[1]PB1 45'!BY108 -> 0.6500861 | AD114: ='[1]PB1 45'!BZ108 -> 0.0020847031 | AE114: ='[1]PB1 45'!CC108 -> 26.548867 | AF114: ='[1]PB1 45'!CD108 -> 0.66103409 | AG114: ='[1]PB1 45'!CE108 -> 0.0073900244 | AK114: ='[1]PB1 45'!BS108 -> 26.592114 | AL114: ='[1]PB1 45'!BT108 -> 0.65556009 | AM114: ='[1]PB1 45'!BU108 -> 0.0077099842 | BK114: =L114 -> 0.66363618 | BL114: =0.8757*A114^(-0.084) -> 0.66497099 | BM114: =(BK114-BL114)*100 -> -0.13348064 | BO114: =Y114 -> 0.64025105 | BP114: =0.8666*A114^(-0.092) -> 0.64103252 | BQ114: =(BO114-BP114)*100 -> -0.078147267 | BS114: =AL114 -> 0.65556009 | BT114: =0.8778*A114^(-0.0896) -> 0.65444439 | BU114: =(BS114-BT114)*100 -> 0.11157093
A115: ='[1]PB1 15'!$A109 -> 27 | B115: ='[1]PB1 15'!BX109 -> 26.996174 | C115: ='[1]PB1 15'!BY109 -> 0.67078751 | D115: ='[1]PB1 15'!BZ109 -> 0.018629803 | E115: ='[1]PB1 15'!CC109 -> 27.093685 | F115: ='[1]PB1 15'!CD109 -> 0.66473224 | G115: ='[1]PB1 15'!CE109 -> 0.0078769464 | H115: ='[1]PB1 15'!CH109 -> 27.075605 | I115: ='[1]PB1 15'!CI109 -> 0.65183968 | J115: ='[1]PB1 15'!CJ109 -> 0.0091281889 | K115: ='[1]PB1 15'!BS109 -> 27.055155 | L115: ='[1]PB1 15'!BT109 -> 0.66245314 | M115: ='[1]PB1 15'!BU109 -> 0.015052586 | O115: ='[1]PB1 30'!BX109 -> 26.995017 | P115: ='[1]PB1 30'!BY109 -> 0.64018986 | Q115: ='[1]PB1 30'!BZ109 -> 0.0032805419 | R115: ='[1]PB1 30'!CC109 -> 26.965976 | S115: ='[1]PB1 30'!CD109 -> 0.63465657 | T115: ='[1]PB1 30'!CE109 -> 0.0049763335 | X115: ='[1]PB1 30'!BS109 -> 26.96009 | Y115: ='[1]PB1 30'!BT109 -> 0.63952574 | Z115: ='[1]PB1 30'!BU109 -> 0.006950532 | AB115: ='[1]PB1 45'!BX109 -> 27.128608 | AC115: ='[1]PB1 45'!BY109 -> 0.64888801 | AD115: ='[1]PB1 45'!BZ109 -> 0.0020930707 | AE115: ='[1]PB1 45'!CC109 -> 27.04668 | AF115: ='[1]PB1 45'!CD109 -> 0.65975631 | AG115: ='[1]PB1 45'!CE109 -> 0.0074014137 | AK115: ='[1]PB1 45'!BS109 -> 27.087644 | AL115: ='[1]PB1 45'!BT109 -> 0.65432216 | AM115: ='[1]PB1 45'!BU109 -> 0.0076883611 | BK115: =L115 -> 0.66245314 | BL115: =0.8757*A115^(-0.084) -> 0.66392771 | BM115: =(BK115-BL115)*100 -> -0.14745638 | BO115: =Y115 -> 0.63952574 | BP115: =0.8666*A115^(-0.092) -> 0.6399311 | BQ115: =(BO115-BP115)*100 -> -0.040536051 | BS115: =AL115 -> 0.65432216 | BT115: =0.8778*A115^(-0.0896) -> 0.65334923 | BU115: =(BS115-BT115)*100 -> 0.097292984
