Workbook
Name biotool: #REF!
Name Concentration_DNA_table: #REF!
Name DNA_concentration: 'Sample Log'!#REF!
Name dna_log: 'Sample Log'!$A$2:$C$98
Name FluidX_data: #REF!
Name Job_number: 'Sample Log'!#REF!
Name MDU_NUMBERS: 'Sample Log'!$C$3:$C$98
Name Species: 'Sample Log'!#REF!
Name WELLS96: #REF!

Sheet Sample Log
E1: Plate nr: | G1: Plate 1
A2: Well | B2: Pos | C2: Sample ID | D2: Comment | E2: Date (DD/MM/YYYY): | G2: 43985
A3: 1 | B3: A1 | C3: Sample_1 | D3: This is a comment
A4: 2 | B4: B1 | C4: Sample_2
A5: 3 | B5: C1 | C5: Sample_3
A6: 4 | B6: D1 | C6: Sample_4
A7: 5 | B7: E1 | C7: Sample_5
A8: 6 | B8: F1 | C8: Sample_6
A9: 7 | B9: G1 | C9: Sample_7
A10: 8 | B10: H1 | C10: Sample_8
A11: 9 | B11: A2 | C11: Sample_9
A12: 10 | B12: B2 | C12: Sample_10
A13: 11 | B13: C2 | C13: Sample_11
A14: 12 | B14: D2 | C14: Sample_12
A15: 13 | B15: E2 | C15: Sample_13
... A98: 96 | B98: H12 | C98: Sample_96

Sheet Plate Dispensing Charts
A1: Extraction 1
B2: 1 | C2: 2 | D2: 3 | E2: 4 | F2: 5 | G2: 6 | H2: 7 | I2: 8 | J2: 9 | K2: 10 | L2: 11 | M2: 12
A3: A | B3: ='Sample Log'!C10 -> Sample_8 | F3: ='Sample Log'!C18 -> Sample_16 | J3: ='Sample Log'!C26 -> Sample_24
A4: B | B4: ='Sample Log'!C9 -> Sample_7 | F4: ='Sample Log'!C17 -> Sample_15 | J4: ='Sample Log'!C25 -> Sample_23
A5: C | B5: ='Sample Log'!C8 -> Sample_6 | F5: ='Sample Log'!C16 -> Sample_14 | J5: ='Sample Log'!C24 -> Sample_22
A6: D | B6: ='Sample Log'!C7 -> Sample_5 | F6: ='Sample Log'!C15 -> Sample_13 | J6: ='Sample Log'!C23 -> Sample_21
A7: E | B7: ='Sample Log'!C6 -> Sample_4 | F7: ='Sample Log'!C14 -> Sample_12 | J7: ='Sample Log'!C22 -> Sample_20
A8: F | B8: ='Sample Log'!C5 -> Sample_3 | F8: ='Sample Log'!C13 -> Sample_11 | J8: ='Sample Log'!C21 -> Sample_19
A9: G | B9: ='Sample Log'!C4 -> Sample_2 | F9: ='Sample Log'!C12 -> Sample_10 | J9: ='Sample Log'!C20 -> Sample_18
A10: H | B10: ='Sample Log'!C3 -> Sample_1 | F10: ='Sample Log'!C11 -> Sample_9 | J10: ='Sample Log'!C19 -> Sample_17
A15: Extraction 2
B16: 1 | C16: 2 | D16: 3 | E16: 4 | F16: 5 | G16: 6 | H16: 7 | I16: 8 | J16: 9 | K16: 10 | L16: 11 | M16: 12
A17: A | B17: ='Sample Log'!C34 -> Sample_32 | F17: ='Sample Log'!C42 -> Sample_40 | J17: ='Sample Log'!C50 -> Sample_48
A18: B | B18: ='Sample Log'!C33 -> Sample_31 | F18: ='Sample Log'!C41 -> Sample_39 | J18: ='Sample Log'!C49 -> Sample_47
A19: C | B19: ='Sample Log'!C32 -> Sample_30 | F19: ='Sample Log'!C40 -> Sample_38 | J19: ='Sample Log'!C48 -> Sample_46
A20: D | B20: ='Sample Log'!C31 -> Sample_29 | F20: ='Sample Log'!C39 -> Sample_37 | J20: ='Sample Log'!C47 -> Sample_45
A21: E | B21: ='Sample Log'!C30 -> Sample_28 | F21: ='Sample Log'!C38 -> Sample_36 | J21: ='Sample Log'!C46 -> Sample_44
A22: F | B22: ='Sample Log'!C29 -> Sample_27 | F22: ='Sample Log'!C37 -> Sample_35 | J22: ='Sample Log'!C45 -> Sample_43
A23: G | B23: ='Sample Log'!C28 -> Sample_26 | F23: ='Sample Log'!C36 -> Sample_34 | J23: ='Sample Log'!C44 -> Sample_42
A24: H | B24: ='Sample Log'!C27 -> Sample_25 | F24: ='Sample Log'!C35 -> Sample_33 | J24: ='Sample Log'!C43 -> Sample_41
A27: Extraction 3
B28: 1 | C28: 2 | D28: 3 | E28: 4 | F28: 5 | G28: 6 | H28: 7 | I28: 8 | J28: 9 | K28: 10 | L28: 11 | M28: 12
A29: A | B29: ='Sample Log'!C58 -> Sample_56 | F29: ='Sample Log'!C66 -> Sample_64 | J29: ='Sample Log'!C74 -> Sample_72
A30: B | B30: ='Sample Log'!C57 -> Sample_55 | F30: ='Sample Log'!C65 -> Sample_63 | J30: ='Sample Log'!C73 -> Sample_71
A31: C | B31: ='Sample Log'!C56 -> Sample_54 | F31: ='Sample Log'!C64 -> Sample_62 | J31: ='Sample Log'!C72 -> Sample_70
A32: D | B32: ='Sample Log'!C55 -> Sample_53 | F32: ='Sample Log'!C63 -> Sample_61 | J32: ='Sample Log'!C71 -> Sample_69
A33: E | B33: ='Sample Log'!C54 -> Sample_52 | F33: ='Sample Log'!C62 -> Sample_60 | J33: ='Sample Log'!C70 -> Sample_68
A34: F | B34: ='Sample Log'!C53 -> Sample_51 | F34: ='Sample Log'!C61 -> Sample_59 | J34: ='Sample Log'!C69 -> Sample_67
A35: G | B35: ='Sample Log'!C52 -> Sample_50 | F35: ='Sample Log'!C60 -> Sample_58 | J35: ='Sample Log'!C68 -> Sample_66
A36: H | B36: ='Sample Log'!C51 -> Sample_49 | F36: ='Sample Log'!C59 -> Sample_57 | J36: ='Sample Log'!C67 -> Sample_65
A41: Extraction 4
B42: 1 | C42: 2 | D42: 3 | E42: 4 | F42: 5 | G42: 6 | H42: 7 | I42: 8 | J42: 9 | K42: 10 | L42: 11 | M42: 12
A43: A | B43: ='Sample Log'!C82 -> Sample_80 | F43: ='Sample Log'!C90 -> Sample_88 | J43: ='Sample Log'!C98 -> Sample_96
A44: B | B44: ='Sample Log'!C81 -> Sample_79 | F44: ='Sample Log'!C89 -> Sample_87 | J44: ='Sample Log'!C97 -> Sample_95
A45: C | B45: ='Sample Log'!C80 -> Sample_78 | F45: ='Sample Log'!C88 -> Sample_86 | J45: ='Sample Log'!C96 -> Sample_94
A46: D | B46: ='Sample Log'!C79 -> Sample_77 | F46: ='Sample Log'!C87 -> Sample_85 | J46: ='Sample Log'!C95 -> Sample_93
A47: E | B47: ='Sample Log'!C78 -> Sample_76 | F47: ='Sample Log'!C86 -> Sample_84 | J47: ='Sample Log'!C94 -> Sample_92
A48: F | B48: ='Sample Log'!C77 -> Sample_75 | F48: ='Sample Log'!C85 -> Sample_83 | J48: ='Sample Log'!C93 -> Sample_91
A49: G | B49: ='Sample Log'!C76 -> Sample_74 | F49: ='Sample Log'!C84 -> Sample_82 | J49: ='Sample Log'!C92 -> Sample_90
A50: H | B50: ='Sample Log'!C75 -> Sample_73 | F50: ='Sample Log'!C83 -> Sample_81 | J50: ='Sample Log'!C91 -> Sample_89
A53: 96-well storage
B54: 1 | C54: 2 | D54: 3 | E54: 4 | F54: 5 | G54: 6 | H54: 7 | I54: 8 | J54: 9 | K54: 10 | L54: 11 | M54: 12
A55: A | B55: ='Sample Log'!C10 -> Sample_8 | C55: ='Sample Log'!C18 -> Sample_16 | D55: ='Sample Log'!C26 -> Sample_24 | E55: ='Sample Log'!C34 -> Sample_32 | F55: ='Sample Log'!C42 -> Sample_40 | G55: ='Sample Log'!C50 -> Sample_48 | H55: ='Sample Log'!C58 -> Sample_56 | I55: ='Sample Log'!C66 -> Sample_64 | J55: ='Sample Log'!C74 -> Sample_72 | K55: ='Sample Log'!C82 -> Sample_80 | L55: ='Sample Log'!C90 -> Sample_88 | M55: ='Sample Log'!C98 -> Sample_96
A56: B | B56: ='Sample Log'!C9 -> Sample_7 | C56: ='Sample Log'!C17 -> Sample_15 | D56: ='Sample Log'!C25 -> Sample_23 | E56: ='Sample Log'!C33 -> Sample_31 | F56: ='Sample Log'!C41 -> Sample_39 | G56: ='Sample Log'!C49 -> Sample_47 | H56: ='Sample Log'!C57 -> Sample_55 | I56: ='Sample Log'!C65 -> Sample_63 | J56: ='Sample Log'!C73 -> Sample_71 | K56: ='Sample Log'!C81 -> Sample_79 | L56: ='Sample Log'!C89 -> Sample_87 | M56: ='Sample Log'!C97 -> Sample_95
A57: C | B57: ='Sample Log'!C8 -> Sample_6 | C57: ='Sample Log'!C16 -> Sample_14 | D57: ='Sample Log'!C24 -> Sample_22 | E57: ='Sample Log'!C32 -> Sample_30 | F57: ='Sample Log'!C40 -> Sample_38 | G57: ='Sample Log'!C48 -> Sample_46 | H57: ='Sample Log'!C56 -> Sample_54 | I57: ='Sample Log'!C64 -> Sample_62 | J57: ='Sample Log'!C72 -> Sample_70 | K57: ='Sample Log'!C80 -> Sample_78 | L57: ='Sample Log'!C88 -> Sample_86 | M57: ='Sample Log'!C96 -> Sample_94
A58: D | B58: ='Sample Log'!C7 -> Sample_5 | C58: ='Sample Log'!C15 -> Sample_13 | D58: ='Sample Log'!C23 -> Sample_21 | E58: ='Sample Log'!C31 -> Sample_29 | F58: ='Sample Log'!C39 -> Sample_37 | G58: ='Sample Log'!C47 -> Sample_45 | H58: ='Sample Log'!C55 -> Sample_53 | I58: ='Sample Log'!C63 -> Sample_61 | J58: ='Sample Log'!C71 -> Sample_69 | K58: ='Sample Log'!C79 -> Sample_77 | L58: ='Sample Log'!C87 -> Sample_85 | M58: ='Sample Log'!C95 -> Sample_93
A59: E | B59: ='Sample Log'!C6 -> Sample_4 | C59: ='Sample Log'!C14 -> Sample_12 | D59: ='Sample Log'!C22 -> Sample_20 | E59: ='Sample Log'!C30 -> Sample_28 | F59: ='Sample Log'!C38 -> Sample_36 | G59: ='Sample Log'!C46 -> Sample_44 | H59: ='Sample Log'!C54 -> Sample_52 | I59: ='Sample Log'!C62 -> Sample_60 | J59: ='Sample Log'!C70 -> Sample_68 | K59: ='Sample Log'!C78 -> Sample_76 | L59: ='Sample Log'!C86 -> Sample_84 | M59: ='Sample Log'!C94 -> Sample_92
A60: F | B60: ='Sample Log'!C5 -> Sample_3 | C60: ='Sample Log'!C13 -> Sample_11 | D60: ='Sample Log'!C21 -> Sample_19 | E60: ='Sample Log'!C29 -> Sample_27 | F60: ='Sample Log'!C37 -> Sample_35 | G60: ='Sample Log'!C45 -> Sample_43 | H60: ='Sample Log'!C53 -> Sample_51 | I60: ='Sample Log'!C61 -> Sample_59 | J60: ='Sample Log'!C69 -> Sample_67 | K60: ='Sample Log'!C77 -> Sample_75 | L60: ='Sample Log'!C85 -> Sample_83 | M60: ='Sample Log'!C93 -> Sample_91
A61: G | B61: ='Sample Log'!C4 -> Sample_2 | C61: ='Sample Log'!C12 -> Sample_10 | D61: ='Sample Log'!C20 -> Sample_18 | E61: ='Sample Log'!C28 -> Sample_26 | F61: ='Sample Log'!C36 -> Sample_34 | G61: ='Sample Log'!C44 -> Sample_42 | H61: ='Sample Log'!C52 -> Sample_50 | I61: ='Sample Log'!C60 -> Sample_58 | J61: ='Sample Log'!C68 -> Sample_66 | K61: ='Sample Log'!C76 -> Sample_74 | L61: ='Sample Log'!C84 -> Sample_82 | M61: ='Sample Log'!C92 -> Sample_90
A62: H | B62: ='Sample Log'!C3 -> Sample_1 | C62: ='Sample Log'!C11 -> Sample_9 | D62: ='Sample Log'!C19 -> Sample_17 | E62: ='Sample Log'!C27 -> Sample_25 | F62: ='Sample Log'!C35 -> Sample_33 | G62: ='Sample Log'!C43 -> Sample_41 | H62: ='Sample Log'!C51 -> Sample_49 | I62: ='Sample Log'!C59 -> Sample_57 | J62: ='Sample Log'!C67 -> Sample_65 | K62: ='Sample Log'!C75 -> Sample_73 | L62: ='Sample Log'!C83 -> Sample_81 | M62: ='Sample Log'!C91 -> Sample_89

Sheet QuantStudio Plate Setup
A1: [Sample Setup]
A2: Well | B2: Well Position | C2: Sample Name | D2: Target Name | E2: Task | F2: Reporter | G2: Quencher | H2: Extraction date | I2: Comments
A3: 1 | B3: A1 | C3: ='Sample Log'!C10 -> Sample_8 | D3: Hu RNAse P | E3: UNKNOWN | F3: FAM | G3: NONE | H3: ='Sample Log'!$G$2 -> 43985 | I3: ='Sample Log'!D3 -> This is a comment
A4: 2 | B4: A2 | C4: ='Sample Log'!C18 -> Sample_16 | D4: Hu RNAse P | E4: UNKNOWN | F4: FAM | G4: NONE | H4: ='Sample Log'!$G$2 -> 43985 | I4: ='Sample Log'!D4 -> 0
A5: 3 | B5: A3 | C5: ='Sample Log'!C26 -> Sample_24 | D5: Hu RNAse P | E5: UNKNOWN | F5: FAM | G5: NONE | H5: ='Sample Log'!$G$2 -> 43985 | I5: ='Sample Log'!D5 -> 0
A6: 4 | B6: A4 | C6: ='Sample Log'!C34 -> Sample_32 | D6: Hu RNAse P | E6: UNKNOWN | F6: FAM | G6: NONE | H6: ='Sample Log'!$G$2 -> 43985 | I6: ='Sample Log'!D6 -> 0
A7: 5 | B7: A5 | C7: ='Sample Log'!C42 -> Sample_40 | D7: Hu RNAse P | E7: UNKNOWN | F7: FAM | G7: NONE | H7: ='Sample Log'!$G$2 -> 43985 | I7: ='Sample Log'!D7 -> 0
A8: 6 | B8: A6 | C8: ='Sample Log'!C50 -> Sample_48 | D8: Hu RNAse P | E8: UNKNOWN | F8: FAM | G8: NONE | H8: ='Sample Log'!$G$2 -> 43985 | I8: ='Sample Log'!D8 -> 0
A9: 7 | B9: A7 | C9: ='Sample Log'!C58 -> Sample_56 | D9: Hu RNAse P | E9: UNKNOWN | F9: FAM | G9: NONE | H9: ='Sample Log'!$G$2 -> 43985 | I9: ='Sample Log'!D9 -> 0
A10: 8 | B10: A8 | C10: ='Sample Log'!C66 -> Sample_64 | D10: Hu RNAse P | E10: UNKNOWN | F10: FAM | G10: NONE | H10: ='Sample Log'!$G$2 -> 43985 | I10: ='Sample Log'!D10 -> 0
A11: 9 | B11: A9 | C11: ='Sample Log'!C74 -> Sample_72 | D11: Hu RNAse P | E11: UNKNOWN | F11: FAM | G11: NONE | H11: ='Sample Log'!$G$2 -> 43985 | I11: ='Sample Log'!D11 -> 0
A12: 10 | B12: A10 | C12: ='Sample Log'!C82 -> Sample_80 | D12: Hu RNAse P | E12: UNKNOWN | F12: FAM | G12: NONE | H12: ='Sample Log'!$G$2 -> 43985 | I12: ='Sample Log'!D12 -> 0
A13: 11 | B13: A11 | C13: ='Sample Log'!C90 -> Sample_88 | D13: Hu RNAse P | E13: UNKNOWN | F13: FAM | G13: NONE | H13: ='Sample Log'!$G$2 -> 43985 | I13: ='Sample Log'!D13 -> 0
A14: 12 | B14: A12 | C14: ='Sample Log'!C98 -> Sample_96 | D14: Hu RNAse P | E14: UNKNOWN | F14: FAM | G14: NONE | H14: ='Sample Log'!$G$2 -> 43985 | I14: ='Sample Log'!D14 -> 0
A15: 13 | B15: B1 | C15: ='Sample Log'!C9 -> Sample_7 | D15: Hu RNAse P | E15: UNKNOWN | F15: FAM | G15: NONE | H15: ='Sample Log'!$G$2 -> 43985 | I15: ='Sample Log'!D15 -> 0
A16: 14 | B16: B2 | C16: ='Sample Log'!C17 -> Sample_15 | D16: Hu RNAse P | E16: UNKNOWN | F16: FAM | G16: NONE | H16: ='Sample Log'!$G$2 -> 43985 | I16: ='Sample Log'!D16 -> 0
A17: 15 | B17: B3 | C17: ='Sample Log'!C25 -> Sample_23 | D17: Hu RNAse P | E17: UNKNOWN | F17: FAM | G17: NONE | H17: ='Sample Log'!$G$2 -> 43985 | I17: ='Sample Log'!D17 -> 0
A18: 16 | B18: B4 | C18: ='Sample Log'!C33 -> Sample_31 | D18: Hu RNAse P | E18: UNKNOWN | F18: FAM | G18: NONE | H18: ='Sample Log'!$G$2 -> 43985 | I18: ='Sample Log'!D18 -> 0
A19: 17 | B19: B5 | C19: ='Sample Log'!C41 -> Sample_39 | D19: Hu RNAse P | E19: UNKNOWN | F19: FAM | G19: NONE | H19: ='Sample Log'!$G$2 -> 43985 | I19: ='Sample Log'!D19 -> 0
A20: 18 | B20: B6 | C20: ='Sample Log'!C49 -> Sample_47 | D20: Hu RNAse P | E20: UNKNOWN | F20: FAM | G20: NONE | H20: ='Sample Log'!$G$2 -> 43985 | I20: ='Sample Log'!D20 -> 0
A21: 19 | B21: B7 | C21: ='Sample Log'!C57 -> Sample_55 | D21: Hu RNAse P | E21: UNKNOWN | F21: FAM | G21: NONE | H21: ='Sample Log'!$G$2 -> 43985 | I21: ='Sample Log'!D21 -> 0
A22: 20 | B22: B8 | C22: ='Sample Log'!C65 -> Sample_63 | D22: Hu RNAse P | E22: UNKNOWN | F22: FAM | G22: NONE | H22: ='Sample Log'!$G$2 -> 43985 | I22: ='Sample Log'!D22 -> 0
A23: 21 | B23: B9 | C23: ='Sample Log'!C73 -> Sample_71 | D23: Hu RNAse P | E23: UNKNOWN | F23: FAM | G23: NONE | H23: ='Sample Log'!$G$2 -> 43985 | I23: ='Sample Log'!D23 -> 0
A24: 22 | B24: B10 | C24: ='Sample Log'!C81 -> Sample_79 | D24: Hu RNAse P | E24: UNKNOWN | F24: FAM | G24: NONE | H24: ='Sample Log'!$G$2 -> 43985 | I24: ='Sample Log'!D24 -> 0
A25: 23 | B25: B11 | C25: ='Sample Log'!C89 -> Sample_87 | D25: Hu RNAse P | E25: UNKNOWN | F25: FAM | G25: NONE | H25: ='Sample Log'!$G$2 -> 43985 | I25: ='Sample Log'!D25 -> 0
A26: 24 | B26: B12 | C26: ='Sample Log'!C97 -> Sample_95 | D26: Hu RNAse P | E26: UNKNOWN | F26: FAM | G26: NONE | H26: ='Sample Log'!$G$2 -> 43985 | I26: ='Sample Log'!D26 -> 0
A27: 25 | B27: C1 | C27: ='Sample Log'!C8 -> Sample_6 | D27: Hu RNAse P | E27: UNKNOWN | F27: FAM | G27: NONE | H27: ='Sample Log'!$G$2 -> 43985 | I27: ='Sample Log'!D27 -> 0
A28: 26 | B28: C2 | C28: ='Sample Log'!C16 -> Sample_14 | D28: Hu RNAse P | E28: UNKNOWN | F28: FAM | G28: NONE | H28: ='Sample Log'!$G$2 -> 43985 | I28: ='Sample Log'!D28 -> 0
A29: 27 | B29: C3 | C29: ='Sample Log'!C24 -> Sample_22 | D29: Hu RNAse P | E29: UNKNOWN | F29: FAM | G29: NONE | H29: ='Sample Log'!$G$2 -> 43985 | I29: ='Sample Log'!D29 -> 0
A30: 28 | B30: C4 | C30: ='Sample Log'!C32 -> Sample_30 | D30: Hu RNAse P | E30: UNKNOWN | F30: FAM | G30: NONE | H30: ='Sample Log'!$G$2 -> 43985 | I30: ='Sample Log'!D30 -> 0
A31: 29 | B31: C5 | C31: ='Sample Log'!C40 -> Sample_38 | D31: Hu RNAse P | E31: UNKNOWN | F31: FAM | G31: NONE | H31: ='Sample Log'!$G$2 -> 43985 | I31: ='Sample Log'!D31 -> 0
A32: 30 | B32: C6 | C32: ='Sample Log'!C48 -> Sample_46 | D32: Hu RNAse P | E32: UNKNOWN | F32: FAM | G32: NONE | H32: ='Sample Log'!$G$2 -> 43985 | I32: ='Sample Log'!D32 -> 0
A33: 31 | B33: C7 | C33: ='Sample Log'!C56 -> Sample_54 | D33: Hu RNAse P | E33: UNKNOWN | F33: FAM | G33: NONE | H33: ='Sample Log'!$G$2 -> 43985 | I33: ='Sample Log'!D33 -> 0
A34: 32 | B34: C8 | C34: ='Sample Log'!C64 -> Sample_62 | D34: Hu RNAse P | E34: UNKNOWN | F34: FAM | G34: NONE | H34: ='Sample Log'!$G$2 -> 43985 | I34: ='Sample Log'!D34 -> 0
A35: 33 | B35: C9 | C35: ='Sample Log'!C72 -> Sample_70 | D35: Hu RNAse P | E35: UNKNOWN | F35: FAM | G35: NONE | H35: ='Sample Log'!$G$2 -> 43985 | I35: ='Sample Log'!D35 -> 0
A36: 34 | B36: C10 | C36: ='Sample Log'!C80 -> Sample_78 | D36: Hu RNAse P | E36: UNKNOWN | F36: FAM | G36: NONE | H36: ='Sample Log'!$G$2 -> 43985 | I36: ='Sample Log'!D36 -> 0
A37: 35 | B37: C11 | C37: ='Sample Log'!C88 -> Sample_86 | D37: Hu RNAse P | E37: UNKNOWN | F37: FAM | G37: NONE | H37: ='Sample Log'!$G$2 -> 43985 | I37: ='Sample Log'!D37 -> 0
A38: 36 | B38: C12 | C38: ='Sample Log'!C96 -> Sample_94 | D38: Hu RNAse P | E38: UNKNOWN | F38: FAM | G38: NONE | H38: ='Sample Log'!$G$2 -> 43985 | I38: ='Sample Log'!D38 -> 0
A39: 37 | B39: D1 | C39: ='Sample Log'!C7 -> Sample_5 | D39: Hu RNAse P | E39: UNKNOWN | F39: FAM | G39: NONE | H39: ='Sample Log'!$G$2 -> 43985 | I39: ='Sample Log'!D39 -> 0
A40: 38 | B40: D2 | C40: ='Sample Log'!C15 -> Sample_13 | D40: Hu RNAse P | E40: UNKNOWN | F40: FAM | G40: NONE | H40: ='Sample Log'!$G$2 -> 43985 | I40: ='Sample Log'!D40 -> 0
A41: 39 | B41: D3 | C41: ='Sample Log'!C23 -> Sample_21 | D41: Hu RNAse P | E41: UNKNOWN | F41: FAM | G41: NONE | H41: ='Sample Log'!$G$2 -> 43985 | I41: ='Sample Log'!D41 -> 0
A42: 40 | B42: D4 | C42: ='Sample Log'!C31 -> Sample_29 | D42: Hu RNAse P | E42: UNKNOWN | F42: FAM | G42: NONE | H42: ='Sample Log'!$G$2 -> 43985 | I42: ='Sample Log'!D42 -> 0
A43: 41 | B43: D5 | C43: ='Sample Log'!C39 -> Sample_37 | D43: Hu RNAse P | E43: UNKNOWN | F43: FAM | G43: NONE | H43: ='Sample Log'!$G$2 -> 43985 | I43: ='Sample Log'!D43 -> 0
A44: 42 | B44: D6 | C44: ='Sample Log'!C47 -> Sample_45 | D44: Hu RNAse P | E44: UNKNOWN | F44: FAM | G44: NONE | H44: ='Sample Log'!$G$2 -> 43985 | I44: ='Sample Log'!D44 -> 0
A45: 43 | B45: D7 | C45: ='Sample Log'!C55 -> Sample_53 | D45: Hu RNAse P | E45: UNKNOWN | F45: FAM | G45: NONE | H45: ='Sample Log'!$G$2 -> 43985 | I45: ='Sample Log'!D45 -> 0
A46: 44 | B46: D8 | C46: ='Sample Log'!C63 -> Sample_61 | D46: Hu RNAse P | E46: UNKNOWN | F46: FAM | G46: NONE | H46: ='Sample Log'!$G$2 -> 43985 | I46: ='Sample Log'!D46 -> 0
A47: 45 | B47: D9 | C47: ='Sample Log'!C71 -> Sample_69 | D47: Hu RNAse P | E47: UNKNOWN | F47: FAM | G47: NONE | H47: ='Sample Log'!$G$2 -> 43985 | I47: ='Sample Log'!D47 -> 0
A48: 46 | B48: D10 | C48: ='Sample Log'!C79 -> Sample_77 | D48: Hu RNAse P | E48: UNKNOWN | F48: FAM | G48: NONE | H48: ='Sample Log'!$G$2 -> 43985 | I48: ='Sample Log'!D48 -> 0
A49: 47 | B49: D11 | C49: ='Sample Log'!C87 -> Sample_85 | D49: Hu RNAse P | E49: UNKNOWN | F49: FAM | G49: NONE | H49: ='Sample Log'!$G$2 -> 43985 | I49: ='Sample Log'!D49 -> 0
A50: 48 | B50: D12 | C50: ='Sample Log'!C95 -> Sample_93 | D50: Hu RNAse P | E50: UNKNOWN | F50: FAM | G50: NONE | H50: ='Sample Log'!$G$2 -> 43985 | I50: ='Sample Log'!D50 -> 0
A51: 49 | B51: E1 | C51: ='Sample Log'!C6 -> Sample_4 | D51: Hu RNAse P | E51: UNKNOWN | F51: FAM | G51: NONE | H51: ='Sample Log'!$G$2 -> 43985 | I51: ='Sample Log'!D51 -> 0
A52: 50 | B52: E2 | C52: ='Sample Log'!C14 -> Sample_12 | D52: Hu RNAse P | E52: UNKNOWN | F52: FAM | G52: NONE | H52: ='Sample Log'!$G$2 -> 43985 | I52: ='Sample Log'!D52 -> 0
A53: 51 | B53: E3 | C53: ='Sample Log'!C22 -> Sample_20 | D53: Hu RNAse P | E53: UNKNOWN | F53: FAM | G53: NONE | H53: ='Sample Log'!$G$2 -> 43985 | I53: ='Sample Log'!D53 -> 0
A54: 52 | B54: E4 | C54: ='Sample Log'!C30 -> Sample_28 | D54: Hu RNAse P | E54: UNKNOWN | F54: FAM | G54: NONE | H54: ='Sample Log'!$G$2 -> 43985 | I54: ='Sample Log'!D54 -> 0
A55: 53 | B55: E5 | C55: ='Sample Log'!C38 -> Sample_36 | D55: Hu RNAse P | E55: UNKNOWN | F55: FAM | G55: NONE | H55: ='Sample Log'!$G$2 -> 43985 | I55: ='Sample Log'!D55 -> 0
A56: 54 | B56: E6 | C56: ='Sample Log'!C46 -> Sample_44 | D56: Hu RNAse P | E56: UNKNOWN | F56: FAM | G56: NONE | H56: ='Sample Log'!$G$2 -> 43985 | I56: ='Sample Log'!D56 -> 0
A57: 55 | B57: E7 | C57: ='Sample Log'!C54 -> Sample_52 | D57: Hu RNAse P | E57: UNKNOWN | F57: FAM | G57: NONE | H57: ='Sample Log'!$G$2 -> 43985 | I57: ='Sample Log'!D57 -> 0
A58: 56 | B58: E8 | C58: ='Sample Log'!C62 -> Sample_60 | D58: Hu RNAse P | E58: UNKNOWN | F58: FAM | G58: NONE | H58: ='Sample Log'!$G$2 -> 43985 | I58: ='Sample Log'!D58 -> 0
A59: 57 | B59: E9 | C59: ='Sample Log'!C70 -> Sample_68 | D59: Hu RNAse P | E59: UNKNOWN | F59: FAM | G59: NONE | H59: ='Sample Log'!$G$2 -> 43985 | I59: ='Sample Log'!D59 -> 0
A60: 58 | B60: E10 | C60: ='Sample Log'!C78 -> Sample_76 | D60: Hu RNAse P | E60: UNKNOWN | F60: FAM | G60: NONE | H60: ='Sample Log'!$G$2 -> 43985 | I60: ='Sample Log'!D60 -> 0
A61: 59 | B61: E11 | C61: ='Sample Log'!C86 -> Sample_84 | D61: Hu RNAse P | E61: UNKNOWN | F61: FAM | G61: NONE | H61: ='Sample Log'!$G$2 -> 43985 | I61: ='Sample Log'!D61 -> 0
A62: 60 | B62: E12 | C62: ='Sample Log'!C94 -> Sample_92 | D62: Hu RNAse P | E62: UNKNOWN | F62: FAM | G62: NONE | H62: ='Sample Log'!$G$2 -> 43985 | I62: ='Sample Log'!D62 -> 0
A63: 61 | B63: F1 | C63: ='Sample Log'!C5 -> Sample_3 | D63: Hu RNAse P | E63: UNKNOWN | F63: FAM | G63: NONE | H63: ='Sample Log'!$G$2 -> 43985 | I63: ='Sample Log'!D63 -> 0
A64: 62 | B64: F2 | C64: ='Sample Log'!C13 -> Sample_11 | D64: Hu RNAse P | E64: UNKNOWN | F64: FAM | G64: NONE | H64: ='Sample Log'!$G$2 -> 43985 | I64: ='Sample Log'!D64 -> 0
A65: 63 | B65: F3 | C65: ='Sample Log'!C21 -> Sample_19 | D65: Hu RNAse P | E65: UNKNOWN | F65: FAM | G65: NONE | H65: ='Sample Log'!$G$2 -> 43985 | I65: ='Sample Log'!D65 -> 0
A66: 64 | B66: F4 | C66: ='Sample Log'!C29 -> Sample_27 | D66: Hu RNAse P | E66: UNKNOWN | F66: FAM | G66: NONE | H66: ='Sample Log'!$G$2 -> 43985 | I66: ='Sample Log'!D66 -> 0
A67: 65 | B67: F5 | C67: ='Sample Log'!C37 -> Sample_35 | D67: Hu RNAse P | E67: UNKNOWN | F67: FAM | G67: NONE | H67: ='Sample Log'!$G$2 -> 43985 | I67: ='Sample Log'!D67 -> 0
A68: 66 | B68: F6 | C68: ='Sample Log'!C45 -> Sample_43 | D68: Hu RNAse P | E68: UNKNOWN | F68: FAM | G68: NONE | H68: ='Sample Log'!$G$2 -> 43985 | I68: ='Sample Log'!D68 -> 0
A69: 67 | B69: F7 | C69: ='Sample Log'!C53 -> Sample_51 | D69: Hu RNAse P | E69: UNKNOWN | F69: FAM | G69: NONE | H69: ='Sample Log'!$G$2 -> 43985 | I69: ='Sample Log'!D69 -> 0
A70: 68 | B70: F8 | C70: ='Sample Log'!C61 -> Sample_59 | D70: Hu RNAse P | E70: UNKNOWN | F70: FAM | G70: NONE | H70: ='Sample Log'!$G$2 -> 43985 | I70: ='Sample Log'!D70 -> 0
A71: 69 | B71: F9 | C71: ='Sample Log'!C69 -> Sample_67 | D71: Hu RNAse P | E71: UNKNOWN | F71: FAM | G71: NONE | H71: ='Sample Log'!$G$2 -> 43985 | I71: ='Sample Log'!D71 -> 0
A72: 70 | B72: F10 | C72: ='Sample Log'!C77 -> Sample_75 | D72: Hu RNAse P | E72: UNKNOWN | F72: FAM | G72: NONE | H72: ='Sample Log'!$G$2 -> 43985 | I72: ='Sample Log'!D72 -> 0
A73: 71 | B73: F11 | C73: ='Sample Log'!C85 -> Sample_83 | D73: Hu RNAse P | E73: UNKNOWN | F73: FAM | G73: NONE | H73: ='Sample Log'!$G$2 -> 43985 | I73: ='Sample Log'!D73 -> 0
A74: 72 | B74: F12 | C74: ='Sample Log'!C93 -> Sample_91 | D74: Hu RNAse P | E74: UNKNOWN | F74: FAM | G74: NONE | H74: ='Sample Log'!$G$2 -> 43985 | I74: ='Sample Log'!D74 -> 0
A75: 73 | B75: G1 | C75: ='Sample Log'!C4 -> Sample_2 | D75: Hu RNAse P | E75: UNKNOWN | F75: FAM | G75: NONE | H75: ='Sample Log'!$G$2 -> 43985 | I75: ='Sample Log'!D75 -> 0
A76: 74 | B76: G2 | C76: ='Sample Log'!C12 -> Sample_10 | D76: Hu RNAse P | E76: UNKNOWN | F76: FAM | G76: NONE | H76: ='Sample Log'!$G$2 -> 43985 | I76: ='Sample Log'!D76 -> 0
A77: 75 | B77: G3 | C77: ='Sample Log'!C20 -> Sample_18 | D77: Hu RNAse P | E77: UNKNOWN | F77: FAM | G77: NONE | H77: ='Sample Log'!$G$2 -> 43985 | I77: ='Sample Log'!D77 -> 0
A78: 76 | B78: G4 | C78: ='Sample Log'!C28 -> Sample_26 | D78: Hu RNAse P | E78: UNKNOWN | F78: FAM | G78: NONE | H78: ='Sample Log'!$G$2 -> 43985 | I78: ='Sample Log'!D78 -> 0
A79: 77 | B79: G5 | C79: ='Sample Log'!C36 -> Sample_34 | D79: Hu RNAse P | E79: UNKNOWN | F79: FAM | G79: NONE | H79: ='Sample Log'!$G$2 -> 43985 | I79: ='Sample Log'!D79 -> 0
A80: 78 | B80: G6 | C80: ='Sample Log'!C44 -> Sample_42 | D80: Hu RNAse P | E80: UNKNOWN | F80: FAM | G80: NONE | H80: ='Sample Log'!$G$2 -> 43985 | I80: ='Sample Log'!D80 -> 0
A81: 79 | B81: G7 | C81: ='Sample Log'!C52 -> Sample_50 | D81: Hu RNAse P | E81: UNKNOWN | F81: FAM | G81: NONE | H81: ='Sample Log'!$G$2 -> 43985 | I81: ='Sample Log'!D81 -> 0
A82: 80 | B82: G8 | C82: ='Sample Log'!C60 -> Sample_58 | D82: Hu RNAse P | E82: UNKNOWN | F82: FAM | G82: NONE | H82: ='Sample Log'!$G$2 -> 43985 | I82: ='Sample Log'!D82 -> 0
A83: 81 | B83: G9 | C83: ='Sample Log'!C68 -> Sample_66 | D83: Hu RNAse P | E83: UNKNOWN | F83: FAM | G83: NONE | H83: ='Sample Log'!$G$2 -> 43985 | I83: ='Sample Log'!D83 -> 0
A84: 82 | B84: G10 | C84: ='Sample Log'!C76 -> Sample_74 | D84: Hu RNAse P | E84: UNKNOWN | F84: FAM | G84: NONE | H84: ='Sample Log'!$G$2 -> 43985 | I84: ='Sample Log'!D84 -> 0
A85: 83 | B85: G11 | C85: ='Sample Log'!C84 -> Sample_82 | D85: Hu RNAse P | E85: UNKNOWN | F85: FAM | G85: NONE | H85: ='Sample Log'!$G$2 -> 43985 | I85: ='Sample Log'!D85 -> 0
A86: 84 | B86: G12 | C86: ='Sample Log'!C92 -> Sample_90 | D86: Hu RNAse P | E86: UNKNOWN | F86: FAM | G86: NONE | H86: ='Sample Log'!$G$2 -> 43985 | I86: ='Sample Log'!D86 -> 0
A87: 85 | B87: H1 | C87: ='Sample Log'!C3 -> Sample_1 | D87: Hu RNAse P | E87: UNKNOWN | F87: FAM | G87: NONE | H87: ='Sample Log'!$G$2 -> 43985 | I87: ='Sample Log'!D87 -> 0
A88: 86 | B88: H2 | C88: ='Sample Log'!C11 -> Sample_9 | D88: Hu RNAse P | E88: UNKNOWN | F88: FAM | G88: NONE | H88: ='Sample Log'!$G$2 -> 43985 | I88: ='Sample Log'!D88 -> 0
A89: 87 | B89: H3 | C89: ='Sample Log'!C19 -> Sample_17 | D89: Hu RNAse P | E89: UNKNOWN | F89: FAM | G89: NONE | H89: ='Sample Log'!$G$2 -> 43985 | I89: ='Sample Log'!D89 -> 0
A90: 88 | B90: H4 | C90: ='Sample Log'!C27 -> Sample_25 | D90: Hu RNAse P | E90: UNKNOWN | F90: FAM | G90: NONE | H90: ='Sample Log'!$G$2 -> 43985 | I90: ='Sample Log'!D90 -> 0
A91: 89 | B91: H5 | C91: ='Sample Log'!C35 -> Sample_33 | D91: Hu RNAse P | E91: UNKNOWN | F91: FAM | G91: NONE | H91: ='Sample Log'!$G$2 -> 43985 | I91: ='Sample Log'!D91 -> 0
A92: 90 | B92: H6 | C92: ='Sample Log'!C43 -> Sample_41 | D92: Hu RNAse P | E92: UNKNOWN | F92: FAM | G92: NONE | H92: ='Sample Log'!$G$2 -> 43985 | I92: ='Sample Log'!D92 -> 0
A93: 91 | B93: H7 | C93: ='Sample Log'!C51 -> Sample_49 | D93: Hu RNAse P | E93: UNKNOWN | F93: FAM | G93: NONE | H93: ='Sample Log'!$G$2 -> 43985 | I93: ='Sample Log'!D93 -> 0
A94: 92 | B94: H8 | C94: ='Sample Log'!C59 -> Sample_57 | D94: Hu RNAse P | E94: UNKNOWN | F94: FAM | G94: NONE | H94: ='Sample Log'!$G$2 -> 43985 | I94: ='Sample Log'!D94 -> 0
A95: 93 | B95: H9 | C95: ='Sample Log'!C67 -> Sample_65 | D95: Hu RNAse P | E95: UNKNOWN | F95: FAM | G95: NONE | H95: ='Sample Log'!$G$2 -> 43985 | I95: ='Sample Log'!D95 -> 0
A96: 94 | B96: H10 | C96: ='Sample Log'!C75 -> Sample_73 | D96: Hu RNAse P | E96: UNKNOWN | F96: FAM | G96: NONE | H96: ='Sample Log'!$G$2 -> 43985 | I96: ='Sample Log'!D96 -> 0
A97: 95 | B97: H11 | C97: ='Sample Log'!C83 -> Sample_81 | D97: Hu RNAse P | E97: UNKNOWN | F97: FAM | G97: NONE | H97: ='Sample Log'!$G$2 -> 43985 | I97: ='Sample Log'!D97 -> 0
A98: 96 | B98: H12 | C98: ='Sample Log'!C91 -> Sample_89 | D98: Hu RNAse P | E98: UNKNOWN | F98: FAM | G98: NONE | H98: ='Sample Log'!$G$2 -> 43985 | I98: ='Sample Log'!D98 -> 0

Sheet Table Upload 
A1: Plate nr | B1: Row | C1: Column | D1: Sample Name | E1: Extraction date | F1: Comments
A2: ='Sample Log'!$G$1 -> Plate 1 | B2: A | C2: 1 | D2: ='Sample Log'!C10 -> Sample_8 | E2: ='Sample Log'!$G$2 -> 43985 | F2: ='Sample Log'!D3 -> This is a comment
A3: ='Sample Log'!$G$1 -> Plate 1 | B3: A | C3: 2 | D3: ='Sample Log'!C18 -> Sample_16 | E3: ='Sample Log'!$G$2 -> 43985 | F3: ='Sample Log'!D4 -> 0
A4: ='Sample Log'!$G$1 -> Plate 1 | B4: A | C4: 3 | D4: ='Sample Log'!C26 -> Sample_24 | E4: ='Sample Log'!$G$2 -> 43985 | F4: ='Sample Log'!D5 -> 0
A5: ='Sample Log'!$G$1 -> Plate 1 | B5: A | C5: 4 | D5: ='Sample Log'!C34 -> Sample_32 | E5: ='Sample Log'!$G$2 -> 43985 | F5: ='Sample Log'!D6 -> 0
A6: ='Sample Log'!$G$1 -> Plate 1 | B6: A | C6: 5 | D6: ='Sample Log'!C42 -> Sample_40 | E6: ='Sample Log'!$G$2 -> 43985 | F6: ='Sample Log'!D7 -> 0
A7: ='Sample Log'!$G$1 -> Plate 1 | B7: A | C7: 6 | D7: ='Sample Log'!C50 -> Sample_48 | E7: ='Sample Log'!$G$2 -> 43985 | F7: ='Sample Log'!D8 -> 0
A8: ='Sample Log'!$G$1 -> Plate 1 | B8: A | C8: 7 | D8: ='Sample Log'!C58 -> Sample_56 | E8: ='Sample Log'!$G$2 -> 43985 | F8: ='Sample Log'!D9 -> 0
A9: ='Sample Log'!$G$1 -> Plate 1 | B9: A | C9: 8 | D9: ='Sample Log'!C66 -> Sample_64 | E9: ='Sample Log'!$G$2 -> 43985 | F9: ='Sample Log'!D10 -> 0
A10: ='Sample Log'!$G$1 -> Plate 1 | B10: A | C10: 9 | D10: ='Sample Log'!C74 -> Sample_72 | E10: ='Sample Log'!$G$2 -> 43985 | F10: ='Sample Log'!D11 -> 0
A11: ='Sample Log'!$G$1 -> Plate 1 | B11: A | C11: 10 | D11: ='Sample Log'!C82 -> Sample_80 | E11: ='Sample Log'!$G$2 -> 43985 | F11: ='Sample Log'!D12 -> 0
A12: ='Sample Log'!$G$1 -> Plate 1 | B12: A | C12: 11 | D12: ='Sample Log'!C90 -> Sample_88 | E12: ='Sample Log'!$G$2 -> 43985 | F12: ='Sample Log'!D13 -> 0
A13: ='Sample Log'!$G$1 -> Plate 1 | B13: A | C13: 12 | D13: ='Sample Log'!C98 -> Sample_96 | E13: ='Sample Log'!$G$2 -> 43985 | F13: ='Sample Log'!D14 -> 0
A14: ='Sample Log'!$G$1 -> Plate 1 | B14: B | C14: 1 | D14: ='Sample Log'!C9 -> Sample_7 | E14: ='Sample Log'!$G$2 -> 43985 | F14: ='Sample Log'!D15 -> 0
A15: ='Sample Log'!$G$1 -> Plate 1 | B15: B | C15: 2 | D15: ='Sample Log'!C17 -> Sample_15 | E15: ='Sample Log'!$G$2 -> 43985 | F15: ='Sample Log'!D16 -> 0
A16: ='Sample Log'!$G$1 -> Plate 1 | B16: B | C16: 3 | D16: ='Sample Log'!C25 -> Sample_23 | E16: ='Sample Log'!$G$2 -> 43985 | F16: ='Sample Log'!D17 -> 0
A17: ='Sample Log'!$G$1 -> Plate 1 | B17: B | C17: 4 | D17: ='Sample Log'!C33 -> Sample_31 | E17: ='Sample Log'!$G$2 -> 43985 | F17: ='Sample Log'!D18 -> 0
A18: ='Sample Log'!$G$1 -> Plate 1 | B18: B | C18: 5 | D18: ='Sample Log'!C41 -> Sample_39 | E18: ='Sample Log'!$G$2 -> 43985 | F18: ='Sample Log'!D19 -> 0
A19: ='Sample Log'!$G$1 -> Plate 1 | B19: B | C19: 6 | D19: ='Sample Log'!C49 -> Sample_47 | E19: ='Sample Log'!$G$2 -> 43985 | F19: ='Sample Log'!D20 -> 0
A20: ='Sample Log'!$G$1 -> Plate 1 | B20: B | C20: 7 | D20: ='Sample Log'!C57 -> Sample_55 | E20: ='Sample Log'!$G$2 -> 43985 | F20: ='Sample Log'!D21 -> 0
A21: ='Sample Log'!$G$1 -> Plate 1 | B21: B | C21: 8 | D21: ='Sample Log'!C65 -> Sample_63 | E21: ='Sample Log'!$G$2 -> 43985 | F21: ='Sample Log'!D22 -> 0
A22: ='Sample Log'!$G$1 -> Plate 1 | B22: B | C22: 9 | D22: ='Sample Log'!C73 -> Sample_71 | E22: ='Sample Log'!$G$2 -> 43985 | F22: ='Sample Log'!D23 -> 0
A23: ='Sample Log'!$G$1 -> Plate 1 | B23: B | C23: 10 | D23: ='Sample Log'!C81 -> Sample_79 | E23: ='Sample Log'!$G$2 -> 43985 | F23: ='Sample Log'!D24 -> 0
A24: ='Sample Log'!$G$1 -> Plate 1 | B24: B | C24: 11 | D24: ='Sample Log'!C89 -> Sample_87 | E24: ='Sample Log'!$G$2 -> 43985 | F24: ='Sample Log'!D25 -> 0
A25: ='Sample Log'!$G$1 -> Plate 1 | B25: B | C25: 12 | D25: ='Sample Log'!C97 -> Sample_95 | E25: ='Sample Log'!$G$2 -> 43985 | F25: ='Sample Log'!D26 -> 0
A26: ='Sample Log'!$G$1 -> Plate 1 | B26: C | C26: 1 | D26: ='Sample Log'!C8 -> Sample_6 | E26: ='Sample Log'!$G$2 -> 43985 | F26: ='Sample Log'!D27 -> 0
A27: ='Sample Log'!$G$1 -> Plate 1 | B27: C | C27: 2 | D27: ='Sample Log'!C16 -> Sample_14 | E27: ='Sample Log'!$G$2 -> 43985 | F27: ='Sample Log'!D28 -> 0
A28: ='Sample Log'!$G$1 -> Plate 1 | B28: C | C28: 3 | D28: ='Sample Log'!C24 -> Sample_22 | E28: ='Sample Log'!$G$2 -> 43985 | F28: ='Sample Log'!D29 -> 0
A29: ='Sample Log'!$G$1 -> Plate 1 | B29: C | C29: 4 | D29: ='Sample Log'!C32 -> Sample_30 | E29: ='Sample Log'!$G$2 -> 43985 | F29: ='Sample Log'!D30 -> 0
A30: ='Sample Log'!$G$1 -> Plate 1 | B30: C | C30: 5 | D30: ='Sample Log'!C40 -> Sample_38 | E30: ='Sample Log'!$G$2 -> 43985 | F30: ='Sample Log'!D31 -> 0
A31: ='Sample Log'!$G$1 -> Plate 1 | B31: C | C31: 6 | D31: ='Sample Log'!C48 -> Sample_46 | E31: ='Sample Log'!$G$2 -> 43985 | F31: ='Sample Log'!D32 -> 0
A32: ='Sample Log'!$G$1 -> Plate 1 | B32: C | C32: 7 | D32: ='Sample Log'!C56 -> Sample_54 | E32: ='Sample Log'!$G$2 -> 43985 | F32: ='Sample Log'!D33 -> 0
A33: ='Sample Log'!$G$1 -> Plate 1 | B33: C | C33: 8 | D33: ='Sample Log'!C64 -> Sample_62 | E33: ='Sample Log'!$G$2 -> 43985 | F33: ='Sample Log'!D34 -> 0
A34: ='Sample Log'!$G$1 -> Plate 1 | B34: C | C34: 9 | D34: ='Sample Log'!C72 -> Sample_70 | E34: ='Sample Log'!$G$2 -> 43985 | F34: ='Sample Log'!D35 -> 0
A35: ='Sample Log'!$G$1 -> Plate 1 | B35: C | C35: 10 | D35: ='Sample Log'!C80 -> Sample_78 | E35: ='Sample Log'!$G$2 -> 43985 | F35: ='Sample Log'!D36 -> 0
A36: ='Sample Log'!$G$1 -> Plate 1 | B36: C | C36: 11 | D36: ='Sample Log'!C88 -> Sample_86 | E36: ='Sample Log'!$G$2 -> 43985 | F36: ='Sample Log'!D37 -> 0
A37: ='Sample Log'!$G$1 -> Plate 1 | B37: C | C37: 12 | D37: ='Sample Log'!C96 -> Sample_94 | E37: ='Sample Log'!$G$2 -> 43985 | F37: ='Sample Log'!D38 -> 0
A38: ='Sample Log'!$G$1 -> Plate 1 | B38: D | C38: 1 | D38: ='Sample Log'!C7 -> Sample_5 | E38: ='Sample Log'!$G$2 -> 43985 | F38: ='Sample Log'!D39 -> 0
A39: ='Sample Log'!$G$1 -> Plate 1 | B39: D | C39: 2 | D39: ='Sample Log'!C15 -> Sample_13 | E39: ='Sample Log'!$G$2 -> 43985 | F39: ='Sample Log'!D40 -> 0
A40: ='Sample Log'!$G$1 -> Plate 1 | B40: D | C40: 3 | D40: ='Sample Log'!C23 -> Sample_21 | E40: ='Sample Log'!$G$2 -> 43985 | F40: ='Sample Log'!D41 -> 0
A41: ='Sample Log'!$G$1 -> Plate 1 | B41: D | C41: 4 | D41: ='Sample Log'!C31 -> Sample_29 | E41: ='Sample Log'!$G$2 -> 43985 | F41: ='Sample Log'!D42 -> 0
A42: ='Sample Log'!$G$1 -> Plate 1 | B42: D | C42: 5 | D42: ='Sample Log'!C39 -> Sample_37 | E42: ='Sample Log'!$G$2 -> 43985 | F42: ='Sample Log'!D43 -> 0
A43: ='Sample Log'!$G$1 -> Plate 1 | B43: D | C43: 6 | D43: ='Sample Log'!C47 -> Sample_45 | E43: ='Sample Log'!$G$2 -> 43985 | F43: ='Sample Log'!D44 -> 0
A44: ='Sample Log'!$G$1 -> Plate 1 | B44: D | C44: 7 | D44: ='Sample Log'!C55 -> Sample_53 | E44: ='Sample Log'!$G$2 -> 43985 | F44: ='Sample Log'!D45 -> 0
A45: ='Sample Log'!$G$1 -> Plate 1 | B45: D | C45: 8 | D45: ='Sample Log'!C63 -> Sample_61 | E45: ='Sample Log'!$G$2 -> 43985 | F45: ='Sample Log'!D46 -> 0
A46: ='Sample Log'!$G$1 -> Plate 1 | B46: D | C46: 9 | D46: ='Sample Log'!C71 -> Sample_69 | E46: ='Sample Log'!$G$2 -> 43985 | F46: ='Sample Log'!D47 -> 0
A47: ='Sample Log'!$G$1 -> Plate 1 | B47: D | C47: 10 | D47: ='Sample Log'!C79 -> Sample_77 | E47: ='Sample Log'!$G$2 -> 43985 | F47: ='Sample Log'!D48 -> 0
A48: ='Sample Log'!$G$1 -> Plate 1 | B48: D | C48: 11 | D48: ='Sample Log'!C87 -> Sample_85 | E48: ='Sample Log'!$G$2 -> 43985 | F48: ='Sample Log'!D49 -> 0
A49: ='Sample Log'!$G$1 -> Plate 1 | B49: D | C49: 12 | D49: ='Sample Log'!C95 -> Sample_93 | E49: ='Sample Log'!$G$2 -> 43985 | F49: ='Sample Log'!D50 -> 0
A50: ='Sample Log'!$G$1 -> Plate 1 | B50: E | C50: 1 | D50: ='Sample Log'!C6 -> Sample_4 | E50: ='Sample Log'!$G$2 -> 43985 | F50: ='Sample Log'!D51 -> 0
A51: ='Sample Log'!$G$1 -> Plate 1 | B51: E | C51: 2 | D51: ='Sample Log'!C14 -> Sample_12 | E51: ='Sample Log'!$G$2 -> 43985 | F51: ='Sample Log'!D52 -> 0
A52: ='Sample Log'!$G$1 -> Plate 1 | B52: E | C52: 3 | D52: ='Sample Log'!C22 -> Sample_20 | E52: ='Sample Log'!$G$2 -> 43985 | F52: ='Sample Log'!D53 -> 0
A53: ='Sample Log'!$G$1 -> Plate 1 | B53: E | C53: 4 | D53: ='Sample Log'!C30 -> Sample_28 | E53: ='Sample Log'!$G$2 -> 43985 | F53: ='Sample Log'!D54 -> 0
A54: ='Sample Log'!$G$1 -> Plate 1 | B54: E | C54: 5 | D54: ='Sample Log'!C38 -> Sample_36 | E54: ='Sample Log'!$G$2 -> 43985 | F54: ='Sample Log'!D55 -> 0
A55: ='Sample Log'!$G$1 -> Plate 1 | B55: E | C55: 6 | D55: ='Sample Log'!C46 -> Sample_44 | E55: ='Sample Log'!$G$2 -> 43985 | F55: ='Sample Log'!D56 -> 0
A56: ='Sample Log'!$G$1 -> Plate 1 | B56: E | C56: 7 | D56: ='Sample Log'!C54 -> Sample_52 | E56: ='Sample Log'!$G$2 -> 43985 | F56: ='Sample Log'!D57 -> 0
A57: ='Sample Log'!$G$1 -> Plate 1 | B57: E | C57: 8 | D57: ='Sample Log'!C62 -> Sample_60 | E57: ='Sample Log'!$G$2 -> 43985 | F57: ='Sample Log'!D58 -> 0
A58: ='Sample Log'!$G$1 -> Plate 1 | B58: E | C58: 9 | D58: ='Sample Log'!C70 -> Sample_68 | E58: ='Sample Log'!$G$2 -> 43985 | F58: ='Sample Log'!D59 -> 0
A59: ='Sample Log'!$G$1 -> Plate 1 | B59: E | C59: 10 | D59: ='Sample Log'!C78 -> Sample_76 | E59: ='Sample Log'!$G$2 -> 43985 | F59: ='Sample Log'!D60 -> 0
A60: ='Sample Log'!$G$1 -> Plate 1 | B60: E | C60: 11 | D60: ='Sample Log'!C86 -> Sample_84 | E60: ='Sample Log'!$G$2 -> 43985 | F60: ='Sample Log'!D61 -> 0
A61: ='Sample Log'!$G$1 -> Plate 1 | B61: E | C61: 12 | D61: ='Sample Log'!C94 -> Sample_92 | E61: ='Sample Log'!$G$2 -> 43985 | F61: ='Sample Log'!D62 -> 0
A62: ='Sample Log'!$G$1 -> Plate 1 | B62: F | C62: 1 | D62: ='Sample Log'!C5 -> Sample_3 | E62: ='Sample Log'!$G$2 -> 43985 | F62: ='Sample Log'!D63 -> 0
A63: ='Sample Log'!$G$1 -> Plate 1 | B63: F | C63: 2 | D63: ='Sample Log'!C13 -> Sample_11 | E63: ='Sample Log'!$G$2 -> 43985 | F63: ='Sample Log'!D64 -> 0
A64: ='Sample Log'!$G$1 -> Plate 1 | B64: F | C64: 3 | D64: ='Sample Log'!C21 -> Sample_19 | E64: ='Sample Log'!$G$2 -> 43985 | F64: ='Sample Log'!D65 -> 0
A65: ='Sample Log'!$G$1 -> Plate 1 | B65: F | C65: 4 | D65: ='Sample Log'!C29 -> Sample_27 | E65: ='Sample Log'!$G$2 -> 43985 | F65: ='Sample Log'!D66 -> 0
A66: ='Sample Log'!$G$1 -> Plate 1 | B66: F | C66: 5 | D66: ='Sample Log'!C37 -> Sample_35 | E66: ='Sample Log'!$G$2 -> 43985 | F66: ='Sample Log'!D67 -> 0
A67: ='Sample Log'!$G$1 -> Plate 1 | B67: F | C67: 6 | D67: ='Sample Log'!C45 -> Sample_43 | E67: ='Sample Log'!$G$2 -> 43985 | F67: ='Sample Log'!D68 -> 0
A68: ='Sample Log'!$G$1 -> Plate 1 | B68: F | C68: 7 | D68: ='Sample Log'!C53 -> Sample_51 | E68: ='Sample Log'!$G$2 -> 43985 | F68: ='Sample Log'!D69 -> 0
A69: ='Sample Log'!$G$1 -> Plate 1 | B69: F | C69: 8 | D69: ='Sample Log'!C61 -> Sample_59 | E69: ='Sample Log'!$G$2 -> 43985 | F69: ='Sample Log'!D70 -> 0
A70: ='Sample Log'!$G$1 -> Plate 1 | B70: F | C70: 9 | D70: ='Sample Log'!C69 -> Sample_67 | E70: ='Sample Log'!$G$2 -> 43985 | F70: ='Sample Log'!D71 -> 0
A71: ='Sample Log'!$G$1 -> Plate 1 | B71: F | C71: 10 | D71: ='Sample Log'!C77 -> Sample_75 | E71: ='Sample Log'!$G$2 -> 43985 | F71: ='Sample Log'!D72 -> 0
A72: ='Sample Log'!$G$1 -> Plate 1 | B72: F | C72: 11 | D72: ='Sample Log'!C85 -> Sample_83 | E72: ='Sample Log'!$G$2 -> 43985 | F72: ='Sample Log'!D73 -> 0
A73: ='Sample Log'!$G$1 -> Plate 1 | B73: F | C73: 12 | D73: ='Sample Log'!C93 -> Sample_91 | E73: ='Sample Log'!$G$2 -> 43985 | F73: ='Sample Log'!D74 -> 0
A74: ='Sample Log'!$G$1 -> Plate 1 | B74: G | C74: 1 | D74: ='Sample Log'!C4 -> Sample_2 | E74: ='Sample Log'!$G$2 -> 43985 | F74: ='Sample Log'!D75 -> 0
A75: ='Sample Log'!$G$1 -> Plate 1 | B75: G | C75: 2 | D75: ='Sample Log'!C12 -> Sample_10 | E75: ='Sample Log'!$G$2 -> 43985 | F75: ='Sample Log'!D76 -> 0
A76: ='Sample Log'!$G$1 -> Plate 1 | B76: G | C76: 3 | D76: ='Sample Log'!C20 -> Sample_18 | E76: ='Sample Log'!$G$2 -> 43985 | F76: ='Sample Log'!D77 -> 0
A77: ='Sample Log'!$G$1 -> Plate 1 | B77: G | C77: 4 | D77: ='Sample Log'!C28 -> Sample_26 | E77: ='Sample Log'!$G$2 -> 43985 | F77: ='Sample Log'!D78 -> 0
A78: ='Sample Log'!$G$1 -> Plate 1 | B78: G | C78: 5 | D78: ='Sample Log'!C36 -> Sample_34 | E78: ='Sample Log'!$G$2 -> 43985 | F78: ='Sample Log'!D79 -> 0
A79: ='Sample Log'!$G$1 -> Plate 1 | B79: G | C79: 6 | D79: ='Sample Log'!C44 -> Sample_42 | E79: ='Sample Log'!$G$2 -> 43985 | F79: ='Sample Log'!D80 -> 0
A80: ='Sample Log'!$G$1 -> Plate 1 | B80: G | C80: 7 | D80: ='Sample Log'!C52 -> Sample_50 | E80: ='Sample Log'!$G$2 -> 43985 | F80: ='Sample Log'!D81 -> 0
A81: ='Sample Log'!$G$1 -> Plate 1 | B81: G | C81: 8 | D81: ='Sample Log'!C60 -> Sample_58 | E81: ='Sample Log'!$G$2 -> 43985 | F81: ='Sample Log'!D82 -> 0
A82: ='Sample Log'!$G$1 -> Plate 1 | B82: G | C82: 9 | D82: ='Sample Log'!C68 -> Sample_66 | E82: ='Sample Log'!$G$2 -> 43985 | F82: ='Sample Log'!D83 -> 0
A83: ='Sample Log'!$G$1 -> Plate 1 | B83: G | C83: 10 | D83: ='Sample Log'!C76 -> Sample_74 | E83: ='Sample Log'!$G$2 -> 43985 | F83: ='Sample Log'!D84 -> 0
A84: ='Sample Log'!$G$1 -> Plate 1 | B84: G | C84: 11 | D84: ='Sample Log'!C84 -> Sample_82 | E84: ='Sample Log'!$G$2 -> 43985 | F84: ='Sample Log'!D85 -> 0
A85: ='Sample Log'!$G$1 -> Plate 1 | B85: G | C85: 12 | D85: ='Sample Log'!C92 -> Sample_90 | E85: ='Sample Log'!$G$2 -> 43985 | F85: ='Sample Log'!D86 -> 0
A86: ='Sample Log'!$G$1 -> Plate 1 | B86: H | C86: 1 | D86: ='Sample Log'!C3 -> Sample_1 | E86: ='Sample Log'!$G$2 -> 43985 | F86: ='Sample Log'!D87 -> 0
A87: ='Sample Log'!$G$1 -> Plate 1 | B87: H | C87: 2 | D87: ='Sample Log'!C11 -> Sample_9 | E87: ='Sample Log'!$G$2 -> 43985 | F87: ='Sample Log'!D88 -> 0
A88: ='Sample Log'!$G$1 -> Plate 1 | B88: H | C88: 3 | D88: ='Sample Log'!C19 -> Sample_17 | E88: ='Sample Log'!$G$2 -> 43985 | F88: ='Sample Log'!D89 -> 0
A89: ='Sample Log'!$G$1 -> Plate 1 | B89: H | C89: 4 | D89: ='Sample Log'!C27 -> Sample_25 | E89: ='Sample Log'!$G$2 -> 43985 | F89: ='Sample Log'!D90 -> 0
A90: ='Sample Log'!$G$1 -> Plate 1 | B90: H | C90: 5 | D90: ='Sample Log'!C35 -> Sample_33 | E90: ='Sample Log'!$G$2 -> 43985 | F90: ='Sample Log'!D91 -> 0
A91: ='Sample Log'!$G$1 -> Plate 1 | B91: H | C91: 6 | D91: ='Sample Log'!C43 -> Sample_41 | E91: ='Sample Log'!$G$2 -> 43985 | F91: ='Sample Log'!D92 -> 0
A92: ='Sample Log'!$G$1 -> Plate 1 | B92: H | C92: 7 | D92: ='Sample Log'!C51 -> Sample_49 | E92: ='Sample Log'!$G$2 -> 43985 | F92: ='Sample Log'!D93 -> 0
A93: ='Sample Log'!$G$1 -> Plate 1 | B93: H | C93: 8 | D93: ='Sample Log'!C59 -> Sample_57 | E93: ='Sample Log'!$G$2 -> 43985 | F93: ='Sample Log'!D94 -> 0
A94: ='Sample Log'!$G$1 -> Plate 1 | B94: H | C94: 9 | D94: ='Sample Log'!C67 -> Sample_65 | E94: ='Sample Log'!$G$2 -> 43985 | F94: ='Sample Log'!D95 -> 0
A95: ='Sample Log'!$G$1 -> Plate 1 | B95: H | C95: 10 | D95: ='Sample Log'!C75 -> Sample_73 | E95: ='Sample Log'!$G$2 -> 43985 | F95: ='Sample Log'!D96 -> 0
A96: ='Sample Log'!$G$1 -> Plate 1 | B96: H | C96: 11 | D96: ='Sample Log'!C83 -> Sample_81 | E96: ='Sample Log'!$G$2 -> 43985 | F96: ='Sample Log'!D97 -> 0
A97: ='Sample Log'!$G$1 -> Plate 1 | B97: H | C97: 12 | D97: ='Sample Log'!C91 -> Sample_89 | E97: ='Sample Log'!$G$2 -> 43985 | F97: ='Sample Log'!D98 -> 0
