Workbook

Sheet DNA extractions
A1: Elephant Epigenetic Project
A6: Extraction date | B6: Sample ID | C6: Code | D6: Species name | E6: Tissue source | F6: Amount tissue used | G6: Extraction method | H6: Nanodrop QC (260/280) | I6: Nanodrop QC (260/230) | J6: Nanodrop Conc. (ng/µl) | K6: Qubit QC (1st) | L6: Qubit QC (2nd) | M6: Tape station QC (Size range) | N6: Agarose gel | O6: Ladder | P6: Agarose QC (approx. size range) | Q6: Total volume available (µl) | R6: Total amount DNA (ng) (NanoDrop) | S6: Total amount DNA (ng) (1st Qubit) | T6: Total amount DNA (ng) (2nd Qubit) | U6: Samples evaporated and resuspended in 10µl ddH2O in preparation for NanoPore workshop
A7: 45215 | B7: Bull3_Blood_1st | D7: Loxodonta africana | E7: Blood | F7: 500 µl | G7: Phenol/Chloroform | H7: 1.35 | I7: 0.42 | J7: 340.8 | K7: - | M7: - | N7: 1.5 | O7: Lambda DNA/ HindiIII | P7: ≥ 23 130 bp | Q7: =30-2-4 -> 24 | R7: =J7*Q7 -> 8179.2
A8: 45244 | B8: Bull3_Blood_2nd_Vortex | D8: Loxodonta africana | E8: Blood | F8: 150 µl | G8: Phenol/Chloroform | H8: 1.75 | I8: 2.24 | J8: 250.6 | K8: - | M8: - | O8: Lambda DNA/ HindiIII | P8: ≥ 23 130 bp | Q8: =30-2-4 -> 24 | R8: =J8*Q8 -> 6014.4
A9: 45244 | B9: Bull3_Blood_2nd_Invert | D9: Loxodonta africana | E9: Blood | F9: 150 µl | G9: Phenol/Chloroform | H9: 1.93 | I9: 1.1 | J9: 14.9 | K9: - | M9: - | O9: Lambda DNA/ HindiIII | P9: ≥ 23 130 bp | Q9: =30-2-4 -> 24 | R9: =J9*Q9 -> 357.6
A10: 45245 | B10: Bull3_Blood_3rd_Vortex1 | D10: Loxodonta africana | E10: Blood | F10: 100 µl | G10: Phenol/Chloroform | H10: 1.84 | I10: 2.09 | J10: 42.1 | K10: - | M10: - | N10: 0.7% gel @ 30V for 2.5h | O10: Lambda DNA/ HindiIII | P10: ≥ 23 130 bp | Q10: =30-2-4 -> 24 | R10: =J10*Q10 -> 1010.4
A11: 45245 | B11: Bull3_Blood_3rd_Vortex2 | D11: Loxodonta africana | E11: Blood | F11: 60 µl & 40 µl H2O | G11: Phenol/Chloroform | H11: 1.11 | I11: 0.9 | J11: 2.1 | K11: - | M11: - | O11: Lambda DNA/ HindiIII | P11: Not visible on gel | Q11: =30-2-4 -> 24 | R11: =J11*Q11 -> 50.4
A12: 45246 | B12: Bull3_Blood_4th_Vortex1 | D12: Loxodonta africana | E12: Blood | F12: 100 µl | G12: Phenol/Chloroform | H12: 1.85 | I12: 2.16 | J12: 241.7 | K12: - | M12: - | O12: Lambda DNA/ HindiIII | P12: ≥ 23 130 bp | Q12: =30-2-4 -> 24 | R12: =J12*Q12 -> 5800.8
A13: 45246 | B13: Bull3_Blood_4th_Vortex2 | D13: Loxodonta africana | E13: Blood | F13: 100 µl | G13: Phenol/Chloroform | H13: 1.84 | I13: 1.92 | J13: 32.2 | K13: - | M13: - | O13: Lambda DNA/ HindiIII | P13: ≥ 23 130 bp | Q13: =30-2-4 -> 24 | R13: =J13*Q13 -> 772.8
A14: 45250 | B14: Bull1_Blood_1st_Vortex1 | D14: Loxodonta africana | E14: Blood | F14: 100 µl | G14: Phenol/Chloroform | H14: 1.84 | I14: 2.35 | J14: 195.3 | K14: 111.2 | M14: - | N14: 0.7% gel @ 30V for 6h | O14: Lambda DNA/ HindiIII | P14: ≥ 23 130 bp | Q14: =30-2-4-0.5-23.5+10 -> 10 | R14: =23.5*J14 -> 4589.55 | S14: =23.5*K14 -> 2613.2
A15: 45250 | B15: Bull1_Blood_1st_Vortex2 | D15: Loxodonta africana | E15: Blood | F15: 100 µl | G15: Phenol/Chloroform | H15: 1.81 | I15: 2.39 | J15: 154.4 | K15: 104.4 | M15: 100 - 29 362bp | O15: Lambda DNA/ HindiIII | P15: ≥ 23 130 bp | Q15: =30-2-4-0.5-2.4-21.1+10-10 -> 0 | R15: =21.1*J15 -> 3257.84 | S15: =21.1*K15 -> 2202.84 | U15: Sample sent to sequencing facility
A16: 45252 | B16: Bull1_Skin_1st_S1 | D16: Loxodonta africana | E16: Skin | F16: N/A (small corner) | G16: Phenol/Chloroform | H16: 1.73 | I16: 1.35 | J16: 64.9 | K16: - | M16: - | N16: 0.7% gel @ 30V for 6h | O16: Lambda DNA/ HindiIII | P16: Not visible on gel | Q16: =30-2-4 -> 24 | R16: =J16*Q16 -> 1557.6 | S16: -
A17: 45252 | B17: Bull1_Skin_1st_S2 | D17: Loxodonta africana | E17: Skin | F17: N/A (inside ear) | G17: Phenol/Chloroform | H17: 1.92 | I17: 1.81 | J17: 63.8 | K17: - | M17: - | O17: Lambda DNA/ HindiIII | P17: ≥ 23 130 bp | Q17: =30-2-4 -> 24 | R17: =J17*Q17 -> 1531.2 | S17: -
A18: 45258 | B18: Bull1_Skin_2nd_S1 | D18: Loxodonta africana | E18: Skin | F18: N/A (inside ear) | G18: Phenol/Chloroform | H18: 1.88 | I18: 1.91 | J18: 224.1 | K18: 168.8 | M18: 100 - 26 739bp | N18: 0.7 | O18: Lambda DNA/ HindiIII | P18: ≥ 23 130 bp | Q18: =30-2-4-0.5-1.5-22+10-10 -> 0 | R18: =22*J18 -> 4930.2 | S18: =22*K18 -> 3713.6 | U18: Sample sent to sequencing facility
A19: 45258 | B19: Bull1_Skin_2nd_S2 | D19: Loxodonta africana | E19: Skin | F19: N/A (outside & piece inside ear) | G19: Phenol/Chloroform | H19: 1.53 | I19: 1.07 | J19: 439 | K19: - | M19: - | O19: Lambda DNA/ HindiIII | P19: 4 361 - 23 130 bp | Q19: =30-2-4 -> 24 | R19: =J19*Q19 -> 10536 | S19: -
A20: 45264 | B20: Bull1_Skin_3rd_S | C20: B1S | D20: Loxodonta africana | E20: Skin | F20: N/A (inside ear; larger; chopped) | G20: Phenol/Chloroform | H20: 1.81 | I20: 2.07 | J20: 733.7 | K20: 69 | L20: 848 | M20: ??? | N20: 0.7 | O20: Lambda DNA/ HindiIII | P20: ≥ 23 130 bp | Q20: =30-2-4-1-1-1-21+50-10-2-38 -> 0 | R20: =J20*Q20 -> 0 | S20: =Q20*K20 -> 0 | T20: =Q20*L20 -> 0 | U20: Sample delivered to Renate on 2024-05-28 → Sample was dry, therfore resuspended in 50 µl H20
A21: 45264 | B21: Bull2_Skin_1st_S | C21: B2S | D21: Loxodonta africana | E21: Skin | F21: N/A (inside ear; larger; chopped) | G21: Phenol/Chloroform | H21: 1.84 | I21: 2.09 | J21: 842.5 | K21: 160 | L21: 284 | M21: 100 - >60 000bp | O21: Lambda DNA/ HindiIII | P21: ≥ 23 130 bp | Q21: =30-2-4-1-1-22 -> 0 | R21: =J21*Q21 -> 0 | S21: =Q21*K21 -> 0 | T21: =Q21*L21 -> 0 | U21: Sample delivered to Renate on 2024-05-28
A22: 45271 | B22: Bull1_Blood_2nd_B1 | D22: Loxodonta africana | E22: Blood | F22: 100 µl | G22: Phenol/Chloroform | H22: 1.82 | I22: 2.34 | J22: 331.6 | K22: 108 | M22: - | O22: Lambda DNA/ HindiIII | P22: ≥ 23 130 bp | Q22: =30-2-4-1-2 -> 21 | R22: =J22*Q22 -> 6963.6 | S22: =Q22*K22 -> 2268
A23: 45271 | B23: Bull2_Blood_2nd_B1 | D23: Loxodonta africana | E23: Blood | F23: 100 µl | G23: Phenol/Chloroform | H23: 1.81 | I23: 2.23 | J23: 49.5 | K23: 18.4 | M23: - | O23: Lambda DNA/ HindiIII | P23: ≥ 23 130 bp | Q23: =30-2-4-1 -> 23 | R23: =J23*Q23 -> 1138.5 | S23: =Q23*K23 -> 423.2
A24: 45271 | B24: Bull1_Blood_2nd_B2 | D24: Loxodonta africana | E24: Blood | F24: 100 µl | G24: Phenol/Chloroform | H24: 1.81 | I24: 2.29 | J24: 639.1 | K24: 224 | M24: - | O24: Lambda DNA/ HindiIII | P24: ≥ 23 130 bp | Q24: =30-2-4-1 -> 23 | R24: =J24*Q24 -> 14699.3 | S24: =Q24*K24 -> 5152
A25: 45271 | B25: Bull2_Blood_2nd_B2 | D25: Loxodonta africana | E25: Blood | F25: 100 µl | G25: Phenol/Chloroform | H25: 1.8 | I25: 2.32 | J25: 95.8 | K25: 86 | L25: 76.4 | M25: - | O25: Lambda DNA/ HindiIII | P25: ≥ 23 130 bp | Q25: =30-2-4-1-1 -> 22 | R25: =J25*Q25 -> 2107.6 | S25: =Q25*K25 -> 1892 | T25: =Q25*L25 -> 1680.8
A26: 45314 | B26: Bull3_Dung_1st_D1 | D26: Loxodonta africana | E26: Dung | F26: 0,04 g | G26: Phenol/Chloroform | H26: 1.17 | I26: 0.45 | J26: 479.2 | K26: - | M26: - | N26: 1.5% gel @ 50V for 26min | O26: 100 bp | Q26: =30-2-4-4-20 -> 0 | R26: =20*J26*0 -> 0 | S26: - | U26: Samples were combined (40µl) and used in the bead purification reaction.
A27: 45314 | B27: Bull3_Dung_1st_D2 | D27: Loxodonta africana | E27: Dung | F27: 0,04 g | G27: Phenol/Chloroform | H27: 1.15 | I27: 0.42 | J27: 595.5 | K27: - | M27: - | O27: 100 bp | Q27: =30-2-4-4-20 -> 0 | R27: =20*J27*0 -> 0 | S27: -
A28: 45328 | B28: Bull3_Dung_2nd_A | D28: Loxodonta africana | E28: Dung | F28: 0,25 g | G28: Phenol/Chloroform | H28: 1.3 | I28: 0.63 | J28: 432.1 | K28: - | M28: - | N28: 1.5 | O28: 100 bp | Q28: =30-6-4 -> 20 | R28: =J28*Q28 -> 8642 | S28: -
A29: 45328 | B29: Bull3_Dung_2nd_I250 | D29: Loxodonta africana | E29: Dung | F29: 0,25 g | G29: Phenol/Chloroform | H29: - | I29: - | J29: - | K29: - | M29: - | N29: - | O29: - | P29: - | Q29: - | R29: - | S29: - | U29: Sample discarded during P/C extraction due to low volume
A30: 45328 | B30: Bull3_Dung_2nd_I500 | D30: Loxodonta africana | E30: Dung | F30: 0,25 g | G30: Phenol/Chloroform | H30: 1.37 | I30: 0.33 | J30: 175.2 | K30: - | M30: - | N30: 1.5 | O30: 100bp | Q30: =30-6-4 -> 20 | R30: =J30*Q30 -> 3504 | S30: -
A31: 45328 | B31: Bull3_Dung_2nd_I1000 | D31: Loxodonta africana | E31: Dung | F31: 0,25 g | G31: Phenol/Chloroform | H31: 1.59 | I31: 0.82 | J31: 94.8 | K31: - | M31: 6267bp | N31: 1.5 | O31: 100bp | Q31: =30-6-4-2 -> 18 | R31: =J31*Q31 -> 1706.4 | S31: -
A32: 45328 | B32: Bull3_Dung_2nd_I/A250 | D32: Loxodonta africana | E32: Dung | F32: 0,25 g | G32: Phenol/Chloroform | H32: 1.34 | I32: 0.62 | J32: 160.8 | K32: - | M32: - | N32: 1.5 | O32: 100bp | Q32: =30-6-4 -> 20 | R32: =J32*Q32 -> 3216 | S32: -
A33: 45328 | B33: Bull3_Dung_2nd_I/A500 | D33: Loxodonta africana | E33: Dung | F33: 0,25 g | G33: Phenol/Chloroform | H33: 1.35 | I33: 0.41 | J33: 103.6 | K33: - | M33: - | N33: 1.5 | O33: 100bp | Q33: =30-6-4 -> 20 | R33: =J33*Q33 -> 2072 | S33: -
A34: 45330 | B34: Bull3_Dung_3rd_D1_I1000 | D34: Loxodonta africana | E34: Dung | F34: 0,25 g | G34: Phenol/Chloroform | H34: 1.5 | I34: 0.61 | J34: 1254.6 | K34: - | M34: - | N34: 1.5 | O34: 100bp | Q34: =30-6 -> 24 | R34: =J34*Q34 -> 30110.4 | S34: -
A35: 45330 | B35: Bull3_Dung_3rd_D2_I1000 | D35: Loxodonta africana | E35: Dung | F35: 0,25 g | G35: Phenol/Chloroform | H35: 1.52 | I35: 0.59 | J35: 1305.5 | K35: - | M35: - | N35: 1.5 | O35: 100bp | Q35: =30-6 -> 24 | R35: =J35*Q35 -> 31332 | S35: -
A36: 45334 | B36: Bull3_Dung_4th_D1_A/Isam | D36: Loxodonta africana | E36: Dung | F36: 0,04 g | G36: Phenol/Chloroform | H36: 1.29 | I36: 0.5 | J36: 395.6 | K36: - | M36: - | N36: 1.5 | O36: 100bp | Q36: =30-6 -> 24 | R36: =J36*Q36 -> 9494.4 | S36: -
A37: 45334 | B37: Bull3_Dung_4th_D2_A/Isup | D37: Loxodonta africana | E37: Dung | F37: 0,04 g | G37: Phenol/Chloroform | H37: 1.25 | I37: 0.46 | J37: 338.9 | K37: - | M37: - | N37: 1.5 | O37: 100bp | Q37: =30-6 -> 24 | R37: =J37*Q37 -> 8133.6 | S37: -
A38: 45334 | B38: Bull3_Dung_4th_D3_A/CD2sup | D38: Loxodonta africana | E38: Dung | F38: 0,04 g | G38: Phenol/Chloroform | H38: 3.29 | I38: 0.4 | J38: 1.9 | K38: - | M38: - | N38: 1.5 | O38: 100bp | Q38: =30-6 -> 24 | R38: =J38*Q38 -> 45.6 | S38: -
A39: 45334 | B39: Bull3_Dung_4th_D4_A/I/CD2sup | D39: Loxodonta africana | E39: Dung | F39: 0,04 g | G39: Phenol/Chloroform | H39: 1.33 | I39: 0.68 | J39: 120.1 | K39: - | M39: - | N39: 1.5 | O39: 100bp | Q39: =30-6 -> 24 | R39: =J39*Q39 -> 2882.4 | S39: -
A40: 45336 | B40: Bull3_Dung_1st_D1 & D2_Bead purification | D40: Loxodonta africana | E40: Dung | F40: "Bull3_Dung_1st_D1 & Bull3_Dung_1st_D2" (2024-01-23) (40 µl) | G40: Bead purification | H40: -1.01 | I40: -7.48 | J40: 18.6 | K40: - | M40: - | N40: 1.5% gel @ 100V for 12min | O40: 100bp | Q40: =25-2-4 -> 19 | R40: =J40*Q40 -> 353.4 | S40: -
A41: 45338 | B41: Bull1_Dung_1st_D1 | D41: Loxodonta africana | E41: Dung | F41: 0.04 g | G41: Phenol/Chloroform | H41: 1.15 | I41: 0.39 | J41: 518.7 | K41: - | M41: - | N41: 1 | O41: 100bp | Q41: =20-2-18 -> 0 | R41: =18*J41*0 -> 0 | S41: - | U41: Samples were comined (D1 & D2; D3 & D4; D5 & D6) and used in gel purification (2024/02/20)
A42: 45338 | B42: Bull1_Dung_1st_D2 | D42: Loxodonta africana | E42: Dung | F42: 0.04 g | G42: Phenol/Chloroform | H42: 1.14 | I42: 0.4 | J42: 421.8 | K42: - | M42: - | O42: 100bp | Q42: =20-2-18 -> 0 | R42: =18*J42*0 -> 0 | S42: -
A43: 45338 | B43: Bull1_Dung_1st_D3 | D43: Loxodonta africana | E43: Dung | F43: 0.04 g | G43: Phenol/Chloroform | H43: 1.14 | I43: 0.4 | J43: 486.2 | K43: - | M43: - | O43: 100bp | Q43: =20-2-18 -> 0 | R43: =18*J43*0 -> 0 | S43: -
A44: 45338 | B44: Bull1_Dung_1st_D4 | D44: Loxodonta africana | E44: Dung | F44: 0.04 g | G44: Phenol/Chloroform | H44: 1.17 | I44: 0.4 | J44: 627.2 | K44: - | M44: - | O44: 100bp | Q44: =20-2-18 -> 0 | R44: =18*J44*0 -> 0 | S44: -
A45: 45338 | B45: Bull1_Dung_1st_D5 | D45: Loxodonta africana | E45: Dung | F45: 0.04 g | G45: Phenol/Chloroform | H45: 1.13 | I45: 0.38 | J45: 578.3 | K45: - | M45: - | O45: 100bp | Q45: =20-2-18 -> 0 | R45: =18*J45*0 -> 0 | S45: -
A46: 45338 | B46: Bull1_Dung_1st_D6 | D46: Loxodonta africana | E46: Dung | F46: 0.04 g | G46: Phenol/Chloroform | H46: 1.16 | I46: 0.4 | J46: 656.4 | K46: - | M46: - | O46: 100bp | Q46: =20-2-18 -> 0 | R46: =18*J46*0 -> 0 | S46: -
A47: 45342 | B47: Bull1_Dung_1st_D1/2 | D47: Loxodonta africana | E47: Dung | F47: 18 µl DNA (20/02/16) | G47: Gel purification | H47: 5.39 | I47: 0.01 | J47: 8.1 | K47: - | M47: - | N47: 1.5% gel @ 100V for 15min | O47: 100bp | Q47: =50-2-4 -> 44 | R47: =J47*Q47 -> 356.4 | S47: -
A48: 45342 | B48: Bull1_Dung_1st_D3/4 | D48: Loxodonta africana | E48: Dung | F48: 18 µl DNA (20/02/16) | G48: Gel purification | H48: 2.32 | I48: 0.02 | J48: 3.2 | K48: - | M48: - | O48: 100bp | Q48: =50-2-4 -> 44 | R48: =J48*Q48 -> 140.8 | S48: -
A49: 45342 | B49: Bull1_Dung_1st_D5/6 | D49: Loxodonta africana | E49: Dung | F49: 18 µl DNA (20/02/16) | G49: Gel purification | H49: 4.4 | I49: 0.01 | J49: 4.8 | K49: - | M49: - | O49: 100bp | Q49: =50-2-4 -> 44 | R49: =J49*Q49 -> 211.2 | S49: -
A50: 45348 | B50: Bull1_Dung_2nd_D1_A | D50: Loxodonta africana | E50: Dung | F50: 0.04 g | G50: Phenol/Chloroform | H50: 1.22 | I50: 0.46 | J50: 279 | K50: - | M50: - | N50: 1.5 | O50: 100 bp | Q50: =30-2-4-4 -> 20 | R50: =J50*Q50 -> 5580 | S50: -
A51: 45348 | B51: Bull1_Dung_2nd_D2_A/CD2RT | D51: Loxodonta africana | E51: Dung | F51: 0.04 g | G51: Phenol/Chloroform | H51: 1.46 | I51: 0.55 | J51: 110 | K51: - | M51: - | N51: 1.5 | O51: 100 bp | Q51: =30-2-4-4 -> 20 | R51: =J51*Q51 -> 2200 | S51: -
A52: 45348 | B52: Bull1_Dung_2nd_D3_A/CD2Ice | D52: Loxodonta africana | E52: Dung | F52: 0.04 g | G52: Phenol/Chloroform | H52: 1.56 | I52: 0.51 | J52: 42.8 | K52: - | M52: - | N52: 1.5 | O52: 100 bp | Q52: =30-2-4-4 -> 20 | R52: =J52*Q52 -> 856 | S52: -
A53: 45348 | B53: Bull1_Dung_2nd_D4_A/InhibitEX | D53: Loxodonta africana | E53: Dung | F53: 0.04 g | G53: Phenol/Chloroform | H53: 1.62 | I53: 0.39 | J53: 188.7 | K53: - | M53: - | N53: 1.5 | O53: 100 bp | Q53: =30-2-4-4 -> 20 | R53: =J53*Q53 -> 3774 | S53: -
A54: 45363 | B54: Bull1_Blood_3rd_B1 | D54: Loxodonta africana | E54: Blood | F54: 100 µl | G54: Phenol/Chloroform | H54: 1.82 | I54: 2.2 | J54: 692.9 | K54: - | M54: - | N54: 0.7 | O54: Lambda DNA/ HindiIII | Q54: =30-2-4-24 -> 0 | R54: =24*J54*0 -> 0 | S54: - | U54: Samples were combined into one sample, namely: "Bull1_Blood_3rd_B1-B4" (2024-03-15)
A55: 45363 | B55: Bull1_Blood_3rd_B2 | D55: Loxodonta africana | E55: Blood | F55: 100 µl | G55: Phenol/Chloroform | H55: 1.89 | I55: 2.34 | J55: 650.6 | K55: - | M55: - | N55: 0.7 | O55: Lambda DNA/ HindiIII | Q55: =30-2-4-24 -> 0 | R55: =24*J55*0 -> 0 | S55: -
A56: 45363 | B56: Bull1_Blood_3rd_B3 | D56: Loxodonta africana | E56: Blood | F56: 100 µl | G56: Phenol/Chloroform | H56: 1.84 | I56: 2.31 | J56: 427 | K56: - | M56: - | N56: 0.7 | O56: Lambda DNA/ HindiIII | Q56: =30-2-4-24 -> 0 | R56: =24*J56*0 -> 0 | S56: -
A57: 45363 | B57: Bull1_Blood_3rd_B4 | D57: Loxodonta africana | E57: Blood | F57: 100 µl | G57: Phenol/Chloroform | H57: 1.87 | I57: 2.06 | J57: 221.2 | K57: - | M57: - | N57: 0.7 | O57: Lambda DNA/ HindiIII | Q57: =30-2-4-24 -> 0 | R57: =24*J57*0 -> 0 | S57: -
A58: 45363 | B58: Bull2_Blood_2nd_B1 | D58: Loxodonta africana | E58: Blood | F58: 100 µl | G58: Phenol/Chloroform | H58: 1.85 | I58: 1.94 | J58: 212.1 | K58: - | M58: - | N58: 0.7 | O58: Lambda DNA/ HindiIII | Q58: =30-2-4-24 -> 0 | R58: =24*J58*0 -> 0 | S58: - | U58: Samples combined (2024-03-19)
A59: 45363 | B59: Bull2_Blood_2nd_B2 | D59: Loxodonta africana | E59: Blood | F59: 100 µl | G59: Phenol/Chloroform | H59: 1.84 | I59: 0.89 | J59: 377.3 | K59: - | M59: - | N59: 0.7 | O59: Lambda DNA/ HindiIII | Q59: =30-2-4-24 -> 0 | R59: =24*J59*0 -> 0 | S59: - | U59: Sample was purified with the method used after DNA extraction
A60: 45363 | B60: Bull2_Blood_2nd_B3 | D60: Loxodonta africana | E60: Blood | F60: 100 µl | G60: Phenol/Chloroform | H60: 1.84 | I60: 0.8 | J60: 489.4 | K60: - | M60: - | N60: 0.7 | O60: Lambda DNA/ HindiIII | Q60: =30-2-4-24 -> 0 | R60: =24*J60*0 -> 0 | S60: - | U60: Sample was purified with the medhod used for sequencing of PCR products
A61: 45363 | B61: Bull2_Blood_2nd_B4 | D61: Loxodonta africana | E61: Blood | F61: 100 µl | G61: Phenol/Chloroform | H61: 1.88 | I61: 1.29 | J61: 1357.4 | K61: - | M61: - | N61: 0.7 | O61: Lambda DNA/ HindiIII | Q61: =30-2-4-24 -> 0 | R61: =24*J61*0 -> 0 | S61: - | U61: Sample was purified with the medhod used for sequencing of PCR products
A62: 45366 | B62: Bull1_Blood_3rd_B1-B4 | C62: B1B | D62: Loxodonta africana | E62: Blood | F62: B1, B2, B3 & B4 (4 x 24 µl) (2024-03-12) | G62: Combine samples | H62: 1.86 | I62: 2.23 | J62: 490 | K62: 312 | M62: ??? | N62: - | O62: - | P62: - | Q62: =24+24+24+24-2-1-1-32 -> 60 | R62: =J62*Q62 -> 29400 | S62: =Q62*K62 -> 18720 | U62: 32 µl aliquot send to Renate to test enzymes on (2024-05-02)
A63: 45366 | B63: Bull2_Blood_2nd_B2_p.DNA | D63: Loxodonta africana | E63: Blood | F63: "Bull2_Blood_2nd_B2" (24 µl) (2024-03-15) | G63: 2nd purification | H63: 1.88 | I63: 0.37 | J63: 34.5 | K63: - | M63: - | N63: - | O63: - | P63: - | Q63: =30-2 -> 28 | R63: =J63*Q63 -> 966 | S63: -
A64: 45366 | B64: Bull2_Blood_2nd_B3_p.PCR | D64: Loxodonta africana | E64: Blood | F64: "Bull2_Blood_2nd_B3" (24 µl) (2024-03-15) | G64: 2nd purification | H64: 1.79 | I64: 2.29 | J64: 175.2 | K64: - | M64: - | N64: - | O64: - | P64: - | Q64: =30-2-28 -> 0 | R64: =28*J64*0 -> 0 | S64: - | U64: Samples combined (2024-03-19)
A65: 45369 | B65: Bull1_Dung_3rd_D1_3xP/C | D65: Loxodonta africana | E65: Dung | F65: 0.04 g | G65: Phenol/Chloroform | H65: 1.16 | I65: 0.44 | J65: 346.7 | K65: - | M65: - | N65: 1.5 | O65: 100 bp | Q65: =30-2-4-24 -> 0 | R65: =J65*Q65 -> 0 | S65: - | U65: 3 Ph & 1 Ch; 1000 µl Abs. EtOH & 45 µl NaAC; -80°C overnight; 1x 70% EtOH wash step
A66: 45369 | B66: Bull1_Dung_3rd_D2_3xP/C & p.PCR | D66: Loxodonta africana | E66: Dung | F66: 0.04 g | G66: Phenol/Chloroform | H66: 1.2 | I66: 0.45 | J66: 256.1 | K66: - | M66: - | N66: 1.5 | O66: 100 bp | Q66: =30-2-4-24 -> 0 | R66: =J66*Q66 -> 0 | S66: - | U66: 3 Ph & 1 Ch; 400 µl Abs. EtOH & 13 µl NaAC → p.PCR; -80°C overnight; 1x 70% EtOH wash step
A67: 45369 | B67: Bull1_Dung_3rd_D3_3xP/C_2x 70% EtOH | D67: Loxodonta africana | E67: Dung | F67: 0.04 g | G67: Phenol/Chloroform | H67: 1.17 | I67: 0.47 | J67: 325.1 | K67: - | M67: - | N67: 1.5 | O67: 100 bp | Q67: =30-2-4-24 -> 0 | R67: =J67*Q67 -> 0 | S67: - | U67: 3 Ph & 1 Ch; 1000 µl Abs. EtOH & 45 µl NaAC; -80°C overnight; 2x 70% EtOH wash step
A68: 45369 | B68: Bull1_Dung_3rd_D4_3xP/C_p.PCR | D68: Loxodonta africana | E68: Dung | F68: 0.04 g | G68: Phenol/Chloroform | H68: 1.16 | I68: 0.39 | J68: 534.2 | K68: - | M68: - | N68: 1.5 | O68: 100 bp | Q68: =30-2-4-24 -> 0 | R68: =J68*Q68 -> 0 | S68: - | U68: 3 Ph & 1 Ch; 1000 µl Abs. EtOH & 45 µl NaAC; -80°C overnight; 10 µl ddH2O + 60 µl Abs EtOH + 2 µl NaAC & 1x 70% EtOH wash step → p.PCR
A69: 45369 | B69: Bull1_Dung_3rd_D5_2xP/C | D69: Loxodonta africana | E69: Dung | F69: 0.04 g | G69: Phenol/Chloroform | H69: 1.16 | I69: 0.39 | J69: 559.4 | K69: - | M69: - | N69: 1.5 | O69: 100 bp | Q69: =30-2-4-24 -> 0 | R69: =J69*Q69 -> 0 | S69: - | U69: 2 Ph & 1 Ch; 1000 µl Abs. EtOH & 45 µl NaAC; -80°C overnight; 1x 70% EtOH wash step
A70: 45369 | B70: Bull1_Dung_3rd_D6_3xP/C.BE.T | D70: Loxodonta africana | E70: Dung | F70: 0.04 g | G70: Phenol/Chloroform | H70: 1.26 | I70: 0.48 | J70: 258.5 | K70: - | M70: - | N70: 1.5 | O70: 100 bp | Q70: =30-2-4-24 -> 0 | R70: =J70*Q70 -> 0 | S70: - | U70: 3 Ph & 1 Ch → Back extraction (Top); 1000 µl Abs. EtOH & 45 µl NaAC; -80°C overnight; 1x 70% EtOH wash step
A71: 45369 | B71: Bull1_Dung_3rd_D6_3xP/C.BE.B | D71: Loxodonta africana | E71: Dung | F71: 0.04 g | G71: Phenol/Chloroform | H71: 1.24 | I71: 0.46 | J71: 265.4 | K71: - | M71: - | N71: 1.5 | O71: 100 bp | Q71: =30-2-4-24 -> 0 | R71: =J71*Q71 -> 0 | S71: - | U71: 3 Ph & 1 Ch → Back extraction (Bottom); 1000 µl Abs. EtOH & 45 µl NaAC; -80°C overnight; 1x 70% EtOH wash step
A72: 45370 | B72: Bull2_Blood_2nd_B4_p.PCR | D72: Loxodonta africana | E72: Blood | F72: Bull2_Blood_2nd_B4 (2024-03-12) (24 µl) | G72: 2nd purification | H72: 1.7 | I72: -2.34 | J72: 7.2 | K72: - | M72: - | N72: - | O72: - | P72: - | Q72: =30-2-28 -> 0 | R72: =28*J72*0 -> 0 | S72: - | U72: Samples combined (2024-03-19)
A73: 45370 | B73: Bull2_Blood_2nd_B1, B3 & B4 | C73: B2B | D73: Loxodonta africana | E73: Blood | F73: Bull2_Blood_2nd_B1 (2024-03-12), B3p.PCR (2024-03-15) & B4p.PCR (2024-03-19) | G73: Combine samples | H73: 1.82 | I73: 2.3 | J73: 111.5 | K73: 68.2 | M73: ??? | N73: - | O73: - | P73: - | Q73: =24+28+28-2-1-1-76 -> 0 | R73: =J73*Q73 -> 0 | S73: =Q73*K73 -> 0 | U73: Sample delivered to Renate on 2024-05-28
A74: 45376 | B74: Bull1_Dung_3rd_D1-D6.T & D6.B | D74: Loxodonta africana | E74: Dung | F74: 2024-03-18 D1 - D6.t & D6.B (24 µl per sample) | G74: Combine samples | H74: 1.19 | I74: 0.49 | J74: 381 | K74: - | M74: - | N74: - | O74: - | P74: - | Q74: =(24*7)-2-141 -> 25 | R74: =J74*Q74 -> 9525 | S74: -
A75: 45376 | B75: Bull1_Dung_3rd_D1-D6.T & D6.B_p.gel 1 | D75: Loxodonta africana | E75: Dung | F75: 2024-03-25 Bull1_Dung_3rd_D1-D6.T & D6.B (141 µl aliquot devided between p.gel 1 & 2) | G75: Gel purification | H75: 3.93 | I75: 0.01 | J75: 9.4 | K75: - | M75: - | N75: 1.5 | O75: 100 bp | Q75: =15+15-2-4-24 -> 0 | R75: =J75*Q75 -> 0 | S75: -
A76: 45376 | B76: Bull1_Dung_3rd_D1-D6.T & D6.B_p.gel 2 | D76: Loxodonta africana | E76: Dung | F76: 2024-03-25 Bull1_Dung_3rd_D1-D6.T & D6.B (141 µl aliquot devided between p.gel 1 & 2) | G76: Gel purification | H76: 3.18 | I76: 0.02 | J76: 14.9 | K76: - | M76: - | N76: 1.5 | O76: 100 bp | Q76: =15+15-2-4-24 -> 0 | R76: =J76*Q76 -> 0 | S76: -
A77: 45377 | B77: Bull1_Dung_3rd_D1-D6.T & D6.B_p.gel 1 & 2 | D77: Loxodonta africana | E77: Dung | F77: 2024-03-25 Bull1_Dung_3rd_D1-D6.T & D6.B_p.gel 1 & 2 | G77: Combine samples | H77: 4.76 | I77: 1.19 | J77: 55.4 | K77: - | M77: - | N77: 1.5 | O77: 100 bp | Q77: =24+24-38-2-4 -> 4 | R77: =J77*Q77 -> 221.6 | S77: -
A78: 45450 | B78: Bull3_Dung_Filtered_1st_8.0µm.f | D78: Loxodonta africana | E78: Dung | F78: 1/8 of the 47 mm membrane filter with a pore size of 8.0 µm | G78: Phenol/Chloroform | H78: 1.21 | I78: 0.54 | J78: 429 | K78: - | L78: - | M78: - | N78: 1.5 | O78: 100 bp | Q78: =30-2-4 -> 24 | R78: =J78*Q78 -> 10296 | S78: - | T78: - | U78: These two samples look very similar on the agarose gel. HMW high intensity white smears can be observed on the outsides of the well. Dark lines extend downward from the well throught the center of the wells.
A79: 45450 | B79: Bull3_Dung_Filtered_1st_8.0µm.p | D79: Loxodonta africana | E79: Dung | F79: Some of the dung powder that have fallen from the membrane filter in the tube | G79: Phenol/Chloroform | H79: 1.18 | I79: 0.49 | J79: 382.8 | K79: - | L79: - | M79: - | N79: 1.5 | O79: 100 bp | Q79: =30-2-4 -> 24 | R79: =J79*Q79 -> 9187.2 | S79: - | T79: -
A80: 45450 | B80: Bull3_Dung_Filtered_1st_0.22µm.f | D80: Loxodonta africana | E80: Dung | F80: 1/8 of the 47 mm membrane filter with a pore size of 1.2 µm | G80: Phenol/Chloroform | H80: 1.61 | I80: 0.42 | J80: 11.2 | K80: - | L80: - | M80: - | N80: 1.5 | O80: 100 bp | Q80: =30-2-4 -> 24 | R80: =J80*Q80 -> 268.8 | S80: - | T80: - | U80: These two samples look very similar on the agarose gel. Very low intensity HMW DNA bands of the same size can be observed for both samples.
A81: 45450 | B81: Bull3_Dung_Filtered_1st_1.2µm.f | D81: Loxodonta africana | E81: Dung | F81: 1/8 of the 47 mm membrane filter with a pore size of 0.22 µm | G81: Phenol/Chloroform | H81: 2.19 | I81: 0.67 | J81: 7.2 | K81: - | L81: - | M81: - | N81: 1.5 | O81: 100 bp | Q81: =30-2-4 -> 24 | R81: =J81*Q81 -> 172.8 | S81: - | T81: -
A82: 45454 | B82: Bull3_Dung_Filtered_2nd_tea sieve_0.04g_1xProK_2h | D82: Loxodonta africana | E82: Dung | F82: 0.04g of solid particles collected on tea sieve; 25µl ProK (20mg/ml); 2h @ 55 C | G82: Phenol/Chloroform | H82: 1.13 | I82: 0.39 | J82: 504 | K82: - | L82: - | M82: - | N82: 1.5 | O82: 100 bp | Q82: =30-2-4+6-4 -> 26 | R82: =J82*Q82 -> 13104 | S82: - | T82: -
A83: 45454 | B83: Bull3_Dung_Filtered_2nd_8.0µm_1/8f_1xProK_2h | D83: Loxodonta africana | E83: Dung | F83: 1/8 of the 47 mm membrane filter with a pore size of 8.0 µm; 25µl ProK (20mg/ml); 2h @ 55 C | G83: Phenol/Chloroform | H83: 1.18 | I83: 0.42 | J83: 572.8 | K83: - | L83: - | M83: - | N83: 1.5 | O83: 100 bp | Q83: =30-2-4+6-4 -> 26 | R83: =J83*Q83 -> 14892.8 | S83: - | T83: -
A84: 45454 | B84: Bull3_Dung_Filtered_2nd_8.0µm_1/8f_2xProK_2h | D84: Loxodonta africana | E84: Dung | F84: 1/8 of the 47 mm membrane filter with a pore size of 8.0 µm; 50µl ProK (20mg/ml); 2h @ 55 C | G84: Phenol/Chloroform | H84: 1.18 | I84: 0.41 | J84: 645.8 | K84: - | L84: - | M84: - | N84: 1.5 | O84: 100 bp | Q84: =30-2-4+6-4 -> 26 | R84: =J84*Q84 -> 16790.8 | S84: - | T84: -
A85: 45454 | B85: Bull3_Dung_Filtered_2nd_8.0µm_1/8f_1xProK_4h | D85: Loxodonta africana | E85: Dung | F85: 1/8 of the 47 mm membrane filter with a pore size of 8.0 µm; 25µl ProK (20mg/ml); 4h @ 55 C | G85: Phenol/Chloroform | H85: 1.21 | I85: 0.43 | J85: 933.3 | K85: - | L85: - | M85: - | N85: 1.5 | O85: 100 bp | Q85: =30-2-4+6-4 -> 26 | R85: =J85*Q85 -> 24265.8 | S85: - | T85: -
A86: 45454 | B86: Bull3_Dung_Filtered_2nd_8.0µm_1/8f_2xProK_4h | D86: Loxodonta africana | E86: Dung | F86: 1/8 of the 47 mm membrane filter with a pore size of 8.0 µm; 50µl ProK (20mg/ml); 4h @ 55 C | G86: Phenol/Chloroform | H86: 1.2 | I86: 0.42 | J86: 821.2 | K86: - | L86: - | M86: - | N86: 1.5 | O86: 100 bp | Q86: =30-2-4+6-4 -> 26 | R86: =J86*Q86 -> 21351.2 | S86: - | T86: -
A87: 45454 | B87: Bull3_Dung_Filtered_2nd_1.2µm_1/4f_1xProK_4h | D87: Loxodonta africana | E87: Dung | F87: 1/4 of the 47 mm membrane filter with a pore size of 1.2 µm; 50µl ProK (20mg/ml); 4h @ 55 C | G87: Phenol/Chloroform | H87: 1.54 | I87: 0.47 | J87: 11.8 | K87: - | L87: - | M87: - | N87: 1.5 | O87: 100 bp | Q87: =30-2-4 -> 24 | R87: =J87*Q87 -> 283.2 | S87: - | T87: -
A88: 45456 | B88: Bull3_Dung_Filtered_2nd_8.0µm_1/8f_1xProK_2h_FT.p | D88: Loxodonta africana | E88: Dung | F88: 26 µl Bull3_Dung_Filtered_2nd_8.0µm_1/8f_1xProK_2h | G88: Filter tip (FT) purification | H88: 1.21 | I88: 0.58 | J88: 465.2 | K88: - | L88: - | M88: - | N88: 1.5 | O88: 100 bp | Q88: =26-2-4 -> 20 | R88: =J88*Q88 -> 9304 | S88: - | T88: -
A89: 45456 | B89: Bull3_Dung_Filtered_2nd_8.0µm_1/8f_2xProK_2h_PCR kit.p | D89: Loxodonta africana | E89: Dung | F89: 26 µl Bull3_Dung_Filtered_2nd_8.0µm_1/8f_2xProK_2h | G89: PCR kit purification | H89: 1.24 | I89: 0.46 | J89: 100.7 | K89: - | L89: - | M89: - | N89: 1.5 | O89: 100 bp | Q89: =50-2-4 -> 44 | R89: =J89*Q89 -> 4430.8 | S89: - | T89: -
A90: 45456 | B90: Bull3_Dung_Filtered_2nd_8.0µm_1/8f_1xProK_4h_0.22µm MCE tube.p | D90: Loxodonta africana | E90: Dung | F90: 26 µl Bull3_Dung_Filtered_2nd_8.0µm_1/8f_1xProK_4h | G90: 0.22 µm MCE tube purification | H90: =1.2-1.2+1.18 -> 1.18 | I90: =0.39-0.39+0.41 -> 0.41 | J90: =74.7-74.7+466.2 -> 466.2 | K90: - | L90: - | M90: - | N90: 1.5 | O90: 100 bp | Q90: =31-6 -> 25 | R90: =J90*300-139860+(Q90*J90) -> 11655 | S90: - | T90: -
A91: 45470 | B91: Bull3_Dung_Filtered2_1st_TS | D91: Loxodonta africana | E91: Dung | F91: 0.056g solid particles collected from the tea strainer (TS) | G91: Phenol/Chloroform | H91: 1.11 | I91: 0.56 | J91: 455.8 | K91: - | L91: - | M91: - | N91: 1.5 | O91: 100 bp | Q91: =30-2-4-2-2-2-2-2 -> 14 | R91: =J91*Q91 -> 6381.2
A92: 45470 | B92: Bull3_Dung_Filtered2_1st_FF | D92: Loxodonta africana | E92: Dung | F92: 0.057g solid particles collected from the funnel filter (FF) | G92: Phenol/Chloroform | H92: 1.13 | I92: 0.57 | J92: 458.8 | K92: - | L92: - | M92: - | N92: 1.5 | O92: 100 bp | Q92: =30-2-4-2-2-2-2-2 -> 14 | R92: =J92*Q92 -> 6423.2
A93: 45470 | B93: Bull3_Dung_Filtered2_1st_100µm | D93: Loxodonta africana | E93: Dung | F93: 1/4 of the 47 mm Nylon net filter with a pore size of 100 µm | G93: Phenol/Chloroform | H93: 1.22 | I93: 0.44 | J93: 659.6 | K93: - | L93: - | M93: - | N93: 1.5 | O93: 100 bp | Q93: =30-2-4-24 -> 0 | R93: =J93*Q93 -> 0
A94: 45470 | B94: Bull3_Dung_Filtered2_1st_8.0µm | D94: Loxodonta africana | E94: Dung | F94: 1/4 of the 47 mm MCE membrane filter with a pore size of 8.0 µm | G94: Phenol/Chloroform | H94: 1.22 | I94: 0.44 | J94: 811.2 | K94: - | L94: - | M94: - | N94: 1.5 | O94: 100 bp | Q94: =30-2-4-2-2-2-2-2 -> 14 | R94: =J94*Q94 -> 11356.8
A95: 45470 | B95: Bull3_Dung_Filtered2_1st_1.2µm | D95: Loxodonta africana | E95: Dung | F95: 1/4 of the 47 mm MCE membrane filter with a pore size of 1.2 µm | G95: Phenol/Chloroform | H95: 1.4 | I95: 0.45 | J95: 36.8 | K95: - | L95: - | M95: - | N95: 1.5 | O95: 100 bp | Q95: =30-2-4-24 -> 0 | R95: =J95*Q95 -> 0
A96: 45470 | B96: Bull3_Dung_Filtered2_1st_0.22µm | D96: Loxodonta africana | E96: Dung | F96: 1/4 of the 47 mm MCE membrane filter with a pore size of 0.22 µm | G96: Phenol/Chloroform | H96: 1.53 | I96: 0.49 | J96: 19.9 | K96: - | L96: - | M96: - | N96: 1.5 | O96: 100 bp | Q96: =30-2-4-2-2-2-2-2 -> 14 | R96: =J96*Q96 -> 278.6
A97: 45470 | B97: Bull3_Dung_Filtered2_1st_filtrate | D97: Loxodonta africana | E97: Dung | F97: 250 µl of the filtrate that passed through the 0.22 µm MCE membrane filter | G97: Phenol/Chloroform | H97: 2.94 | I97: 1.16 | J97: 5.4 | K97: - | L97: - | M97: - | N97: 1.5 | O97: 100 bp | Q97: =30-2-4-2-2-2-2-2 -> 14 | R97: =J97*Q97 -> 75.6
A98: 45475 | B98: Bull3_Dung_Filtered2_1st_100µm.kp | D98: Loxodonta africana | E98: Dung | F98: 24 µl DNA of Bull3_Dung_Filtered2_1st_100µm (2024-06-27) | G98: DNeasy PowerClean Pro Cleanup Kit (QIAGEN) | H98: 1.83 | I98: 1.12 | J98: 43.6 | K98: - | L98: - | M98: - | N98: 1.5 | O98: 100 bp | Q98: =50-2-4-2-2-2-2-2-2 -> 32 | R98: =J98*Q98 -> 1395.2
A99: 45475 | B99: Bull3_Dung_Filtered2_1st_1.2µm.kp | D99: Loxodonta africana | E99: Dung | F99: 25 µl DNA of Bull3_Dung_Filtered2_1st_1.2µm (2024-06-27) | G99: DNeasy PowerClean Pro Kit (QIAGEN) | H99: 4.44 | I99: 0.76 | J99: 3.6 | K99: - | L99: - | M99: - | N99: 1.5 | O99: 100 bp | Q99: =50-2-4-2-2-2-2-2 -> 34 | R99: =J99*Q99 -> 122.4
A100: 45476 | B100: Clean 8.0µm MCE membrane filter_1/8_f | D100: N/A | E100: N/A | F100: 1/8 of clean 8.0µm MCE membrane filter was used | G100: Phenol/Chloroform | H100: 1.53 | I100: 0.78 | J100: 3.3 | K100: - | L100: - | M100: - | N100: 1.5 | O100: 100 bp | Q100: =30-2-4-4 -> 20 | R100: =J100*Q100 -> 66
A101: 45476 | B101: Bull3_Dung_Filtered2_2nd_8.0µm_1/8_f+p | D101: Loxodonta africana | E101: Dung | F101: 1/8 of B3D.f2 8.0µm MCE membrane filter was used | G101: Phenol/Chloroform | H101: 1.2 | I101: 0.58 | J101: 465.2 | K101: - | L101: - | M101: - | N101: 1.5 | O101: 100 bp | Q101: =30-2-4-4 -> 20 | R101: =J101*Q101 -> 9304
A102: 45476 | B102: Bull3_Dung_Filtered2_2nd_8.0µm_1/8_f-p | D102: Loxodonta africana | E102: Dung | F102: 1/8 of B3D.f2 8.0µm MCE membrane filter was used, but the powder on top was scraped off | G102: Phenol/Chloroform | H102: 1.23 | I102: 0.45 | J102: 211.9 | K102: - | L102: - | M102: - | N102: 1.5 | O102: 100 bp | Q102: =30-2-4-4 -> 20 | R102: =J102*Q102 -> 4238
A103: 45485 | B103: Bull3_Dung_Nematode1 | D103: ??? | E103: Nematode | F103: 1/3 of nematode collected from the dung sample of Bull 2 | G103: Phenol/Chloroform
A104: 45485 | B104: Bull3_Dung_Nematode2 | D104: ??? | E104: Nematode | F104: 1/3 of nematode collected from the dung sample of Bull 2 | G104: Phenol/Chloroform
...

Sheet PCR
A2: Date | B2: Sample Name | C2: Organism | D2: F primer name | E2: R primer name | F2: Exp. amplicon (bp) | G2: Sample used | H2: MgCl2 (25mM) (µl) | I2: Buffer (10x) (µl) | J2: dNTPs (2.5mM) (µl) | K2: Taq (µl) | L2: F primer (10pmol) (µl) | M2: R primer (10pmol) (µl) | N2: H2O (µl) | O2: DNA (µl) | P2: Total volume (µl) | Q2: Initial denaturation | R2: Denaturation | S2: Annealing | T2: Elongation | U2: Final Elongation | V2: Amplification (Y/N) | W2: Agarose gel results
A3: 45482 | B3: P1 | C3: Plants | D3: c (A49325) | E3: h (B49466) | F3: 141 (?) | G3: ='DNA extractions'!B91 -> Bull3_Dung_Filtered2_1st_TS | H3: 2.5 | I3: 2.5 | J3: 2.5 | K3: 0.15 | L3: 0.15 | M3: 0.15 | N3: 15.05 | O3: 2 | P3: =25-4-4 -> 17 | Q3: 94°C for 1min | R3: 94°C for 30s | S3: 47°C for 30s | T3: 72°C for 30s | U3: 72°C for 7min | V3: N | W3: 1.5% gel @ 100V for 15min
B4: P2 | G4: ='DNA extractions'!B92 -> Bull3_Dung_Filtered2_1st_FF | P4: =25-4-4 -> 17 | V4: N
B5: P3 | G5: ='DNA extractions'!B98 -> Bull3_Dung_Filtered2_1st_100µm.kp | P5: =25-4-4 -> 17 | V5: Y
B6: P4 | G6: ='DNA extractions'!B94 -> Bull3_Dung_Filtered2_1st_8.0µm | P6: =25-4-4 -> 17 | V6: N
B7: P5 | G7: ='DNA extractions'!B99 -> Bull3_Dung_Filtered2_1st_1.2µm.kp | P7: =25-4-4 -> 17 | V7: Y
B8: P6 | G8: ='DNA extractions'!B96 -> Bull3_Dung_Filtered2_1st_0.22µm | P8: =25-4-4 -> 17 | V8: N
B9: P7 | G9: ='DNA extractions'!B97 -> Bull3_Dung_Filtered2_1st_filtrate | P9: =25-4-4 -> 17 | V9: N
B10: P(-) | G10: - | N10: 17.05 | O10: - | P10: =25-4-4 -> 17 | V10: N
B11: N1 | C11: Namatodes | D11: JB3 | E11: JB4.5 | F11: 366 | G11: Bull3_Dung_Filtered2_1st_TS | H11: 2.5 | I11: 2.5 | J11: 2.5 | K11: 0.15 | L11: 0.15 | M11: 0.15 | N11: 15.05 | O11: 2 | P11: =25-4-4 -> 17 | Q11: 94°C for 1min | R11: 94°C for 30s | S11: 47°C for 30s | T11: 72°C for 30s | U11: 72°C for 7min | V11: N
B12: N2 | G12: Bull3_Dung_Filtered2_1st_FF | P12: =25-4-4 -> 17 | V12: N
B13: N3 | G13: Bull3_Dung_Filtered2_1st_100µm.kp | P13: =25-4-4 -> 17 | V13: N
B14: N4 | G14: Bull3_Dung_Filtered2_1st_8.0µm | P14: =25-4-4 -> 17 | V14: N
B15: N5 | G15: Bull3_Dung_Filtered2_1st_1.2µm.kp | P15: =25-4-4 -> 17 | V15: N
B16: N6 | G16: Bull3_Dung_Filtered2_1st_0.22µm | P16: =25-4-4 -> 17 | V16: N
B17: N7 | G17: Bull3_Dung_Filtered2_1st_filtrate | P17: =25-4-4 -> 17 | V17: N
B18: N(-) | G18: - | N18: 17.05 | O18: - | P18: =25-4-4 -> 17 | V18: N
B19: B1 | C19: Bacteria | D19: 27F | E19: 337R | F19: 210 (?) | G19: Bull3_Dung_Filtered2_1st_TS | H19: 2.5 | I19: 2.5 | J19: 2.5 | K19: 0.15 | L19: 0.15 | M19: 0.15 | N19: 15.05 | O19: 2 | P19: =25-4-4 -> 17 | Q19: 94°C for 1min | R19: 94°C for 30s | S19: 47°C for 30s | T19: 72°C for 30s | U19: 72°C for 7min | V19: N
B20: B2 | G20: Bull3_Dung_Filtered2_1st_FF | P20: =25-4-4 -> 17 | V20: N
B21: B3 | G21: Bull3_Dung_Filtered2_1st_100µm.kp | P21: =25-4-4 -> 17 | V21: Y
B22: B4 | G22: Bull3_Dung_Filtered2_1st_8.0µm | P22: =25-4-4 -> 17 | V22: N
B23: B5 | G23: Bull3_Dung_Filtered2_1st_1.2µm.kp | P23: =25-4-4 -> 17 | V23: Y
B24: B6 | G24: Bull3_Dung_Filtered2_1st_0.22µm | P24: =25-4-4 -> 17 | V24: N
B25: B7 | G25: Bull3_Dung_Filtered2_1st_filtrate | P25: =25-4-4 -> 17 | V25: Y
B26: B(-) | G26: - | N26: 17.05 | O26: - | P26: =25-4-4 -> 17 | V26: Y
B27: F1 | C27: Fungi | D27: ITS1 (1761-1779) | E27: ITS4 (2390-2409) | F27: 648 (?) | G27: Bull3_Dung_Filtered2_1st_TS | H27: 2.5 | I27: 2.5 | J27: 2.5 | K27: 0.15 | L27: 0.15 | M27: 0.15 | N27: 15.05 | O27: 2 | P27: =25-4-4 -> 17 | Q27: 94°C for 1min | R27: 94°C for 30s | S27: 47°C for 30s | T27: 72°C for 30s | U27: 72°C for 7min | V27: N | W27: 1.5% gel @ 100V for 15min
B28: F2 | G28: Bull3_Dung_Filtered2_1st_FF | P28: =25-4-4 -> 17 | V28: N
B29: F3 | G29: Bull3_Dung_Filtered2_1st_100µm.kp | P29: =25-4-4 -> 17 | V29: N
B30: F4 | G30: Bull3_Dung_Filtered2_1st_8.0µm | P30: =25-4-4 -> 17 | V30: N
B31: F5 | G31: Bull3_Dung_Filtered2_1st_1.2µm.kp | P31: =25-4-4 -> 17 | V31: N
B32: F6 | G32: Bull3_Dung_Filtered2_1st_0.22µm | P32: =25-4-4 -> 17 | V32: N
B33: F7 | G33: Bull3_Dung_Filtered2_1st_filtrate | P33: =25-4-4 -> 17 | V33: N
B34: F(-) | G34: - | N34: 17.05 | O34: - | P34: =25-4-4 -> 17 | V34: N
B35: F(+) | G35: Sample received from Markus | N35: 15.05 | O35: 2 | P35: =25-4-4 -> 17 | V35: N
B36: V1 | C36: Vertebrates | D36: vertU V16S-U F | E36: vertU V16S-U R | F36: ??? | G36: Bull3_Dung_Filtered2_1st_TS | H36: 2.5 | I36: 2.5 | J36: 2.5 | K36: 0.15 | L36: 0.15 | M36: 0.15 | N36: 15.05 | O36: 2 | P36: =25-4-4 -> 17 | Q36: 94°C for 1min | R36: 94°C for 30s | S36: 47°C for 30s | T36: 72°C for 30s | U36: 72°C for 7min | V36: N
B37: V2 | G37: Bull3_Dung_Filtered2_1st_FF | P37: =25-4-4 -> 17 | V37: N
B38: V3 | G38: Bull3_Dung_Filtered2_1st_100µm.kp | P38: =25-4-4 -> 17 | V38: Y
B39: V4 | G39: Bull3_Dung_Filtered2_1st_8.0µm | P39: =25-4-4 -> 17 | V39: N
B40: V5 | G40: Bull3_Dung_Filtered2_1st_1.2µm.kp | P40: =25-4-4 -> 17 | V40: N
B41: V6 | G41: Bull3_Dung_Filtered2_1st_0.22µm | P41: =25-4-4 -> 17 | V41: N
B42: V7 | G42: Bull3_Dung_Filtered2_1st_filtrate | P42: =25-4-4 -> 17 | V42: N
B43: V(-) | G43: - | N43: 17.05 | O43: - | P43: =25-4-4 -> 17 | V43: N
B44: V(+) | G44: ='DNA extractions'!B22 -> Bull1_Blood_2nd_B1 | N44: 15.05 | O44: 2 | P44: =25-4-4 -> 17 | V44: Y
A45: 45488 | B45: P 100µm | C45: Plants | D45: c (A49325) | E45: h (B49466) | F45: 141 (?) | G45: Bull3_Dung_Filtered2_1st_100µm.kp | H45: 2.5 | I45: 2.5 | J45: 2.5 | K45: 0.15 | L45: 0.15 | M45: 0.15 | N45: 15.05 | O45: 2 | P45: =25-4 -> 21 | Q45: 94°C for 1min | R45: 94°C for 30s | S45: 50°C for 30s | T45: 72°C for 30s | U45: 72°C for 7min | V45: Y | W45: 1.5% gel @ 100V for 15min
B46: P 1.2µm | G46: Bull3_Dung_Filtered2_1st_1.2µm.kp | P46: =25-4 -> 21 | V46: Y
B47: P (-) | G47: - | N47: 17.05 | O47: - | P47: =25-4 -> 21 | V47: N
B48: P (+)_F | G48: Sample received from Markus | N48: 15.05 | O48: 2 | P48: =25-4 -> 21 | V48: N
B49: P (+)_Am | G49: Mangrove_Am | P49: =25-4 -> 21 | V49: Y
B50: P (+)_Bg | G50: Mangrove_Bg | P50: =25-4 -> 21 | V50: N
B51: P (+)_Ct | G51: Mangrove_Ct | P51: =25-4 -> 21 | V51: N
B52: P (+)_Rm | G52: Mangrove_Rm | P52: =25-4 -> 21 | V52: Y
B53: F 100µm | C53: Fungi | D53: ITS1 (1761-1779) | E53: ITS4 (2390-2409) | F53: 648 (?) | G53: Bull3_Dung_Filtered2_1st_100µm.kp | H53: 2.5 | I53: 2.5 | J53: 2.5 | K53: 0.15 | L53: 0.15 | M53: 0.15 | N53: 15.05 | O53: 2 | P53: =25-4 -> 21 | Q53: 94°C for 1min | R53: 94°C for 30s | S53: 50°C for 30s | T53: 72°C for 30s | U53: 72°C for 7min | V53: N
B54: F 1.2µm | G54: Bull3_Dung_Filtered2_1st_1.2µm.kp | P54: =25-4 -> 21 | V54: N
B55: F (-) | G55: - | O55: - | P55: =25-4 -> 21 | V55: N
B56: F (+)_F | G56: Sample received from Markus | N56: 15.05 | O56: 2 | P56: =25-4 -> 21 | V56: Y
B57: F (+)_Am | G57: Mangrove_Am | P57: =25-4 -> 21 | V57: N
B58: N 100µm | C58: Namatodes | D58: JB3 | E58: JB4.5 | F58: 366 | G58: Bull3_Dung_Filtered2_1st_100µm.kp | H58: 2.5 | I58: 2.5 | J58: 2.5 | K58: 0.15 | L58: 0.15 | M58: 0.15 | N58: 15.05 | O58: 2 | P58: =25-4 -> 21 | Q58: 94°C for 1min | R58: 94°C for 30s | S58: 50°C for 30s | T58: 72°C for 30s | U58: 72°C for 7min | V58: N | W58: 1.5% gel @ 100V for 15min
B59: N 1.2µm | G59: Bull3_Dung_Filtered2_1st_1.2µm.kp | P59: =25-4 -> 21 | V59: N
B60: N (-) | G60: - | N60: - | O60: - | P60: =25-4 -> 21 | V60: N
B61: N (+)_N1 | G61: Bull2_Dung_Nematode1 | N61: 15.05 | O61: 2 | P61: =25-4 -> 21 | V61: N
B62: B 100µm | C62: Bacteria | D62: 27F | E62: 337R | F62: 210 (?) | G62: Bull3_Dung_Filtered2_1st_100µm.kp | H62: 2.5 | I62: 2.5 | J62: 2.5 | K62: 0.15 | L62: 0.15 | M62: 0.15 | N62: 15.05 | O62: 2 | P62: =25-4 -> 21 | Q62: 94°C for 1min | R62: 94°C for 30s | S62: 50°C for 30s | T62: 72°C for 30s | U62: 72°C for 7min | V62: Y
B63: B 1.2µm | G63: Bull3_Dung_Filtered2_1st_1.2µm.kp | P63: =25-4 -> 21 | V63: Y
B64: B (-) | G64: - | N64: - | O64: - | P64: =25-4 -> 21 | V64: Y
B65: B (+) | G65: Sample received from Melandre | N65: 15.05 | O65: 2 | P65: =25-4 -> 21 | V65: Y
A66: 45520 | B66: B3D_f3_TS.PCR | C66: Vertebrates | D66: vertU V16S-U F | E66: vertU V16S-U R | F66: ??? | G66: B3D_f3_TS | H66: 2.5 | I66: 2.5 | J66: 2.5 | K66: 0.15 | L66: 0.15 | M66: 0.15 | N66: 15.05 | O66: 2 | P66: =25-4 -> 21 | Q66: 94°c for 2min | R66: 94°C for 30s | S66: 47°C for 30s | T66: 72°C for 30s | U66: 72°C for 7min | V66: N | W66: 1.5% gel @ 100V for 15min
B67: B3D_f3_TS.qp.PCR | G67: B3D_f3_TS.qp | P67: =25-4 -> 21 | V67: Y
B68: B3D_f3_FF.PCR | G68: B3D_f3_FF | P68: =25-4 -> 21 | V68: N
B69: B3D_f3_FF.qp.PCR | G69: B3D_f3_FF.qp | P69: =25-4 -> 21 | V69: Y
B70: B3D_f3_100µm.PCR | G70: B3D_f3_100µm | P70: =25-4 -> 21 | V70: N
B71: B3D_f3_100µm.qp.PCR | G71: B3D_f3_100µm.qp | P71: =25-4 -> 21 | V71: Y
B72: B3D_f3_41µm.PCR | G72: B3D_f3_41µm | P72: =25-4 -> 21 | V72: N
B73: B3D_f3_41µm.qp.PCR | G73: B3D_f3_41µm.qp | P73: =25-4 -> 21 | V73: Y
B74: B3D_f3_8.0µm.PCR | G74: B3D_f3_8.0µm | P74: =25-4 -> 21 | V74: N
B75: B3D_f3_8.0µm.qp.PCR | G75: B3D_f3_8.0µm.qp | P75: =25-4 -> 21 | V75: Y
B76: B3D_f3_1.2µm.PCR | G76: B3D_f3_1.2µm | P76: =25-4 -> 21 | V76: N
B77: B3D_f3_1.2µm.qp.PCR | G77: B3D_f3_1.2µm.qp | P77: =25-4 -> 21 | V77: N
B78: B3D_f3_0.22µm.PCR | G78: B3D_f3_0.22µm | P78: =25-4 -> 21 | V78: N | W78: 1.5% gel @ 100V for 15min
B79: B3D_f3_0.22µm.qp.PCR | G79: B3D_f3_0.22µm.qp | P79: =25-4 -> 21 | V79: N
B80: B3D_f3_Filtrate.PCR | G80: B3D_f3_Filtrate | P80: =25-4 -> 21 | V80: N
B81: B3D_f3_Filtrate.qp.PCR | G81: B3D_f3_Filtrate.qp | P81: =25-4 -> 21 | V81: N
B82: (-) | G82: - | O82: - | P82: =25-4 -> 21 | V82: N
B83: (+) | G83: Bull1_Blood_2nd_B1 | O83: 2 | P83: =25-4 -> 21 | V83: Y
