Workbook
Name _04_09_2018_10: 'Candidate G1'!#REF!
Name _04_09_2018_11: 'Candidate G1'!#REF!
Name _04_09_2018_12: 'Candidate G1'!#REF!
Name _04_09_2018_13: 'Candidate G1'!#REF!
Name _04_09_2018_14: 'Candidate G1'!#REF!
Name _04_09_2018_15: 'Candidate G1'!#REF!
Name _04_09_2018_16: 'Candidate G1'!#REF!
Name _04_09_2018_17: 'Candidate G1'!#REF!
Name _04_09_2018_18: 'Candidate G1'!#REF!
Name _04_09_2018_19: 'Candidate G1'!#REF!
Name _04_09_2018_20: 'Candidate G1'!#REF!
Name _04_09_2018_21: 'Candidate G1'!#REF!
Name _04_09_2018_22: 'Candidate G1'!#REF!
Name _04_09_2018_23: 'Candidate G1'!#REF!
Name _04_09_2018_24: 'Candidate G1'!#REF!
Name _04_09_2018_3: 'Candidate G1'!#REF!
Name _04_09_2018_4: 'Candidate G1'!#REF!
Name _04_09_2018_7: 'Candidate G1'!#REF!
Name _04_09_2018_8: 'Candidate G1'!#REF!
Name _04_09_2018_9: 'Candidate G1'!#REF!
Name _08_09_2017_10: 'Candidate G1'!#REF!
Name _08_09_2017_11: 'Candidate G1'!#REF!
Name _08_09_2017_12: 'Candidate G1'!#REF!
Name _08_09_2017_13: 'Candidate G1'!#REF!
Name _08_09_2017_14: 'Candidate G1'!#REF!
Name _08_09_2017_15: 'Candidate G1'!#REF!
Name _08_09_2017_16: 'Candidate G1'!#REF!
Name _08_09_2017_17: 'Candidate G1'!#REF!
Name _08_09_2017_18: 'Candidate G1'!#REF!
Name _08_09_2017_19: 'Candidate G1'!#REF!
Name _08_09_2017_20: 'Candidate G1'!#REF!
Name _08_09_2017_21: 'Candidate G1'!#REF!
Name _08_09_2017_22: 'Candidate G1'!#REF!
Name _08_09_2017_23: 'Candidate G1'!#REF!
Name _08_09_2017_24: 'Candidate G1'!#REF!
Name _08_09_2017_25: 'Candidate G1'!#REF!
Name _08_09_2017_5: 'Candidate G1'!#REF!
Name _08_09_2017_6: 'Candidate G1'!#REF!
Name _08_09_2017_7: 'Candidate G1'!#REF!
Name _08_09_2017_8: 'Candidate G1'!#REF!
Name _08_09_2017_9: 'Candidate G1'!#REF!

Sheet General
A1: Hg | B1: Primary Mercury Gas Standard | C1: (PMGS)
A4: Date: | B4: 44749
A5: Operator: | B5: RZ
A6: Analyser: | B6: PSA SG II
A7: Analysis method: | B7: F5min measureAR10
A8: PMGS/Reference Standard: | B8: VSL
A9: Candidate generator: | B9: VSL
A10: Range: | B10: 0.9 – 2.5 ug/m3
A11: Project: | B11: SI-Hg
A12: Remarks:
A16: Instruction: | B16: PMGS sheet for data from primary mercury gas standard
B17: Bell-jar sheet for data from bell-jar injections
B18: Unknown sheet for data from unknown mercury gas generator
B19: Summary sheet to obtain a table for CurveFit calculation
B20: Flow sheet for data from the calibration of the MFC with the BIOS
B21: Fill out the green cells
B22: Blue cells can be used as input for CurveFit
A25: Version: | B25: Description | C25: Date
A26: 1 | B26: New template | C26: 44966

Sheet Candidate G1
A1: Generator: | B1: 1 | C1: 1,2 or 3 | F1: Remarks:
A2: Diffusion cells: | B2: 33 | C2: numbers
A3: Mercury diffusion: | B3: 10.52 | C3: ng min-1
A4: u mercury diffusion: | B4: 0.3156 | C4: ng min-1 | D4: k = 1
A5: Analyser: | B5: PSA SG II
A6: Measurement uncertainty: | B6: 1.5 | C6: % | D6: k = 1
A7: Sample time: | B7: 5 | C7: Min
A8: Sample flow: | B8: 0.6 | C8: L min-1
A9: Total flow: | B9: =B7*B8 -> 3 | C9: L
A11: Sampled via PSA stream selector
A15: Setpoint: | C15: 1 | D15: 2 | E15: 3 | F15: 4 | G15: 5 | H15: 6 | I15: 7 | J15: 8 | K15: 9 | L15: 10
A16: Set point MFC nitrogen: | B16: L min-1 | C16: 0.5 | D16: 0.5 | E16: 0.5 | F16: 0.5 | G16: 0.5 | H16: 0.5
A17: Set point MFC air: | B17: L min-1 | C17: 3 | D17: 3.5 | E17: 4.15 | F17: 5 | G17: 6.3 | H17: 8.25
A18: Total system flow: | B18: L min-1 | C18: =('Flow G1'!$B$12+('Flow G1'!$B$13*(C17))+('Flow G1'!$I$11/1000)) -> 4.1047055 | D18: =('Flow G1'!$B$12+('Flow G1'!$B$13*(D17))+('Flow G1'!$I$11/1000)) -> 4.6490137 | E18: =('Flow G1'!$B$12+('Flow G1'!$B$13*(E17))+('Flow G1'!$I$11/1000)) -> 5.3566144 | F18: =('Flow G1'!$B$12+('Flow G1'!$B$13*(F17))+('Flow G1'!$I$11/1000)) -> 6.2819383 | G18: =('Flow G1'!$B$12+('Flow G1'!$B$13*(G17))+('Flow G1'!$I$11/1000)) -> 7.6971397 | H18: =('Flow G1'!$B$12+('Flow G1'!$B$13*(H17))+('Flow G1'!$I$11/1000)) -> 9.8199416
A19: Mercury concentration: | B19: ng m-3 | C19: =$B$3/C18*1000 -> 2562.9122 | D19: =$B$3/D18*1000 -> 2262.8455 | E19: =$B$3/E18*1000 -> 1963.9271 | F19: =$B$3/F18*1000 -> 1674.6424 | G19: =$B$3/G18*1000 -> 1366.7415 | H19: =$B$3/H18*1000 -> 1071.2895
A20: U mercury concentration (k = 2): | B20: ng m-3
A21: U mercury concentration (k = 2): | B21: %

Sheet Flow G1
A1: MFC: | C1: Air diffusion chamber 1 | H1: MFC: | J1: Nitrogen diffusion chamber 1
A2: Range: | C2: 0.5-25 | D2: L min-1 | H2: Range: | J2: 0.5 | K2: L min-1
A3: Calibration date: | C3: 44648 | H3: Calibration date: | J3: 44648
A4: Data file: | C4: K:\Beheer\Hg\MFC\2022-03-28\2022-03-28 Template_Calibration Hg MFCs.xlsx | H4: Data file: | J4: K:\Beheer\Hg\MFC\2022-03-28\2022-03-28 Template_Calibration Hg MFCs.xlsx
A5: Certificate: | C5: - | H5: Certificate: | J5: -
A7: Calibration coeficients | H7: Calibration coeficients
A10: Model equation y = a[0] + a[1]*x | H10: Set point MFC: | I10: 500 | J10: ml min-1
A11: Regression coefficients: | H11: Read out MFM: | I11: 525.22 | J11: ml min-1
A12: a[0] | B12: 0.31363634 | C12: 0.0027833927
A13: a[1] | B13: 1.0886164 | C13: 0.00072345108

Sheet PMGS G2
A1: Generator: | B1: 2 | C1: 1,2 or 3 | F1: Remarks:
A2: Diffusion cells: | B2: 18, 19, 20 | C2: numbers
A3: Mercury diffusion: | B3: 4.03 | C3: ng min-1
A4: u mercury diffusion: | B4: 0.12 | C4: ng min-1 | D4: k = 1
A5: Analyser: | B5: PSA SG II
A6: Measurement uncertainty: | B6: 1.5 | C6: % | D6: k = 1
A7: Sample time: | B7: 5 | C7: Min
A8: Sample flow: | B8: 0.6 | C8: L min-1
A9: Total flow: | B9: =B7*B8 -> 3 | C9: L
A11: Sampled via PSA stream selector
A15: Setpoint: | C15: 1 | D15: 2 | E15: 3 | F15: 4 | G15: 5 | H15: 6 | I15: 7 | J15: 8 | K15: 9 | L15: 10
A16: Set point MFC nitrogen: | B16: L min-1 | C16: 0.5 | D16: 0.5 | E16: 0.5 | F16: 0.5 | G16: 0.5 | H16: 0.5
A17: Set point MFC air: | B17: L min-1 | C17: 0.74 | D17: 1.01 | E17: 1.37 | F17: 1.93 | G17: 2.8 | H17: 0.74
A18: Total system flow: | B18: L min-1 | C18: =('Flow G2'!$B$12+('Flow G2'!$B$13*(C17)+'Flow G2'!$B$14*C17^2+'Flow G2'!$B$15*'PMGS G2'!C17^3)+('Flow G2'!$I$11/1000)) -> 1.8101642 | D18: =('Flow G2'!$B$12+('Flow G2'!$B$13*(D17)+'Flow G2'!$B$14*D17^2+'Flow G2'!$B$15*'PMGS G2'!D17^3)+('Flow G2'!$I$11/1000)) -> 2.1135988 | E18: =('Flow G2'!$B$12+('Flow G2'!$B$13*(E17)+'Flow G2'!$B$14*E17^2+'Flow G2'!$B$15*'PMGS G2'!E17^3)+('Flow G2'!$I$11/1000)) -> 2.5174852 | F18: =('Flow G2'!$B$12+('Flow G2'!$B$13*(F17)+'Flow G2'!$B$14*F17^2+'Flow G2'!$B$15*'PMGS G2'!F17^3)+('Flow G2'!$I$11/1000)) -> 3.1442319 | G18: =('Flow G2'!$B$12+('Flow G2'!$B$13*(G17)+'Flow G2'!$B$14*G17^2+'Flow G2'!$B$15*'PMGS G2'!G17^3)+('Flow G2'!$I$11/1000)) -> 4.1144486 | H18: =('Flow G2'!$B$12+('Flow G2'!$B$13*(H17)+'Flow G2'!$B$14*H17^2+'Flow G2'!$B$15*'PMGS G2'!H17^3)+('Flow G2'!$I$11/1000)) -> 1.8101642
A19: Mercury concentration: | B19: ng m-3 | C19: =$B$3/C18*1000 -> 2226.3174 | D19: =$B$3/D18*1000 -> 1906.7006 | E19: =$B$3/E18*1000 -> 1600.8039 | F19: =$B$3/F18*1000 -> 1281.7121 | G19: =$B$3/G18*1000 -> 979.47512 | H19: =$B$3/H18*1000 -> 2226.3174
A20: U mercury concentration (k = 2): | B20: ng m-3 | C20: =C19*C21 -> 111.31587 | D20: =D19*D21 -> 95.335028 | E20: =E19*E21 -> 80.040193 | F20: =F19*F21 -> 64.085604 | G20: =G19*G21 -> 48.973756 | H20: =H19*H21 -> 111.31587
A21: U mercury concentration (k = 2): | B21: % | C21: 0.05 | D21: 0.05 | E21: 0.05 | F21: 0.05 | G21: 0.05 | H21: 0.05

Sheet Flow G2
A1: MFC: | C1: Air diffusion chamber 2 | H1: MFC: | J1: Nitrogen diffusion chamber 2
A2: Range: | C2: 0.5 - 25 | D2: L min-1 | H2: Range: | J2: 0.5 | K2: L min-1
A3: Calibration date: | C3: 44648 | H3: Calibration date: | J3: 44648
A4: Data file: | C4: K:\Beheer\Hg\MFC\2022-03-28\2022-03-28 Template_Calibration Hg MFCs.xlsx | H4: Data file: | J4: K:\Beheer\Hg\MFC\2022-03-28\2022-03-28 Template_Calibration Hg MFCs.xlsx
A5: Certificate: | C5: - | H5: Certificate: | J5: -
A7: Calibration coeficients | H7: Calibration coeficients
A10: Model equation y = a[0] + a[1]*x + a[2]*x^2 + a[3]*x^3 | H10: Set point MFC: | I10: 846 | J10: ml min-1
A11: Regression coefficients: | H11: Read out MFM: | I11: 501.4 | J11: ml min-1
A12: a[0] | B12: 0.47475549 | C12: 0.0073608677
A13: a[1] | B13: 1.1294535 | C13: 0.0044697349
A14: a[2] | B14: -0.0033275443 | C14: 0.00057489759
A15: a[3] | B15: 8.7063221e-05 | C15: 1.8028176e-05

Sheet Data
B1: DateTime | C1: Pk Area | D1: Name | E1: Setpoint_candidate | F1: Valid
A2: 0 | B2: 44749.719 | C2: 131.922 | D2: Sample Stream 3A Zero Air | E2: 0 | F2: TRUE
A3: 1 | B3: 44749.723 | C3: 138.713 | D3: Sample Stream 3B Zero Air | E3: 0 | F3: TRUE
A4: 2 | B4: 44749.726 | C4: 118.306 | D4: Sample Stream 3A Zero Air | E4: 0 | F4: TRUE
A5: 3 | B5: 44749.731 | C5: 106.723 | D5: Sample Stream 3B Zero Air | E5: 0 | F5: TRUE
A6: 4 | B6: 44749.734 | C6: 86.16 | D6: Sample Stream 3A Zero Air | E6: 0 | F6: TRUE
A7: 5 | B7: 44749.738 | C7: 82.738 | D7: Sample Stream 3B Zero Air | E7: 0 | F7: TRUE
A8: 6 | B8: 44749.742 | C8: 67.175 | D8: Sample Stream 3A Zero Air | E8: 0 | F8: TRUE
A9: 7 | B9: 44749.745 | C9: 66.993 | D9: Sample Stream 3B Zero Air | E9: 0 | F9: TRUE
A10: 8 | B10: 44749.749 | C10: 50.557 | D10: Sample Stream 3A Zero Air | E10: 0 | F10: TRUE
A11: 9 | B11: 44749.752 | C11: 56.968 | D11: Sample Stream 3B Zero Air | E11: 0 | F11: TRUE
A12: 10 | B12: 44749.756 | C12: 43.531 | D12: Sample Stream 3A Zero Air | E12: 0 | F12: TRUE
A13: 11 | B13: 44749.764 | C13: 10.725 | D13: Sample Stream 3B Zero Air | E13: 0 | F13: TRUE
... A183: 181 | B183: 44753.88 | C183: 5.693 | D183: Sample Stream 3B Zero Air | E183: 0 | F183: TRUE
