Workbook

Sheet RCD-A-12 (ref)
A1: [Header Info Signal 1 COLT 3.0] | G1: Date of Sample Analysis: December 31, 2018
A2: RCD-A-12 (Reference).D | B2: Ram | C2: U:\OEH Shared by All\Lehmler group files\Dhakal, Ram\QuEChERS\GC DATA\Dec 31, 2018-real serum\ | D2: [GC]
A3: 43465.704 | B3: CYPERMETHRIN_SPB1_08232018.M | C3: 51
A4: RCD-A-12 (Reference)
A7: No. | B7: Compounds | C7: Response | D7: RT | E7: RRT | F7: Mass injected [ng] | G7: RRF
A8: 1 | B8: trans-perm (RS) | C8: 248335322 | D8: 44.77 | E8: =D8/$D$9 -> 0.81339365 | F8: 25 | G8: =F8*$C$9/(C8*$F$9) -> 0.74280631
A9: 2 | B9: Deltamethrin-A (IS) | C9: 184465044 | D9: 55.041 | E9: =D9/$D$9 -> 1 | F9: 25 | G9: =F9*$C$9/(C9*$F$9) -> 1
A10: 3 | B10: Deltamethrin-B | C10: 62410522 | D10: 54.028 | E10: =D10/$D$9 -> 0.98159554 | F10: 25 | G10: =F10*$C$10/(C10*$F$10) -> 1
A11: 5 | B11: Alpha-cyp-A | C11: 232011833 | D11: 48.145 | E11: =D11/$D$9 -> 0.87471158 | F11: 25 | G11: =F11*$C$9/(C11*$F$9) -> 0.7950674
A12: 6 | B12: Alpha-cyp-B | C12: 222862327 | D12: 48.822 | E12: =D12/$D$9 -> 0.8870115 | F12: 25 | G12: =F12*$C$9/(C12*$F$9) -> 0.82770851
A13: 7 | B13: Cis-perm (RS) | C13: 234315948 | D13: 43.754 | E13: =D13/$D$9 -> 0.79493469 | F13: 25 | G13: =F13*$C$9/(C13*$F$9) -> 0.78724921
A14: 8 | B14: Alpha-A+alpha-B | C14: =SUM(C11:C12) -> 454874160 | F14: =F11 -> 25 | G14: =F14*$C$9/(C14*$F$9) -> 0.40552984
A15: 9 | B15: Ratio: Alpha-A and B | C15: =SUBSTITUTE(TEXT(C11/C12,"#/#"),"/",":") -> 1:1
B17: Standard type | C17: Analyte | D17: Concentration | F17: Spiked volume(µL) | G17: Notes
B18: NoteBook# RCD-I-29 | C18: Cypermethrin | D18: 1 ug/mL | F18: 100 | G18: prepared by DS, August 31st, 2017 (Acetonitrile)
B19: RS | C19: cis/trans-permethrin | D19: 1 ug/mL | F19: 100 | G19: prepared by RCD, November 29th, 2018 (Acetonitrile)
B20: IS | C20: Deltamethrin-A (IS) | D20: 0.125ug/mL | F20: 200 | G20: prepared by RCD, November 14th, 2018 (Ethyl acetate)
B22: Sample IDs
B23: RCD: Initials of analytical chemist
B24: A for References
B25: F1 etc.: Water blanks
B26: E1 etc.: Plasma blanks
B27: B, C, and D: Ongoing Precision and Recovery (OPR) standard
B28: G1 etc.: Actual samples
B29: 12: Number of the experimental set

Sheet RCD-F1-12 (W-blank)
A1: [Header Info Signal 1 COLT 3.0]
A2: RCD-F1-12 (Water Blank).D | B2: Ram | C2: U:\OEH Shared by All\Lehmler group files\Dhakal, Ram\QuEChERS\GC DATA\Dec 31, 2018-real serum\ | D2: [GC]
A3: 43465.916 | B3: CYPERMETHRIN_SPB1_08232018.M | C3: 56
A4: RCD-F1-12 (Water Blank)
B6: mass of IS | C6: 25
B7: mass of trans-perm(RS) | C7: 25
B8: mass of cis-perm(RS) | C8: 25
B9: mass of sample [g] | C9: 0.2
A11: No. | B11: Compounds | C11: Response | D11: RT | E11: RRT | F11: RRF | G11: Mass [ng] | H11: SURR recovery | I11: Mass [ng]
A12: 1 | B12: trans-perm (RS) | C12: 244101159 | D12: 44.746 | E12: =D12/$D$13 -> 0.8132679 | F12: ='RCD-A-12 (ref)'!G8 -> 0.74280631 | G12: =F12*C12*($C$6/$C$13) -> 18.961834 | H12: =G12/C7 -> 0.75847336
A13: 2 | B13: Deltamethrin-A (IS) | C13: 239058998 | D13: 55.02 | E13: =D13/$D$13 -> 1 | F13: ='RCD-A-12 (ref)'!G9 -> 1 | G13: =C6 -> 25
A14: 3 | B14: Deltamethrin-B | C14: 62315352 | D14: 54.003 | E14: =D14/$D$13 -> 0.98151581 | F14: ='RCD-A-12 (ref)'!G10 -> 1 | G14: =C6 -> 25
A15: 5 | B15: Alpha-cyp-A | C15: 2313730 | D15: 48.041 | E15: =D15/$D$13 -> 0.87315522 | F15: ='RCD-A-12 (ref)'!G11 -> 0.7950674 | G15: =F15*C15*($C$6/$C$13) -> 0.19237629 | I15: =G15 -> 0.19237629
A16: 6 | B16: Alpha-cyp-B | C16: 1664590 | D16: 48.81 | E16: =D16/$D$13 -> 0.88713195 | F16: ='RCD-A-12 (ref)'!G12 -> 0.82770851 | G16: =F16*C16*($C$6/$C$13) -> 0.14408528 | I16: =G16 -> 0.14408528
A17: 7 | B17: Cis-perm (RS) | C17: 228491693 | D17: 43.735 | E17: =D17/$D$13 -> 0.79489277 | F17: ='RCD-A-12 (ref)'!G13 -> 0.78724921 | G17: =F17*C17*($C$6/$C$13) -> 18.811246 | H17: =G17/C8 -> 0.75244984
A18: 8 | B18: Alpha-A+alpha-B | C18: =SUM(C15:C16) -> 3978320 | F18: ='RCD-A-12 (ref)'!G14 -> 0.40552984 | G18: =F18*C18*($C$6/$C$13) -> 0.16871645 | I18: =G18 -> 0.16871645
A19: 9 | B19: Ratio: Alpha-A and B | C19: =SUBSTITUTE(TEXT(C15/C16,"#/#"),"/",":") -> 7:5 | I19: =SUBSTITUTE(TEXT(G15/G16,"#/#"),"/",":") -> 4:3

Sheet RCD-E1-12 (Plasma-blank)
A1: [Header Info Signal 1 COLT 3.0]
A2: RCD-E1-12 (Plasma Blank).D | B2: Ram | C2: U:\OEH Shared by All\Lehmler group files\Dhakal, Ram\QuEChERS\GC DATA\Dec 31, 2018-real serum\ | D2: [GC]
A3: 43465.874 | B3: CYPERMETHRIN_SPB1_08232018.M | C3: 55
A4: RCD-E1-12 (Plasma Blank)
B6: mass of IS | C6: 25
B7: mass of trans-perm(RS) | C7: 25
B8: mass of cis-perm(RS) | C8: 25
B9: mass of sample [g] | C9: 0.2
A11: No. | B11: Compounds | C11: Response | D11: RT | E11: RRT | F11: RRF | G11: Mass [ng] | H11: SURR recovery | I11: Mass [ng]
A12: 1 | B12: trans-perm (RS) | C12: 211661756 | D12: 44.748 | E12: =D12/$D$13 -> 0.81336339 | F12: ='RCD-A-12 (ref)'!G8 -> 0.74280631 | G12: =F12*C12*($C$6/$C$13) -> 16.448434 | H12: =G12/C7 -> 0.65793738
A13: 2 | B13: Deltamethrin-A (IS) | C13: 238964517 | D13: 55.016 | E13: =D13/$D$13 -> 1 | F13: ='RCD-A-12 (ref)'!G9 -> 1 | G13: =C6 -> 25
A14: 3 | B14: Deltamethrin-B | C14: 60372827 | D14: 54.001 | E14: =D14/$D$13 -> 0.98155082 | F14: ='RCD-A-12 (ref)'!G10 -> 1 | G14: =C6 -> 25
A15: 5 | B15: Alpha-cyp-A | C15: 2073141 | D15: 48.023 | E15: =D15/$D$13 -> 0.87289152 | F15: ='RCD-A-12 (ref)'!G11 -> 0.7950674 | G15: =F15*C15*($C$6/$C$13) -> 0.17244054 | I15: =G15 -> 0.17244054
A16: 6 | B16: Alpha-cyp-B | C16: 1579663 | D16: 48.82 | E16: =D16/$D$13 -> 0.88737822 | F16: ='RCD-A-12 (ref)'!G12 -> 0.82770851 | G16: =F16*C16*($C$6/$C$13) -> 0.13678814 | I16: =G16 -> 0.13678814
A17: 7 | B17: Cis-perm (RS) | C17: 190802147 | D17: 43.736 | E17: =D17/$D$13 -> 0.79496874 | F17: ='RCD-A-12 (ref)'!G13 -> 0.78724921 | G17: =F17*C17*($C$6/$C$13) -> 15.714555 | H17: =G17/C8 -> 0.62858219
A18: 8 | B18: Alpha-A+alpha-B | C18: =SUM(C15:C16) -> 3652804 | F18: ='RCD-A-12 (ref)'!G14 -> 0.40552984 | G18: =F18*C18*($C$6/$C$13) -> 0.1549729 | I18: =G18 -> 0.1549729
A19: 9 | B19: Ratio: Alpha-A and B | C19: =SUBSTITUTE(TEXT(C15/C16,"#/#"),"/",":") -> 4:3 | I19: =SUBSTITUTE(TEXT(G15/G16,"#/#"),"/",":") -> 5:4

Sheet RCD-B-12 (OPR spike-B)
A1: [Header Info Signal 1 COLT 3.0]
A2: RCD-B-12(Standard).D | B2: Ram | C2: U:\OEH Shared by All\Lehmler group files\Dhakal, Ram\QuEChERS\GC DATA\Dec 31, 2018-real serum\ | D2: [GC]
A3: 43465.747 | B3: CYPERMETHRIN_SPB1_08232018.M | C3: 52
A4: RCD-B-12(Standard)
B6: mass of IS | C6: 25
B7: mass of trans-perm(RS) | C7: 25
B8: mass of cis-perm(RS) | C8: 25
B9: mass of sample [g] | C9: 0.2
A11: No. | B11: Compounds | C11: Response | D11: RT | E11: RRT | F11: RRF | G11: Mass [ng] | H11: SURR recovery | I11: Mass [ng]
A12: 1 | B12: trans-perm (RS) | C12: 255899111 | D12: 44.761 | E12: =D12/$D$13 -> 0.81365884 | F12: ='RCD-A-12 (ref)'!G8 -> 0.74280631 | G12: =F12*C12*($C$6/$C$13) -> 18.944091 | H12: =G12/C7 -> 0.75776365
A13: 2 | B13: Deltamethrin-A (IS) | C13: 250847970 | D13: 55.012 | E13: =D13/$D$13 -> 1 | F13: ='RCD-A-12 (ref)'!G9 -> 1 | G13: =C6 -> 25
A14: 3 | B14: Deltamethrin-B | C14: 66554753 | D14: 54 | E14: =D14/$D$13 -> 0.98160401 | F14: ='RCD-A-12 (ref)'!G10 -> 1 | G14: =C6 -> 25
A15: 5 | B15: Alpha-cyp-A | C15: 220338950 | D15: 48.133 | E15: =D15/$D$13 -> 0.87495456 | F15: ='RCD-A-12 (ref)'!G11 -> 0.7950674 | G15: =F15*C15*($C$6/$C$13) -> 17.459212 | I15: =G15 -> 17.459212
A16: 6 | B16: Alpha-cyp-B | C16: 215387542 | D16: 48.805 | E16: =D16/$D$13 -> 0.88717007 | F16: ='RCD-A-12 (ref)'!G12 -> 0.82770851 | G16: =F16*C16*($C$6/$C$13) -> 17.767545 | I16: =G16 -> 17.767545
A17: 7 | B17: Cis-perm (RS) | C17: 215402903 | D17: 44.748 | E17: =D17/$D$13 -> 0.81342253 | F17: ='RCD-A-12 (ref)'!G13 -> 0.78724921 | G17: =F17*C17*($C$6/$C$13) -> 16.900253 | H17: =G17/C8 -> 0.67601011
A18: 8 | B18: Alpha-A+alpha-B | C18: =SUM(C15:C16) -> 435726492 | F18: ='RCD-A-12 (ref)'!G14 -> 0.40552984 | G18: =F18*C18*($C$6/$C$13) -> 17.610277 | I18: =G18 -> 17.610277
A19: 9 | B19: Ratio: Alpha-A and B | C19: =SUBSTITUTE(TEXT(C15/C16,"#/#"),"/",":") -> 1:1 | I19: =SUBSTITUTE(TEXT(G15/G16,"#/#"),"/",":") -> 1:1

Sheet RCD-C-12 (OPR spike-C)
A1: [Header Info Signal 1 COLT 3.0]
A2: RCD-C-12 (Standard).D | B2: Ram | C2: U:\OEH Shared by All\Lehmler group files\Dhakal, Ram\QuEChERS\GC DATA\Dec 31, 2018-real serum\ | D2: [GC]
A3: 43465.789 | B3: CYPERMETHRIN_SPB1_08232018.M | C3: 53
A4: RCD-C-12 (Standard)
B6: mass of IS | C6: 25
B7: mass of trans-perm(RS) | C7: 25
B8: mass of cis-perm(RS) | C8: 25
B9: mass of sample [g] | C9: 0.2
A11: No. | B11: Compounds | C11: Response | D11: RT | E11: RRT | F11: RRF | G11: Mass [ng] | H11: SURR recovery | I11: Mass [ng]
A12: 1 | B12: trans-perm (RS) | C12: 221485527 | D12: 44.74 | E12: =D12/$D$13 -> 0.81330667 | F12: ='RCD-A-12 (ref)'!G8 -> 0.74280631 | G12: =F12*C12*($C$6/$C$13) -> 16.773424 | H12: =G12/C7 -> 0.67093697
A13: 2 | B13: Deltamethrin-A (IS) | C13: 245210584 | D13: 55.01 | E13: =D13/$D$13 -> 1 | F13: ='RCD-A-12 (ref)'!G9 -> 1 | G13: =C6 -> 25
A14: 3 | B14: Deltamethrin-B | C14: 65778645 | D14: 53.998 | E14: =D14/$D$13 -> 0.98160334 | F14: ='RCD-A-12 (ref)'!G10 -> 1 | G14: =C6 -> 25
A15: 5 | B15: Alpha-cyp-A | C15: 215499640 | D15: 48.132 | E15: =D15/$D$13 -> 0.87496819 | F15: ='RCD-A-12 (ref)'!G11 -> 0.7950674 | G15: =F15*C15*($C$6/$C$13) -> 17.468326 | I15: =G15 -> 17.468326
A16: 6 | B16: Alpha-cyp-B | C16: 214672580 | D16: 48.804 | E16: =D16/$D$13 -> 0.88718415 | F16: ='RCD-A-12 (ref)'!G12 -> 0.82770851 | G16: =F16*C16*($C$6/$C$13) -> 18.115686 | I16: =G16 -> 18.115686
A17: 7 | B17: Cis-perm (RS) | C17: 205026452 | D17: 43.73 | E17: =D17/$D$13 -> 0.79494637 | F17: ='RCD-A-12 (ref)'!G13 -> 0.78724921 | G17: =F17*C17*($C$6/$C$13) -> 16.455949 | H17: =G17/C8 -> 0.65823795
A18: 8 | B18: Alpha-A+alpha-B | C18: =SUM(C15:C16) -> 430172220 | F18: ='RCD-A-12 (ref)'!G14 -> 0.40552984 | G18: =F18*C18*($C$6/$C$13) -> 17.785496 | I18: =G18 -> 17.785496
A19: 9 | B19: Ratio: Alpha-A and B | C19: =SUBSTITUTE(TEXT(C15/C16,"#/#"),"/",":") -> 1:1 | I19: =SUBSTITUTE(TEXT(G15/G16,"#/#"),"/",":") -> 1:1

Sheet RCD-D-12 (OPR spike-D)
A1: [Header Info Signal 1 COLT 3.0]
A2: RCD-D-12 (Standard).D | B2: Ram | C2: U:\OEH Shared by All\Lehmler group files\Dhakal, Ram\QuEChERS\GC DATA\Dec 31, 2018-real serum\ | D2: [GC]
A3: 43465.831 | B3: CYPERMETHRIN_SPB1_08232018.M | C3: 54
A4: RCD-D-12 (Standard)
B6: mass of IS | C6: 25
B7: mass of trans-perm(RS) | C7: 25
B8: mass of cis-perm(RS) | C8: 25
B9: mass of sample [g] | C9: 0.2
A11: No. | B11: Compounds | C11: Response | D11: RT | E11: RRT | F11: RRF | G11: Mass [ng] | H11: SURR recovery | I11: Mass [ng]
A12: 1 | B12: trans-perm (RS) | C12: 258701123 | D12: 44.744 | E12: =D12/$D$13 -> 0.81334981 | F12: ='RCD-A-12 (ref)'!G8 -> 0.74280631 | G12: =F12*C12*($C$6/$C$13) -> 18.195017 | H12: =G12/C7 -> 0.72780067
A13: 2 | B13: Deltamethrin-A (IS) | C13: 264034968 | D13: 55.012 | E13: =D13/$D$13 -> 1 | F13: ='RCD-A-12 (ref)'!G9 -> 1 | G13: =C6 -> 25
A14: 3 | B14: Deltamethrin-B | C14: 69485417 | D14: 53.996 | E14: =D14/$D$13 -> 0.9815313 | F14: ='RCD-A-12 (ref)'!G10 -> 1 | G14: =C6 -> 25
A15: 5 | B15: Alpha-cyp-A | C15: 250297481 | D15: 48.131 | E15: =D15/$D$13 -> 0.8749182 | F15: ='RCD-A-12 (ref)'!G11 -> 0.7950674 | G15: =F15*C15*($C$6/$C$13) -> 18.84252 | I15: =G15 -> 18.84252
A16: 6 | B16: Alpha-cyp-B | C16: 248651727 | D16: 48.804 | E16: =D16/$D$13 -> 0.88715189 | F16: ='RCD-A-12 (ref)'!G12 -> 0.82770851 | G16: =F16*C16*($C$6/$C$13) -> 19.487111 | I16: =G16 -> 19.487111
A17: 7 | B17: Cis-perm (RS) | C17: 235806742 | D17: 43.735 | E17: =D17/$D$13 -> 0.79500836 | F17: ='RCD-A-12 (ref)'!G13 -> 0.78724921 | G17: =F17*C17*($C$6/$C$13) -> 17.577091 | H17: =G17/C8 -> 0.70308366
A18: 8 | B18: Alpha-A+alpha-B | C18: =SUM(C15:C16) -> 498949208 | F18: ='RCD-A-12 (ref)'!G14 -> 0.40552984 | G18: =F18*C18*($C$6/$C$13) -> 19.158333 | I18: =G18 -> 19.158333
A19: 9 | B19: Ratio: Alpha-A and B | C19: =SUBSTITUTE(TEXT(C15/C16,"#/#"),"/",":") -> 1:1 | I19: =SUBSTITUTE(TEXT(G15/G16,"#/#"),"/",":") -> 1:1

Sheet RCD-G1-12 (actual sample)
A1: [Header Info Signal 1 COLT 3.0]
A2: RCD-G1-12.D | B2: Ram | C2: U:\OEH Shared by All\Lehmler group files\Dhakal, Ram\QuEChERS\GC DATA\Dec 31, 2018-real serum\ | D2: [GC]
A3: 43465.958 | B3: CYPERMETHRIN_SPB1_08232018.M | C3: 57
A4: RCD-G1-12
B6: mass of IS | C6: 25
B7: mass of trans-perm(RS) | C7: 25
B8: mass of cis-perm(RS) | C8: 25
B9: mass of sample [g] | C9: 0.2
A11: No. | B11: Compounds | C11: Response | D11: RT | E11: RRT | F11: RRF | G11: Mass [ng] | H11: SURR recovery | I11: Mass [ng]
A12: 1 | B12: trans-perm (RS) | C12: 255484259 | D12: 44.746 | E12: =D12/$D$13 -> 0.81348968 | F12: ='RCD-A-12 (ref)'!G8 -> 0.74280631 | G12: =F12*C12*($C$6/$C$13) -> 18.657171 | H12: =G12/C7 -> 0.74628686
A13: 2 | B13: Deltamethrin-A (IS) | C13: 254292727 | D13: 55.005 | E13: =D13/$D$13 -> 1 | F13: ='RCD-A-12 (ref)'!G9 -> 1 | G13: =C6 -> 25
A14: 3 | B14: Deltamethrin-B | C14: 59374599 | D14: 53.995 | E14: =D14/$D$13 -> 0.98163803 | F14: ='RCD-A-12 (ref)'!G10 -> 1 | G14: =C6 -> 25
A15: 5 | B15: Alpha-cyp-A | C15: 1465901 | D15: 48.021 | E15: =D15/$D$13 -> 0.87302972 | F15: ='RCD-A-12 (ref)'!G11 -> 0.7950674 | G15: =F15*C15*($C$6/$C$13) -> 0.11458154 | I15: =G15 -> 0.11458154
A16: 6 | B16: Alpha-cyp-B | C16: 2134973 | D16: 48.813 | E16: =D16/$D$13 -> 0.88742842 | F16: ='RCD-A-12 (ref)'!G12 -> 0.82770851 | G16: =F16*C16*($C$6/$C$13) -> 0.17373042 | I16: =G16 -> 0.17373042
A17: 7 | B17: Cis-perm (RS) | C17: 232851562 | D17: 43.73 | E17: =D17/$D$13 -> 0.79501863 | F17: ='RCD-A-12 (ref)'!G13 -> 0.78724921 | G17: =F17*C17*($C$6/$C$13) -> 18.021771 | H17: =G17/C8 -> 0.72087082
A18: 8 | B18: Alpha-A+alpha-B | C18: =SUM(C15:C16) -> 3600874 | F18: ='RCD-A-12 (ref)'!G14 -> 0.40552984 | G18: =F18*C18*($C$6/$C$13) -> 0.14356111 | I18: =G18 -> 0.14356111
A19: 9 | B19: Ratio: Alpha-A and B | C19: =SUBSTITUTE(TEXT(C15/C16,"#/#"),"/",":") -> 2:3 | I19: =SUBSTITUTE(TEXT(G15/G16,"#/#"),"/",":") -> 2:3
